Date Time,Amount,Category,Payment Mode,User Income,Subscription
2023-10-30 22:00:00,3216,Travel,UPI,70000,No
2023-02-05 20:00:00,1295,Food,Net Banking,70000,No
2023-08-13 14:00:00,103,Transport,Card,50000,No
2023-08-05 07:00:00,2960,Travel,Net Banking,70000,No
2023-08-27 22:00:00,2446,Travel,UPI,70000,No
2023-09-19 01:00:00,492,Shopping,Cash,50000,Yes
2023-01-20 10:00:00,4725,Transport,Card,100000,Yes
2023-07-04 10:00:00,3661,Shopping,UPI,30000,Yes
2023-08-21 10:00:00,4427,Entertainment,Card,100000,No
2023-12-13 18:00:00,2457,Travel,Net Banking,30000,No
2023-03-12 05:00:00,872,Transport,Cash,50000,No
2023-02-02 01:00:00,3752,Travel,Cash,100000,Yes
2023-10-17 13:00:00,2989,Entertainment,UPI,100000,No
2023-04-12 09:00:00,4786,Groceries,Card,30000,No
2023-08-10 07:00:00,1081,Entertainment,Cash,30000,No
2023-07-30 11:00:00,2066,Shopping,Card,30000,No
2023-09-25 12:00:00,612,Shopping,Net Banking,30000,No
2023-02-19 08:00:00,2588,Travel,Net Banking,70000,Yes
2023-07-09 19:00:00,390,Shopping,UPI,50000,No
2023-05-22 01:00:00,4617,Transport,Cash,30000,Yes
2023-09-24 12:00:00,3825,Entertainment,Cash,100000,No
2023-12-28 02:00:00,2346,Travel,Card,100000,Yes
2024-01-22 10:00:00,284,Entertainment,Net Banking,100000,No
2023-04-17 14:00:00,1166,Entertainment,Cash,30000,Yes
2023-11-24 01:00:00,1958,Travel,UPI,50000,No
2023-03-27 07:00:00,1467,Groceries,UPI,70000,No
2023-04-25 11:00:00,4969,Shopping,Cash,30000,No
2024-01-17 23:00:00,1341,Food,UPI,30000,No
2024-02-21 14:00:00,3538,Food,Cash,70000,No
2023-01-08 21:00:00,4777,Food,Cash,50000,No
2023-04-24 22:00:00,3704,Shopping,Cash,30000,No
2023-05-06 05:00:00,578,Groceries,Cash,100000,No
2023-07-14 02:00:00,3374,Entertainment,Card,100000,No
2023-03-21 03:00:00,2030,Travel,Cash,30000,No
2023-11-19 06:00:00,2989,Groceries,UPI,50000,No
2023-02-22 19:00:00,1379,Food,Net Banking,100000,No
2023-03-05 16:00:00,1283,Transport,Card,100000,No
2023-05-29 04:00:00,1803,Shopping,Net Banking,70000,No
2023-06-12 02:00:00,2850,Shopping,Net Banking,50000,No
2024-01-04 06:00:00,2983,Travel,Net Banking,30000,No
2023-08-13 17:00:00,2809,Transport,Net Banking,70000,Yes
2024-01-02 08:00:00,2825,Entertainment,Net Banking,70000,No
2023-12-18 09:00:00,3537,Groceries,UPI,70000,No
2023-11-10 01:00:00,3900,Transport,Cash,50000,No
2023-04-19 20:00:00,2577,Groceries,UPI,50000,No
2023-10-21 09:00:00,940,Groceries,Card,50000,No
2024-02-03 03:00:00,2115,Entertainment,UPI,30000,No
2023-09-17 19:00:00,1238,Entertainment,Card,50000,No
2023-08-17 14:00:00,4347,Entertainment,Cash,70000,No
2023-10-23 19:00:00,790,Travel,Net Banking,100000,No
2024-02-07 22:00:00,1419,Shopping,Cash,30000,Yes
2023-02-02 07:00:00,1439,Food,UPI,30000,Yes
2023-12-09 18:00:00,2050,Entertainment,UPI,30000,No
2023-05-12 08:00:00,1521,Shopping,Cash,70000,No
2023-03-08 01:00:00,1586,Entertainment,Cash,50000,No
2023-06-14 07:00:00,368,Food,UPI,70000,No
2023-11-11 19:00:00,2314,Transport,Cash,100000,Yes
2023-05-09 01:00:00,1944,Entertainment,Card,50000,No
2023-02-12 13:00:00,3761,Shopping,Card,100000,No
2023-06-10 03:00:00,4869,Travel,UPI,30000,No
2023-11-29 21:00:00,2872,Transport,UPI,30000,Yes
2024-02-08 20:00:00,4558,Transport,Cash,70000,No
2023-10-14 09:00:00,1325,Transport,Cash,50000,No
2023-08-25 11:00:00,3133,Food,Net Banking,30000,Yes
2023-01-07 17:00:00,450,Shopping,Card,70000,Yes
2023-06-29 01:00:00,773,Groceries,UPI,100000,No
2023-02-11 11:00:00,2379,Groceries,UPI,70000,No
2023-11-14 21:00:00,1185,Groceries,UPI,50000,No
2024-01-30 11:00:00,2820,Travel,UPI,50000,No
2023-02-12 08:00:00,4896,Entertainment,Net Banking,50000,No
2023-11-24 21:00:00,317,Entertainment,Card,30000,No
2023-09-26 07:00:00,619,Entertainment,Net Banking,70000,No
2023-11-25 20:00:00,2606,Travel,Card,100000,No
2023-10-13 23:00:00,2023,Groceries,UPI,50000,No
2023-11-26 20:00:00,595,Transport,Card,70000,No
2023-12-22 09:00:00,2872,Entertainment,UPI,30000,No
2023-02-06 14:00:00,4510,Transport,Net Banking,100000,No
2024-01-22 04:00:00,4692,Transport,Card,100000,No
2023-07-23 15:00:00,320,Travel,Cash,100000,Yes
2023-07-22 11:00:00,788,Travel,Card,30000,No
2023-09-21 19:00:00,1307,Shopping,UPI,50000,No
2023-12-24 03:00:00,108,Entertainment,Cash,30000,Yes
2023-12-28 20:00:00,4231,Groceries,UPI,100000,Yes
2023-10-28 08:00:00,4908,Food,Cash,70000,No
2023-08-08 20:00:00,439,Travel,Cash,100000,No
2023-03-27 22:00:00,768,Transport,Card,70000,No
2023-01-03 16:00:00,4294,Shopping,Card,30000,No
2023-11-30 14:00:00,4728,Food,Cash,30000,Yes
2023-04-18 00:00:00,170,Travel,Cash,30000,Yes
2023-08-16 15:00:00,2702,Shopping,Cash,70000,No
2023-03-26 11:00:00,2353,Transport,UPI,30000,No
2023-04-23 07:00:00,4911,Entertainment,Card,50000,No
2024-02-08 15:00:00,2961,Shopping,UPI,100000,No
2023-08-08 02:00:00,849,Travel,Card,50000,No
2023-08-23 02:00:00,3430,Entertainment,Net Banking,70000,No
2023-10-08 16:00:00,2156,Transport,UPI,30000,No
2023-01-17 07:00:00,1159,Groceries,Card,100000,No
2023-09-03 12:00:00,1300,Shopping,Cash,30000,No
2023-05-29 09:00:00,2690,Food,Cash,30000,Yes
2023-09-15 16:00:00,1699,Transport,Card,100000,No
2023-05-10 03:00:00,1395,Entertainment,Cash,100000,No
2023-09-19 14:00:00,3006,Transport,Cash,50000,No
2023-12-16 16:00:00,2496,Entertainment,Net Banking,50000,No
2023-05-10 08:00:00,3414,Transport,Net Banking,50000,No
2023-10-28 15:00:00,534,Groceries,Net Banking,50000,No
2023-04-13 06:00:00,852,Shopping,UPI,50000,No
2024-01-10 20:00:00,1765,Food,Net Banking,70000,Yes
2023-04-24 19:00:00,1965,Groceries,Net Banking,70000,No
2023-12-06 18:00:00,3533,Shopping,Net Banking,30000,No
2024-02-11 18:00:00,1807,Food,Card,30000,No
2023-07-30 16:00:00,1859,Transport,Cash,50000,No
2023-12-04 22:00:00,3057,Food,Card,30000,No
2023-06-10 00:00:00,3275,Travel,Net Banking,70000,No
2023-02-12 20:00:00,3545,Food,UPI,70000,Yes
2023-11-04 17:00:00,2370,Shopping,Card,30000,No
2023-01-21 22:00:00,1720,Groceries,Net Banking,50000,Yes
2023-10-15 22:00:00,4665,Groceries,UPI,70000,Yes
2024-01-13 14:00:00,1201,Travel,UPI,100000,No
2023-10-17 02:00:00,4797,Shopping,UPI,100000,No
2023-07-07 00:00:00,2273,Food,Cash,30000,Yes
2023-01-09 14:00:00,2717,Travel,UPI,50000,Yes
2023-08-02 22:00:00,260,Transport,Net Banking,30000,No
2023-09-07 01:00:00,2544,Entertainment,Card,50000,Yes
2023-11-18 17:00:00,4731,Transport,Card,50000,No
2023-10-21 03:00:00,4312,Shopping,Net Banking,100000,No
2023-03-03 20:00:00,2557,Travel,Cash,70000,No
2023-11-24 10:00:00,3013,Groceries,Cash,70000,Yes
2023-02-05 23:00:00,3478,Travel,UPI,30000,No
2023-04-27 06:00:00,3425,Entertainment,Net Banking,30000,No
2023-11-05 16:00:00,4005,Shopping,UPI,50000,No
2023-12-31 19:00:00,3755,Travel,UPI,70000,No
2023-08-02 04:00:00,3455,Transport,Net Banking,50000,Yes
2023-09-08 19:00:00,4088,Food,Cash,100000,Yes
2023-03-15 05:00:00,1102,Transport,Cash,100000,No
2023-11-12 14:00:00,763,Shopping,Card,50000,No
2023-09-23 14:00:00,2938,Travel,Net Banking,50000,No
2023-10-15 04:00:00,737,Transport,UPI,50000,Yes
2023-03-11 22:00:00,379,Travel,Net Banking,50000,No
2023-05-16 02:00:00,1796,Transport,UPI,50000,No
2023-07-13 04:00:00,1257,Shopping,Card,100000,No
2023-02-14 03:00:00,2192,Groceries,Card,100000,No
2023-10-05 20:00:00,834,Transport,Card,100000,No
2024-02-18 02:00:00,2746,Food,Card,30000,No
2023-05-12 13:00:00,3870,Transport,UPI,100000,No
2023-09-04 11:00:00,3768,Shopping,Cash,70000,No
2024-02-12 21:00:00,2743,Transport,UPI,70000,No
2023-04-23 05:00:00,675,Food,Card,50000,No
2023-06-01 03:00:00,4284,Food,Cash,100000,No
2024-02-03 03:00:00,3758,Shopping,Net Banking,50000,No
2023-08-16 02:00:00,811,Travel,UPI,50000,No
2023-03-11 07:00:00,4029,Transport,Net Banking,70000,Yes
2024-02-10 01:00:00,3579,Groceries,Card,70000,Yes
2023-08-22 00:00:00,1605,Food,Net Banking,50000,Yes
2023-11-05 00:00:00,3683,Food,Cash,70000,No
2023-02-24 10:00:00,725,Transport,Cash,50000,Yes
2023-10-10 08:00:00,4237,Travel,Cash,50000,Yes
2023-09-02 08:00:00,86,Transport,UPI,50000,No
2024-01-30 18:00:00,3886,Shopping,Net Banking,30000,Yes
2023-11-10 14:00:00,1837,Groceries,Net Banking,70000,No
2024-01-06 21:00:00,2777,Transport,Net Banking,70000,Yes
2023-08-21 07:00:00,3930,Food,Card,100000,No
2023-08-19 10:00:00,1944,Food,UPI,70000,No
2023-07-03 21:00:00,186,Shopping,UPI,100000,No
2023-06-06 04:00:00,3126,Travel,Net Banking,50000,Yes
2023-01-28 15:00:00,3933,Transport,UPI,30000,Yes
2023-03-25 06:00:00,711,Entertainment,Net Banking,50000,No
2023-11-30 02:00:00,1860,Travel,Net Banking,50000,No
2023-03-04 07:00:00,464,Food,Net Banking,50000,No
2023-05-18 16:00:00,392,Transport,Cash,100000,No
2023-06-06 19:00:00,2779,Food,Card,30000,No
2023-08-07 00:00:00,3500,Groceries,UPI,50000,No
2023-03-19 05:00:00,3715,Travel,Card,100000,No
2023-10-02 09:00:00,3787,Entertainment,Cash,50000,No
2023-02-23 19:00:00,3947,Groceries,UPI,30000,No
2023-05-30 05:00:00,4291,Entertainment,Net Banking,50000,Yes
2023-11-11 18:00:00,4468,Groceries,Card,50000,No
2023-10-31 08:00:00,2219,Travel,Cash,70000,No
2023-03-10 04:00:00,1928,Food,UPI,100000,Yes
2023-06-04 00:00:00,4020,Entertainment,UPI,30000,No
2023-01-30 02:00:00,4746,Travel,Card,100000,No
2023-07-17 09:00:00,4620,Entertainment,Card,70000,No
2023-02-05 14:00:00,2667,Travel,UPI,50000,Yes
2023-12-07 04:00:00,1565,Groceries,UPI,30000,No
2023-09-01 23:00:00,624,Travel,Cash,30000,No
2023-11-05 00:00:00,4492,Groceries,Net Banking,100000,No
2023-09-30 00:00:00,2917,Food,Net Banking,50000,No
2023-08-07 17:00:00,3594,Groceries,Cash,70000,No
2023-08-04 12:00:00,4527,Shopping,UPI,50000,No
2023-03-13 03:00:00,121,Food,Card,100000,No
2023-08-30 07:00:00,2618,Transport,Card,30000,No
2024-02-18 13:00:00,3487,Transport,UPI,30000,No
2023-08-19 15:00:00,3030,Travel,Cash,50000,No
2023-07-25 11:00:00,1167,Travel,UPI,50000,No
2023-05-27 06:00:00,2436,Shopping,Card,50000,Yes
2023-01-09 10:00:00,3558,Travel,UPI,50000,No
2023-06-25 18:00:00,1409,Food,UPI,70000,No
2024-01-09 06:00:00,4809,Food,Cash,70000,No
2023-07-02 21:00:00,1565,Groceries,Net Banking,70000,No
2023-04-07 23:00:00,89,Entertainment,Card,70000,No
2023-11-30 12:00:00,1432,Travel,Card,100000,No
2023-05-03 03:00:00,2080,Shopping,UPI,30000,No
2023-11-21 01:00:00,2671,Transport,Card,30000,Yes
2023-01-09 05:00:00,1950,Food,Card,100000,No
2023-10-24 21:00:00,2267,Food,Net Banking,100000,No
2023-03-22 10:00:00,4846,Food,Card,70000,No
2023-09-19 23:00:00,4656,Entertainment,Card,50000,No
2024-01-02 16:00:00,1333,Entertainment,Cash,30000,No
2024-01-25 03:00:00,633,Travel,Cash,100000,No
2023-06-28 10:00:00,508,Transport,Cash,50000,No
2023-04-15 15:00:00,2315,Shopping,Cash,70000,No
2024-02-21 02:00:00,2716,Entertainment,Cash,100000,No
2023-01-28 11:00:00,865,Groceries,Net Banking,30000,No
2023-04-28 03:00:00,2561,Entertainment,Card,30000,No
2023-10-23 18:00:00,296,Food,UPI,30000,Yes
2023-09-30 18:00:00,4875,Shopping,Net Banking,100000,No
2024-02-03 09:00:00,466,Travel,UPI,30000,No
2023-03-24 18:00:00,4513,Entertainment,Cash,70000,No
2023-12-14 10:00:00,3767,Food,Card,30000,Yes
2023-05-02 07:00:00,157,Groceries,Cash,70000,No
2023-03-14 06:00:00,2681,Groceries,Net Banking,30000,No
2023-03-18 19:00:00,888,Travel,UPI,70000,No
2023-12-28 16:00:00,4563,Travel,Card,100000,No
2023-05-05 00:00:00,4966,Entertainment,Net Banking,70000,Yes
2023-03-23 15:00:00,1471,Travel,Net Banking,100000,No
2023-08-28 23:00:00,4828,Transport,Card,50000,No
2023-10-06 22:00:00,3962,Transport,Card,70000,No
2023-04-10 09:00:00,305,Food,Net Banking,100000,No
2023-07-17 08:00:00,2877,Food,UPI,50000,No
2023-03-17 02:00:00,887,Food,UPI,30000,No
2023-12-06 19:00:00,3012,Transport,Net Banking,50000,No
2023-12-05 08:00:00,2332,Entertainment,Net Banking,70000,No
2023-10-03 16:00:00,602,Entertainment,Cash,50000,No
2023-08-19 14:00:00,230,Travel,Cash,30000,No
2023-06-19 05:00:00,4302,Entertainment,UPI,50000,No
2023-01-11 22:00:00,1527,Food,Cash,70000,Yes
2023-09-19 23:00:00,620,Shopping,UPI,70000,No
2024-01-03 07:00:00,1777,Food,Card,100000,No
2024-01-19 16:00:00,641,Transport,Cash,30000,Yes
2023-03-27 09:00:00,4566,Shopping,UPI,30000,Yes
2023-08-14 23:00:00,2310,Travel,UPI,50000,No
2023-07-09 12:00:00,2997,Groceries,Net Banking,30000,No
2023-05-10 12:00:00,397,Entertainment,UPI,70000,No
2023-10-26 06:00:00,215,Entertainment,Cash,50000,No
2023-11-05 08:00:00,4493,Transport,Net Banking,100000,No
2023-05-13 02:00:00,2946,Food,Net Banking,50000,No
2024-02-16 10:00:00,4543,Food,Cash,50000,No
2023-04-04 23:00:00,632,Shopping,Card,100000,No
2023-02-18 02:00:00,3556,Entertainment,Cash,50000,No
2023-07-07 11:00:00,4453,Transport,Cash,30000,No
2023-09-20 07:00:00,3088,Travel,Net Banking,50000,Yes
2023-09-16 05:00:00,2895,Food,Cash,50000,No
2024-02-17 00:00:00,2816,Entertainment,Card,50000,Yes
2023-03-10 16:00:00,4244,Groceries,Card,70000,No
2023-08-19 19:00:00,1315,Transport,Card,70000,No
2024-02-06 13:00:00,4303,Shopping,Net Banking,30000,No
2023-06-24 23:00:00,4699,Food,Cash,100000,No
2023-12-18 21:00:00,4796,Food,UPI,70000,No
2023-04-17 13:00:00,3017,Travel,Cash,70000,No
2023-08-22 00:00:00,2324,Food,Card,30000,Yes
2023-01-05 02:00:00,2520,Transport,Cash,30000,No
2023-04-02 16:00:00,2340,Entertainment,Net Banking,100000,No
2023-05-04 09:00:00,2627,Entertainment,Cash,50000,No
2023-07-27 05:00:00,3710,Entertainment,Net Banking,50000,No
2023-07-04 17:00:00,1118,Groceries,UPI,100000,No
2023-04-30 13:00:00,2786,Groceries,UPI,100000,Yes
2023-02-09 20:00:00,4879,Food,Net Banking,100000,No
2023-12-15 00:00:00,2000,Groceries,Cash,30000,No
2023-08-26 11:00:00,141,Groceries,Card,50000,No
2023-10-17 08:00:00,3143,Travel,Net Banking,100000,Yes
2023-07-07 05:00:00,2269,Groceries,Cash,100000,No
2024-01-31 12:00:00,1437,Shopping,Cash,50000,No
2023-07-24 15:00:00,4324,Shopping,Cash,50000,No
2023-06-16 03:00:00,2335,Shopping,Card,30000,Yes
2024-02-09 23:00:00,3256,Food,Card,70000,Yes
2023-09-08 15:00:00,2974,Entertainment,Card,70000,No
2023-02-20 18:00:00,329,Travel,Net Banking,30000,No
2023-07-07 08:00:00,1668,Food,Net Banking,30000,No
2023-07-17 07:00:00,2837,Entertainment,Card,50000,No
2023-07-09 19:00:00,420,Travel,Net Banking,30000,No
2024-01-17 02:00:00,3233,Travel,Card,30000,No
2023-12-02 10:00:00,3884,Travel,Net Banking,100000,Yes
2023-05-24 14:00:00,1753,Shopping,Cash,30000,No
2023-02-13 13:00:00,2318,Shopping,Card,30000,Yes
2023-10-15 05:00:00,353,Shopping,Net Banking,100000,Yes
2023-03-12 13:00:00,3824,Travel,Cash,50000,Yes
2023-05-24 04:00:00,1398,Transport,Cash,50000,No
2023-12-31 18:00:00,2472,Travel,Net Banking,30000,No
2023-09-03 15:00:00,3678,Shopping,Cash,30000,No
2023-05-20 18:00:00,2478,Travel,UPI,70000,Yes
2023-01-10 09:00:00,3083,Shopping,Card,100000,No
2023-07-23 21:00:00,718,Shopping,Card,70000,Yes
2023-10-20 14:00:00,549,Shopping,Cash,30000,Yes
2024-01-17 07:00:00,1464,Transport,Net Banking,70000,No
2023-08-22 08:00:00,579,Entertainment,UPI,70000,No
2023-11-30 04:00:00,3671,Travel,Net Banking,50000,No
2024-01-11 07:00:00,3506,Food,Card,100000,No
2023-11-17 03:00:00,804,Shopping,Cash,50000,Yes
2023-07-13 10:00:00,2397,Transport,UPI,50000,No
2023-11-16 23:00:00,4960,Food,Cash,70000,No
2023-12-09 00:00:00,776,Entertainment,UPI,100000,Yes
2023-11-02 19:00:00,4876,Travel,Cash,30000,No
2024-01-29 03:00:00,4973,Transport,Net Banking,100000,No
2023-04-02 21:00:00,2699,Shopping,Card,50000,No
2023-02-14 13:00:00,2096,Shopping,Cash,70000,No
2023-05-24 12:00:00,2865,Shopping,Cash,30000,No
2023-02-14 04:00:00,924,Transport,UPI,50000,No
2023-04-07 23:00:00,3329,Food,Net Banking,70000,No
2023-05-23 12:00:00,3034,Entertainment,Net Banking,50000,No
2023-01-13 13:00:00,2228,Travel,UPI,70000,Yes
2023-01-26 06:00:00,3857,Entertainment,Net Banking,100000,No
2023-05-13 02:00:00,657,Shopping,Card,50000,Yes
2023-01-30 03:00:00,684,Entertainment,Cash,100000,No
2023-08-01 00:00:00,4629,Food,UPI,100000,Yes
2024-01-24 19:00:00,2777,Groceries,Net Banking,70000,No
2023-01-08 22:00:00,1124,Groceries,Card,30000,Yes
2023-02-10 20:00:00,1964,Travel,Card,100000,Yes
2023-05-04 23:00:00,638,Travel,Net Banking,50000,Yes
2023-09-12 06:00:00,3281,Entertainment,Net Banking,50000,No
2023-02-19 08:00:00,2354,Travel,UPI,70000,No
2023-05-19 15:00:00,3888,Transport,Net Banking,100000,No
2023-05-22 10:00:00,2023,Food,UPI,30000,No
2023-12-13 15:00:00,2105,Shopping,Cash,30000,No
2023-03-17 16:00:00,3530,Shopping,Card,50000,No
2023-09-01 22:00:00,2129,Entertainment,UPI,70000,No
2023-10-07 13:00:00,3102,Shopping,Card,100000,Yes
2023-01-24 17:00:00,4532,Entertainment,Cash,50000,Yes
2023-08-15 18:00:00,1301,Travel,Net Banking,70000,No
2023-03-20 23:00:00,3845,Travel,UPI,30000,No
2023-04-24 21:00:00,3872,Transport,Net Banking,50000,Yes
2023-06-10 23:00:00,4352,Transport,Card,70000,No
2023-11-07 15:00:00,3439,Food,UPI,30000,Yes
2023-06-17 06:00:00,1830,Shopping,Cash,70000,No
2023-03-12 06:00:00,2654,Transport,Cash,50000,No
2023-05-06 09:00:00,3738,Food,Net Banking,100000,No
2023-11-22 06:00:00,4938,Groceries,Cash,70000,No
2023-01-07 10:00:00,1774,Transport,Cash,100000,No
2023-02-28 17:00:00,2834,Food,Net Banking,50000,Yes
2023-02-02 16:00:00,3769,Entertainment,Net Banking,30000,No
2023-12-04 08:00:00,1727,Entertainment,UPI,70000,No
2023-11-12 00:00:00,498,Food,UPI,30000,No
2023-11-02 23:00:00,4737,Travel,Net Banking,100000,No
2023-10-28 06:00:00,131,Groceries,Card,100000,Yes
2023-08-22 04:00:00,1456,Food,Card,30000,No
2023-08-30 17:00:00,1530,Transport,UPI,50000,No
2023-04-27 22:00:00,1129,Travel,UPI,100000,Yes
2023-01-23 09:00:00,3648,Food,Net Banking,50000,No
2023-09-07 10:00:00,4564,Shopping,Card,30000,No
2023-03-18 17:00:00,4233,Transport,Net Banking,50000,No
2023-12-30 04:00:00,3730,Transport,UPI,100000,No
2023-10-18 11:00:00,2753,Entertainment,Cash,30000,No
2023-08-23 09:00:00,4360,Shopping,Cash,50000,No
2023-05-03 22:00:00,3806,Shopping,Cash,50000,No
2023-11-30 00:00:00,1808,Transport,Net Banking,70000,No
2023-07-19 04:00:00,2649,Groceries,Card,100000,Yes
2023-04-09 16:00:00,2600,Travel,UPI,70000,No
2023-10-05 07:00:00,3903,Entertainment,Card,50000,No
2023-12-07 13:00:00,2796,Shopping,Card,100000,No
2023-07-07 07:00:00,2342,Entertainment,UPI,30000,Yes
2024-01-17 19:00:00,1551,Transport,Card,30000,No
2023-09-08 02:00:00,4454,Travel,Cash,30000,No
2023-10-03 14:00:00,280,Food,UPI,50000,No
2024-01-25 22:00:00,4300,Shopping,Cash,50000,No
2023-09-04 15:00:00,1248,Travel,Net Banking,30000,No
2023-02-05 13:00:00,164,Entertainment,Cash,70000,No
2023-06-22 18:00:00,1463,Transport,Net Banking,70000,No
2023-06-07 01:00:00,4456,Travel,Net Banking,100000,Yes
2023-01-24 22:00:00,1042,Food,UPI,100000,No
2023-02-17 20:00:00,2397,Travel,Cash,30000,No
2023-09-20 05:00:00,1091,Transport,Cash,50000,Yes
2023-09-27 01:00:00,61,Entertainment,Cash,50000,No
2023-11-09 21:00:00,3726,Shopping,UPI,100000,Yes
2024-02-17 19:00:00,4875,Shopping,Net Banking,30000,No
2023-07-19 01:00:00,3115,Groceries,Net Banking,100000,No
2023-06-10 14:00:00,2086,Entertainment,Net Banking,70000,No
2023-04-14 19:00:00,3096,Groceries,UPI,30000,No
2023-05-11 04:00:00,2400,Groceries,UPI,30000,Yes
2023-08-26 03:00:00,590,Transport,Card,30000,No
2023-05-08 03:00:00,2910,Transport,Cash,70000,No
2023-01-01 04:00:00,126,Transport,Net Banking,30000,No
2023-08-06 14:00:00,3117,Food,Card,100000,No
2023-08-10 11:00:00,73,Entertainment,Card,70000,No
2023-07-22 21:00:00,725,Shopping,Cash,50000,No
2023-02-06 12:00:00,2444,Entertainment,UPI,100000,No
2024-01-18 15:00:00,4317,Transport,Card,100000,No
2023-10-20 19:00:00,3448,Food,UPI,100000,No
2023-06-22 14:00:00,2809,Entertainment,UPI,70000,No
2023-10-18 06:00:00,538,Entertainment,Cash,100000,Yes
2023-10-22 23:00:00,1535,Groceries,Card,70000,No
2023-11-29 19:00:00,3709,Entertainment,Net Banking,30000,Yes
2023-10-11 07:00:00,3285,Groceries,Card,50000,No
2023-07-06 01:00:00,2469,Groceries,Net Banking,30000,No
2023-01-27 11:00:00,3545,Travel,Net Banking,100000,Yes
2023-03-12 13:00:00,806,Transport,UPI,70000,No
2024-02-16 10:00:00,2574,Food,Net Banking,70000,Yes
2023-07-18 00:00:00,4300,Groceries,Cash,30000,Yes
2023-12-13 07:00:00,306,Entertainment,Card,100000,No
2023-02-04 14:00:00,1829,Groceries,UPI,50000,No
2023-08-04 17:00:00,4819,Groceries,UPI,70000,No
2024-02-03 09:00:00,2165,Groceries,Net Banking,70000,No
2024-01-08 04:00:00,3398,Shopping,UPI,100000,No
2023-12-13 04:00:00,4818,Shopping,Cash,70000,Yes
2023-09-05 21:00:00,1522,Shopping,Cash,100000,No
2023-04-29 06:00:00,308,Shopping,UPI,100000,No
2023-02-17 22:00:00,4125,Travel,UPI,50000,Yes
2023-11-12 00:00:00,356,Groceries,Cash,100000,Yes
2023-03-22 11:00:00,1168,Travel,Net Banking,30000,No
2024-01-19 12:00:00,3067,Entertainment,UPI,50000,No
2023-03-11 08:00:00,4391,Transport,Net Banking,100000,No
2023-02-15 01:00:00,2830,Food,UPI,100000,No
2023-01-22 08:00:00,1708,Travel,Cash,50000,No
2023-11-22 05:00:00,236,Shopping,UPI,70000,Yes
2023-08-07 05:00:00,1847,Shopping,UPI,50000,No
2023-01-24 07:00:00,974,Entertainment,UPI,70000,No
2023-06-03 00:00:00,834,Groceries,Cash,50000,No
2023-11-05 12:00:00,3494,Food,Cash,50000,No
2023-05-20 07:00:00,3246,Travel,Cash,30000,Yes
2023-06-19 14:00:00,1410,Groceries,Card,50000,No
2024-02-07 14:00:00,390,Groceries,Card,30000,No
2023-01-25 04:00:00,612,Transport,Card,100000,No
2023-10-19 20:00:00,4796,Transport,Card,70000,No
2023-12-05 18:00:00,3049,Travel,Cash,70000,No
2023-05-12 03:00:00,1243,Travel,UPI,30000,No
2023-06-27 01:00:00,3160,Travel,Cash,70000,No
2023-03-11 23:00:00,118,Travel,Card,70000,No
2023-05-27 02:00:00,2478,Shopping,Net Banking,50000,No
2023-10-30 05:00:00,3648,Groceries,Net Banking,30000,No
2023-04-25 08:00:00,2422,Groceries,Cash,70000,No
2024-01-29 03:00:00,4606,Shopping,UPI,100000,No
2023-08-05 04:00:00,893,Groceries,Card,30000,Yes
2023-03-31 05:00:00,623,Travel,UPI,50000,Yes
2023-10-03 17:00:00,4264,Food,UPI,100000,No
2023-04-14 07:00:00,2646,Transport,UPI,70000,Yes
2023-09-28 04:00:00,4791,Transport,Card,70000,No
2024-02-14 11:00:00,1528,Groceries,Cash,30000,No
2023-11-06 05:00:00,2123,Food,Card,70000,Yes
2024-02-19 13:00:00,1563,Transport,Card,30000,No
2023-07-05 12:00:00,1018,Food,Cash,70000,No
2023-09-03 01:00:00,2246,Shopping,Cash,100000,No
2023-10-05 17:00:00,1561,Entertainment,Cash,50000,No
2023-04-29 17:00:00,704,Groceries,Net Banking,100000,No
2023-11-04 22:00:00,3042,Shopping,Net Banking,50000,Yes
2023-10-15 17:00:00,4700,Shopping,Cash,30000,No
2023-04-14 17:00:00,4570,Food,UPI,70000,No
2024-02-14 07:00:00,342,Groceries,Net Banking,100000,No
2024-01-19 15:00:00,2651,Shopping,Card,70000,No
2024-02-02 12:00:00,4576,Travel,Card,30000,No
2023-07-12 03:00:00,4462,Shopping,Net Banking,50000,No
2023-04-29 07:00:00,4543,Travel,Card,100000,No
2023-12-22 07:00:00,1638,Entertainment,Cash,50000,No
2023-09-02 22:00:00,645,Travel,Card,50000,No
2024-01-14 15:00:00,2643,Travel,Net Banking,30000,No
2023-09-20 15:00:00,2173,Food,UPI,50000,No
2023-02-05 11:00:00,1993,Shopping,Card,30000,No
2023-03-12 07:00:00,965,Entertainment,Card,50000,No
2023-10-12 17:00:00,3919,Shopping,UPI,50000,No
2023-04-12 03:00:00,2844,Travel,Net Banking,100000,No
2024-02-11 16:00:00,3128,Transport,UPI,30000,No
2023-06-16 16:00:00,1025,Travel,Card,70000,No
2023-07-30 12:00:00,1125,Shopping,Net Banking,70000,No
2023-04-25 02:00:00,3039,Entertainment,Cash,70000,No
2023-08-27 20:00:00,3517,Transport,Net Banking,100000,No
2023-08-13 11:00:00,1501,Entertainment,Net Banking,100000,Yes
2023-11-30 10:00:00,3873,Food,Cash,50000,No
2023-08-19 16:00:00,3982,Travel,Net Banking,50000,No
2023-06-13 01:00:00,2078,Travel,Card,70000,No
2023-02-14 10:00:00,412,Food,Card,50000,No
2023-11-18 19:00:00,2479,Shopping,Card,50000,No
2023-07-02 12:00:00,3682,Travel,Card,100000,No
2023-06-21 03:00:00,2368,Shopping,Cash,70000,No
2023-08-27 14:00:00,3135,Entertainment,Card,30000,Yes
2023-05-21 13:00:00,2395,Transport,Net Banking,70000,No
2024-01-08 17:00:00,3648,Transport,UPI,100000,No
2023-03-28 18:00:00,4379,Transport,Cash,70000,No
2024-01-09 15:00:00,1781,Groceries,Cash,30000,No
2023-10-09 04:00:00,76,Food,UPI,50000,No
2024-02-14 01:00:00,142,Transport,Card,70000,No
2023-01-18 09:00:00,2714,Travel,Card,100000,No
2023-12-13 02:00:00,358,Food,Net Banking,100000,No
2024-01-03 00:00:00,101,Entertainment,Card,70000,No
2023-06-15 14:00:00,368,Entertainment,Card,50000,Yes
2023-05-17 03:00:00,2042,Entertainment,Net Banking,50000,No
2023-02-04 09:00:00,4326,Entertainment,Card,100000,Yes
2023-11-16 12:00:00,3941,Groceries,UPI,100000,No
2023-08-28 09:00:00,4792,Shopping,Card,30000,No
2024-02-09 12:00:00,4006,Shopping,UPI,50000,No
2023-01-18 04:00:00,2742,Transport,UPI,70000,No
2023-11-11 07:00:00,3068,Groceries,UPI,100000,No
2023-11-13 03:00:00,2074,Shopping,Card,100000,No
2023-01-31 08:00:00,4481,Entertainment,Card,100000,No
2023-10-26 12:00:00,1575,Shopping,Cash,100000,No
2024-01-05 11:00:00,1328,Food,Net Banking,50000,No
2023-09-07 12:00:00,563,Transport,Net Banking,100000,No
2023-04-15 08:00:00,4387,Shopping,Cash,50000,Yes
2023-05-04 15:00:00,1783,Food,UPI,30000,No
2023-04-27 02:00:00,3420,Travel,Net Banking,30000,No
2023-02-16 18:00:00,3971,Food,Cash,70000,Yes
2023-06-19 23:00:00,2550,Food,UPI,100000,Yes
2023-03-07 11:00:00,3514,Entertainment,Cash,70000,Yes
2023-07-31 09:00:00,2309,Entertainment,Card,50000,No
2023-08-01 16:00:00,4813,Transport,Card,70000,No
2023-03-31 07:00:00,4739,Entertainment,UPI,70000,No
2024-02-16 15:00:00,2709,Food,UPI,100000,No
2023-10-11 14:00:00,305,Groceries,Card,50000,No
2023-11-03 13:00:00,1552,Entertainment,Net Banking,50000,No
2023-05-24 08:00:00,4706,Entertainment,Net Banking,100000,Yes
2023-06-06 22:00:00,2160,Food,Card,50000,No
2023-08-24 04:00:00,456,Travel,Net Banking,30000,No
2023-05-02 10:00:00,2899,Travel,Card,100000,No
2023-07-27 00:00:00,3226,Shopping,Cash,100000,No
2023-09-04 13:00:00,1910,Transport,Cash,100000,No
2024-01-02 03:00:00,4404,Travel,Cash,30000,Yes
2023-01-31 08:00:00,772,Entertainment,Net Banking,50000,Yes
2023-02-26 21:00:00,1332,Groceries,Cash,30000,No
2023-07-07 04:00:00,663,Shopping,UPI,30000,No
2023-01-30 02:00:00,3381,Transport,UPI,30000,No
2023-10-27 10:00:00,3166,Groceries,Cash,70000,No
2023-01-17 11:00:00,2028,Groceries,UPI,50000,Yes
2023-11-05 08:00:00,862,Entertainment,Cash,50000,No
2023-12-03 18:00:00,1836,Food,Cash,100000,No
2023-06-23 19:00:00,380,Food,Card,100000,No
2023-07-01 16:00:00,2262,Food,Cash,70000,No
2023-04-15 06:00:00,1266,Travel,UPI,30000,No
2023-01-30 21:00:00,4532,Food,Net Banking,100000,No
2023-04-26 22:00:00,3387,Transport,Cash,50000,No
2023-07-26 02:00:00,2425,Entertainment,Card,100000,No
2023-08-17 14:00:00,1290,Travel,UPI,30000,No
2023-12-14 07:00:00,369,Transport,Card,70000,No
2023-07-27 12:00:00,4544,Food,Cash,30000,No
2023-10-30 18:00:00,1964,Transport,Cash,100000,No
2023-07-07 03:00:00,4250,Groceries,Cash,70000,No
2023-10-27 16:00:00,4841,Entertainment,Cash,70000,No
2023-08-21 20:00:00,379,Entertainment,UPI,30000,No
2023-11-15 19:00:00,709,Transport,Net Banking,100000,Yes
2023-06-01 12:00:00,3738,Shopping,Cash,30000,Yes
2023-02-18 15:00:00,3168,Entertainment,Card,100000,No
2023-02-14 06:00:00,4966,Groceries,UPI,100000,Yes
2023-03-31 20:00:00,2022,Entertainment,UPI,50000,No
2023-11-24 12:00:00,1843,Shopping,UPI,70000,No
2023-08-04 01:00:00,3268,Entertainment,Card,100000,No
2023-08-10 01:00:00,4607,Entertainment,Net Banking,30000,No
2023-09-30 13:00:00,2583,Shopping,Card,30000,No
2023-07-17 01:00:00,2507,Entertainment,Card,50000,No
2024-01-25 12:00:00,3150,Transport,Card,50000,No
2023-11-02 10:00:00,4416,Travel,Cash,50000,No
2023-08-11 06:00:00,2783,Transport,Cash,70000,Yes
2024-01-07 20:00:00,4530,Entertainment,Card,50000,No
2023-06-30 10:00:00,4205,Food,Card,70000,No
2023-11-30 18:00:00,269,Food,Cash,50000,No
2023-10-11 09:00:00,2868,Travel,Cash,70000,No
2023-07-21 22:00:00,1956,Entertainment,Net Banking,100000,No
2023-10-08 11:00:00,2661,Groceries,Card,50000,No
2023-10-29 17:00:00,2643,Entertainment,UPI,70000,No
2023-02-09 17:00:00,145,Food,Net Banking,100000,No
2023-04-16 19:00:00,1038,Shopping,UPI,50000,No
2023-10-22 00:00:00,1162,Travel,Net Banking,100000,No
2023-03-06 06:00:00,2328,Shopping,Card,50000,Yes
2023-08-09 13:00:00,295,Groceries,UPI,30000,Yes
2023-02-19 15:00:00,2208,Entertainment,Cash,70000,No
2023-09-21 01:00:00,4379,Groceries,Net Banking,30000,No
2023-10-17 02:00:00,3399,Shopping,UPI,70000,No
2023-04-22 17:00:00,2775,Entertainment,Net Banking,30000,No
2024-01-28 01:00:00,4127,Transport,Card,50000,No
2023-03-06 04:00:00,4948,Transport,UPI,30000,No
2023-09-15 04:00:00,2716,Groceries,UPI,50000,No
2023-08-19 21:00:00,3249,Transport,UPI,70000,No
2024-02-04 04:00:00,2804,Transport,Net Banking,50000,No
2023-02-26 21:00:00,1467,Food,Cash,30000,Yes
2023-12-29 03:00:00,704,Transport,Cash,100000,No
2024-02-16 08:00:00,2492,Food,Cash,70000,No
2023-12-29 14:00:00,160,Travel,Card,100000,No
2023-11-09 06:00:00,139,Food,UPI,100000,No
2023-06-29 16:00:00,812,Food,Cash,100000,No
2023-02-25 04:00:00,3222,Shopping,Cash,100000,No
2024-01-25 11:00:00,2229,Food,UPI,100000,No
2023-05-11 21:00:00,2554,Food,Card,30000,Yes
2023-11-06 03:00:00,1514,Shopping,Net Banking,50000,No
2023-05-26 06:00:00,147,Food,Net Banking,50000,No
2023-03-17 10:00:00,342,Transport,Net Banking,100000,No
2023-10-02 12:00:00,1889,Food,UPI,30000,No
2023-05-02 19:00:00,1784,Travel,Card,100000,No
2023-08-09 21:00:00,2669,Food,UPI,100000,No
2023-06-24 10:00:00,4797,Food,Net Banking,70000,No
2024-01-07 01:00:00,2246,Travel,Cash,30000,No
2023-09-07 01:00:00,3516,Shopping,Cash,100000,No
2023-06-27 20:00:00,1956,Transport,Cash,50000,No
2023-07-17 20:00:00,1771,Food,Net Banking,70000,No
2023-07-22 01:00:00,3741,Transport,Card,100000,No
2024-01-29 03:00:00,1866,Groceries,Net Banking,100000,No
2023-06-04 13:00:00,302,Transport,UPI,100000,No
2024-01-22 09:00:00,4277,Shopping,Card,30000,No
2023-10-03 19:00:00,3569,Shopping,Cash,100000,Yes
2023-12-27 07:00:00,1957,Food,Card,50000,No
2024-01-14 14:00:00,1960,Travel,Card,70000,No
2024-02-04 00:00:00,2571,Shopping,Net Banking,30000,Yes
2023-05-09 00:00:00,3899,Travel,Card,70000,No
2023-09-30 02:00:00,1108,Groceries,Net Banking,50000,No
2023-01-22 00:00:00,3588,Travel,UPI,100000,Yes
2023-02-20 14:00:00,2372,Entertainment,Card,30000,No
2023-03-05 19:00:00,236,Travel,Card,100000,No
2023-11-12 16:00:00,998,Shopping,Card,30000,Yes
2023-02-04 07:00:00,2340,Travel,Cash,100000,No
2023-02-08 16:00:00,4409,Travel,Net Banking,50000,No
2023-07-29 13:00:00,4667,Entertainment,Net Banking,50000,No
2023-01-06 13:00:00,4928,Entertainment,Cash,100000,No
2023-03-29 17:00:00,4680,Food,Net Banking,50000,No
2023-06-01 03:00:00,259,Shopping,UPI,100000,No
2023-09-21 04:00:00,2143,Food,Cash,30000,Yes
2023-03-19 04:00:00,3588,Entertainment,Net Banking,50000,No
2023-07-24 14:00:00,1613,Travel,UPI,30000,No
2023-06-23 23:00:00,75,Entertainment,Net Banking,100000,No
2023-08-11 20:00:00,224,Groceries,Cash,30000,No
2024-01-29 10:00:00,1384,Travel,Net Banking,70000,Yes
2023-09-15 22:00:00,371,Food,UPI,100000,Yes
2023-02-22 08:00:00,4200,Travel,UPI,50000,No
2023-05-21 16:00:00,4097,Groceries,UPI,50000,No
2023-08-24 05:00:00,3277,Entertainment,Net Banking,70000,No
2023-05-26 06:00:00,1922,Shopping,Cash,100000,No
2023-05-30 08:00:00,2117,Transport,Net Banking,100000,No
2024-02-04 12:00:00,382,Shopping,Card,100000,No
2023-12-02 13:00:00,3041,Shopping,Cash,100000,No
2023-05-19 18:00:00,960,Entertainment,Card,30000,No
2023-04-23 15:00:00,4546,Shopping,Net Banking,100000,Yes
2023-12-27 22:00:00,999,Groceries,Cash,30000,No
2023-12-05 08:00:00,2125,Entertainment,Card,30000,No
2023-10-24 10:00:00,2564,Shopping,Net Banking,50000,No
2023-02-26 09:00:00,3381,Transport,Cash,100000,Yes
2023-07-30 23:00:00,3079,Food,UPI,30000,No
2023-12-23 05:00:00,150,Entertainment,UPI,100000,No
2023-11-12 15:00:00,4696,Entertainment,UPI,70000,No
2023-01-28 19:00:00,2450,Travel,Card,30000,No
2023-07-06 04:00:00,3421,Shopping,Card,50000,No
2024-01-25 01:00:00,2393,Food,Net Banking,100000,Yes
2023-10-12 03:00:00,402,Transport,UPI,50000,No
2023-06-04 23:00:00,3005,Groceries,Card,30000,No
2023-04-25 09:00:00,1068,Entertainment,UPI,30000,Yes
2023-11-08 19:00:00,1229,Groceries,Net Banking,50000,No
2023-01-23 11:00:00,3586,Groceries,Cash,100000,No
2023-07-26 20:00:00,3700,Groceries,Card,30000,No
2023-07-21 11:00:00,2552,Travel,Card,70000,No
2023-06-07 07:00:00,3869,Groceries,Cash,50000,No
2023-09-09 18:00:00,1029,Shopping,Card,30000,Yes
2023-10-23 22:00:00,4884,Shopping,Net Banking,100000,No
2023-11-01 16:00:00,1026,Food,Card,30000,No
2023-08-10 16:00:00,1421,Food,Card,100000,No
2023-09-13 12:00:00,2330,Transport,Cash,100000,No
2023-11-25 19:00:00,4626,Groceries,Net Banking,30000,No
2023-04-26 19:00:00,157,Groceries,UPI,70000,No
2023-02-08 12:00:00,1022,Travel,UPI,100000,Yes
2023-03-07 21:00:00,1676,Groceries,Cash,50000,No
2023-11-18 10:00:00,753,Groceries,Net Banking,100000,No
2023-05-19 12:00:00,924,Groceries,Cash,100000,Yes
2023-08-27 01:00:00,3859,Entertainment,Cash,70000,No
2023-10-20 18:00:00,2461,Entertainment,UPI,100000,No
2023-01-11 15:00:00,2157,Travel,Net Banking,30000,Yes
2023-07-20 04:00:00,3603,Travel,Net Banking,70000,No
2023-03-18 14:00:00,1323,Shopping,Cash,100000,No
2023-01-01 09:00:00,609,Travel,UPI,30000,No
2023-04-30 15:00:00,166,Transport,Net Banking,30000,No
2024-01-10 13:00:00,3096,Shopping,Cash,100000,No
2023-11-05 17:00:00,93,Groceries,Card,50000,Yes
2023-11-06 02:00:00,558,Travel,UPI,50000,Yes
2023-08-02 12:00:00,3489,Transport,Net Banking,100000,No
2023-02-12 07:00:00,3978,Travel,Net Banking,100000,No
2023-04-02 09:00:00,4994,Travel,Net Banking,30000,No
2023-12-17 15:00:00,966,Shopping,UPI,100000,No
2023-11-07 09:00:00,2995,Shopping,Cash,100000,No
2023-06-23 06:00:00,848,Food,Card,30000,Yes
2023-06-13 13:00:00,1810,Shopping,Net Banking,100000,No
2023-10-18 10:00:00,2383,Shopping,UPI,100000,No
2023-10-17 02:00:00,3325,Entertainment,Net Banking,100000,Yes
2023-07-19 08:00:00,868,Travel,Cash,30000,Yes
2023-06-16 16:00:00,2218,Shopping,Card,100000,No
2023-03-10 01:00:00,3785,Travel,Net Banking,50000,No
2023-10-30 18:00:00,3115,Travel,UPI,100000,No
2023-12-29 14:00:00,3309,Entertainment,Cash,50000,No
2023-01-17 00:00:00,956,Travel,Card,100000,No
2023-01-17 20:00:00,4158,Transport,UPI,30000,No
2023-12-07 15:00:00,652,Shopping,Net Banking,50000,No
2023-03-25 08:00:00,4345,Travel,UPI,100000,No
2024-02-15 20:00:00,2683,Food,Card,100000,No
2023-09-07 13:00:00,1841,Food,Cash,100000,No
2023-03-02 20:00:00,3577,Entertainment,Cash,100000,No
2023-10-27 14:00:00,4593,Transport,Net Banking,30000,No
2023-10-25 12:00:00,1861,Shopping,Net Banking,70000,Yes
2023-06-01 12:00:00,3961,Entertainment,Net Banking,50000,No
2023-07-20 09:00:00,890,Food,Net Banking,100000,No
2023-06-24 02:00:00,3192,Transport,Card,30000,Yes
2023-10-29 21:00:00,4735,Shopping,Net Banking,70000,No
2023-10-03 00:00:00,2140,Travel,UPI,30000,No
2023-09-07 21:00:00,4665,Shopping,Card,100000,No
2023-03-27 08:00:00,1086,Groceries,Card,70000,No
2023-07-19 04:00:00,774,Shopping,Net Banking,50000,No
2023-01-30 20:00:00,1037,Travel,Card,50000,Yes
2023-11-27 19:00:00,852,Groceries,UPI,30000,Yes
2023-08-20 21:00:00,2632,Transport,Card,50000,No
2023-07-09 08:00:00,3887,Entertainment,Card,50000,No
2023-07-27 08:00:00,576,Transport,UPI,70000,Yes
2023-05-23 11:00:00,1715,Shopping,UPI,50000,No
2023-10-29 15:00:00,1188,Entertainment,Card,70000,No
2024-02-11 22:00:00,509,Shopping,Cash,70000,Yes
2023-01-11 09:00:00,2602,Food,Card,70000,No
2024-01-05 09:00:00,4470,Food,UPI,50000,Yes
2023-02-02 02:00:00,4724,Travel,UPI,30000,Yes
2023-07-01 19:00:00,2858,Transport,UPI,30000,No
2023-02-14 21:00:00,2948,Food,Cash,50000,No
2023-12-18 03:00:00,3293,Groceries,UPI,70000,No
2023-12-24 12:00:00,4118,Groceries,Net Banking,50000,No
2023-11-26 05:00:00,2381,Shopping,Net Banking,100000,No
2023-07-22 10:00:00,4620,Entertainment,Cash,30000,No
2023-09-30 16:00:00,3735,Groceries,UPI,70000,No
2023-07-16 15:00:00,681,Shopping,UPI,50000,No
2023-04-28 06:00:00,4848,Entertainment,Net Banking,70000,Yes
2023-05-21 14:00:00,2506,Food,Net Banking,100000,No
2023-02-22 04:00:00,1031,Shopping,Card,70000,No
2023-10-19 12:00:00,4704,Entertainment,Cash,100000,No
2023-07-14 17:00:00,4367,Travel,Card,30000,No
2023-07-08 18:00:00,1606,Transport,Cash,70000,No
2023-10-14 17:00:00,2255,Transport,UPI,50000,No
2023-10-17 13:00:00,4493,Travel,UPI,70000,No
2024-02-01 17:00:00,4005,Groceries,Cash,70000,No
2023-09-18 01:00:00,971,Transport,Card,100000,No
2023-12-01 01:00:00,454,Entertainment,Net Banking,100000,No
2023-10-17 05:00:00,4822,Travel,Cash,50000,No
2024-02-02 22:00:00,4734,Groceries,Cash,30000,No
2023-10-19 18:00:00,1670,Shopping,Cash,30000,No
2023-02-25 11:00:00,3002,Shopping,UPI,100000,No
2023-06-27 13:00:00,3168,Entertainment,Cash,50000,No
2023-11-15 16:00:00,1644,Entertainment,UPI,70000,No
2024-02-02 22:00:00,615,Entertainment,Net Banking,50000,Yes
2023-08-02 03:00:00,4849,Transport,Net Banking,50000,No
2023-07-13 05:00:00,2918,Entertainment,Card,50000,Yes
2023-07-22 06:00:00,907,Travel,UPI,30000,No
2023-05-13 09:00:00,1334,Travel,Net Banking,70000,No
2023-11-19 02:00:00,634,Groceries,Net Banking,50000,No
2023-04-01 20:00:00,4377,Travel,Card,30000,No
2023-07-23 20:00:00,1295,Transport,Card,30000,No
2023-10-21 11:00:00,101,Shopping,Card,100000,No
2023-01-06 17:00:00,2213,Groceries,UPI,70000,No
2023-09-21 15:00:00,587,Travel,Cash,50000,No
2023-05-25 16:00:00,590,Entertainment,UPI,70000,No
2023-08-16 01:00:00,864,Travel,Card,100000,No
2023-04-29 00:00:00,1465,Food,Cash,100000,No
2023-05-30 03:00:00,2888,Groceries,Net Banking,50000,No
2023-09-06 19:00:00,1702,Transport,UPI,30000,No
2023-06-23 12:00:00,2715,Travel,Card,100000,No
2023-11-27 21:00:00,4564,Travel,Card,30000,No
2023-08-21 01:00:00,4112,Transport,Cash,100000,No
2023-06-29 04:00:00,2406,Shopping,UPI,70000,No
2023-09-19 05:00:00,3860,Entertainment,Net Banking,50000,No
2023-06-09 02:00:00,913,Entertainment,Net Banking,100000,No
2023-03-21 10:00:00,235,Shopping,Cash,70000,No
2023-09-18 14:00:00,4406,Shopping,Cash,100000,No
2023-02-01 16:00:00,1601,Food,Net Banking,50000,No
2023-11-23 06:00:00,2257,Transport,Cash,70000,Yes
2023-11-03 06:00:00,811,Groceries,Cash,30000,Yes
2023-09-17 22:00:00,4369,Entertainment,UPI,100000,No
2023-09-11 18:00:00,1329,Shopping,Cash,100000,No
2023-09-09 07:00:00,4325,Shopping,Card,70000,No
2023-11-17 07:00:00,4777,Transport,Card,50000,No
2024-01-14 19:00:00,3744,Groceries,Card,100000,No
2024-02-17 23:00:00,3331,Shopping,Cash,70000,No
2023-12-20 00:00:00,1586,Food,Net Banking,50000,No
2023-03-20 15:00:00,3214,Groceries,Card,100000,No
2023-05-17 02:00:00,2820,Food,UPI,70000,No
2023-01-28 18:00:00,2013,Travel,Cash,50000,No
2023-06-24 12:00:00,3895,Entertainment,Net Banking,100000,No
2023-01-28 23:00:00,3485,Shopping,Net Banking,100000,No
2023-10-10 09:00:00,4760,Groceries,Cash,50000,No
2023-11-12 10:00:00,611,Food,Cash,50000,No
2023-11-28 12:00:00,2471,Entertainment,UPI,70000,No
2023-08-02 12:00:00,4767,Entertainment,Cash,100000,No
2023-08-21 17:00:00,2185,Shopping,Cash,100000,No
2023-07-19 01:00:00,2111,Entertainment,Net Banking,70000,No
2023-06-12 12:00:00,2230,Shopping,Card,100000,No
2023-10-06 05:00:00,2010,Travel,Card,100000,No
2023-10-18 21:00:00,3929,Shopping,Net Banking,100000,Yes
2023-09-23 16:00:00,3329,Transport,Cash,30000,No
2023-01-22 19:00:00,3934,Food,UPI,50000,Yes
2023-04-10 17:00:00,3320,Transport,Card,30000,No
2023-04-19 01:00:00,4737,Entertainment,Cash,30000,No
2024-02-19 09:00:00,632,Entertainment,Card,50000,Yes
2023-10-29 16:00:00,1663,Entertainment,Net Banking,30000,Yes
2023-10-17 01:00:00,1151,Shopping,Card,70000,No
2023-09-15 22:00:00,338,Groceries,Net Banking,30000,No
2023-08-07 08:00:00,3909,Shopping,Net Banking,70000,Yes
2023-09-28 13:00:00,3110,Food,Net Banking,50000,No
2023-04-30 22:00:00,2976,Shopping,UPI,100000,No
2023-06-22 15:00:00,4152,Entertainment,Cash,50000,No
2023-06-01 20:00:00,1233,Travel,Net Banking,50000,No
2023-07-04 16:00:00,4385,Food,Net Banking,30000,No
2023-02-23 04:00:00,1496,Transport,Card,50000,No
2023-08-31 03:00:00,1799,Travel,Cash,50000,Yes
2023-01-13 14:00:00,1953,Food,UPI,70000,No
2023-01-27 14:00:00,3225,Food,UPI,100000,No
2023-01-03 07:00:00,1127,Entertainment,Card,30000,Yes
2023-12-30 05:00:00,2427,Transport,UPI,100000,Yes
2023-12-06 14:00:00,897,Shopping,Card,100000,No
2023-03-30 13:00:00,2926,Transport,Cash,100000,No
2023-01-16 04:00:00,1289,Entertainment,Card,30000,Yes
2023-10-11 17:00:00,1382,Entertainment,Card,50000,No
2023-07-12 13:00:00,3556,Entertainment,Net Banking,100000,No
2023-08-02 14:00:00,2429,Travel,UPI,30000,No
2023-08-02 10:00:00,4841,Transport,Cash,50000,Yes
2023-03-10 14:00:00,4172,Transport,Cash,100000,Yes
2023-02-08 06:00:00,3287,Food,Net Banking,70000,No
2023-04-27 13:00:00,2415,Groceries,Card,30000,Yes
2023-09-29 02:00:00,2462,Shopping,Cash,100000,Yes
2023-09-02 14:00:00,3224,Entertainment,Cash,30000,No
2023-03-05 19:00:00,422,Transport,Card,70000,No
2023-12-07 12:00:00,1999,Transport,Card,30000,No
2023-05-20 09:00:00,294,Food,Cash,50000,No
2023-11-16 17:00:00,1890,Shopping,Card,100000,No
2023-10-17 13:00:00,3477,Groceries,UPI,30000,Yes
2023-10-14 18:00:00,174,Groceries,Cash,30000,Yes
2023-03-21 10:00:00,4682,Entertainment,Card,100000,Yes
2023-05-09 14:00:00,2803,Groceries,Cash,70000,No
2023-12-06 16:00:00,1969,Groceries,Cash,70000,No
2023-08-28 14:00:00,1685,Shopping,Net Banking,100000,Yes
2024-01-07 01:00:00,1475,Shopping,UPI,100000,No
2023-02-14 06:00:00,1590,Entertainment,UPI,50000,No
2023-03-24 08:00:00,580,Transport,Net Banking,30000,Yes
2023-02-24 00:00:00,4399,Food,Net Banking,30000,No
2023-09-17 13:00:00,3153,Entertainment,Cash,70000,No
2023-11-15 09:00:00,4806,Travel,UPI,50000,Yes
2023-01-06 05:00:00,1851,Groceries,Net Banking,30000,Yes
2023-07-13 00:00:00,1086,Food,Card,50000,Yes
2023-09-20 00:00:00,3778,Transport,Cash,100000,Yes
2023-05-30 20:00:00,4061,Transport,UPI,30000,No
2023-09-15 00:00:00,3513,Shopping,Cash,100000,Yes
2024-02-13 03:00:00,1192,Travel,Cash,70000,No
2023-11-12 01:00:00,1805,Transport,Card,70000,No
2023-12-11 02:00:00,4890,Travel,Card,100000,No
2023-01-10 16:00:00,1679,Groceries,Net Banking,70000,No
2024-01-26 01:00:00,812,Shopping,Card,100000,Yes
2023-09-23 11:00:00,4939,Food,UPI,100000,No
2023-06-25 06:00:00,4889,Shopping,Net Banking,100000,No
2024-02-08 13:00:00,4007,Groceries,UPI,70000,Yes
2023-11-27 23:00:00,607,Transport,UPI,70000,No
2023-10-15 03:00:00,4671,Travel,Net Banking,70000,No
2023-10-08 18:00:00,889,Groceries,Card,100000,Yes
2023-04-14 00:00:00,52,Transport,Cash,50000,Yes
2023-04-25 03:00:00,1101,Entertainment,Card,70000,No
2023-08-14 01:00:00,1454,Travel,UPI,50000,Yes
2023-03-15 09:00:00,206,Groceries,UPI,70000,Yes
2023-02-06 12:00:00,1987,Food,Net Banking,30000,Yes
2023-06-08 20:00:00,560,Food,UPI,30000,No
2024-02-01 00:00:00,3454,Transport,Net Banking,30000,No
2023-03-02 20:00:00,4832,Transport,Net Banking,50000,No
2023-03-14 05:00:00,1187,Food,Card,70000,Yes
2023-03-08 21:00:00,3964,Entertainment,UPI,100000,Yes
2023-08-23 06:00:00,3371,Shopping,Card,50000,No
2023-10-09 23:00:00,4716,Food,Cash,70000,No
2023-10-19 02:00:00,764,Transport,Card,30000,No
2023-05-27 13:00:00,2336,Transport,UPI,50000,No
2023-06-05 15:00:00,2704,Entertainment,Cash,70000,No
2024-01-25 16:00:00,1040,Food,UPI,100000,Yes
2023-12-18 10:00:00,4479,Entertainment,Cash,50000,Yes
2023-04-18 22:00:00,2210,Food,UPI,100000,No
2023-02-14 07:00:00,4507,Shopping,Card,50000,No
2023-06-30 04:00:00,2194,Groceries,UPI,30000,No
2024-01-15 15:00:00,2113,Food,Net Banking,30000,No
2023-08-11 14:00:00,2653,Groceries,Net Banking,30000,No
2023-01-01 05:00:00,2027,Food,Card,100000,No
2023-11-09 01:00:00,425,Shopping,Card,30000,No
2023-12-27 19:00:00,791,Transport,Cash,100000,Yes
2023-12-08 11:00:00,4535,Groceries,Card,100000,No
2023-09-06 14:00:00,2717,Entertainment,Net Banking,100000,Yes
2024-01-04 05:00:00,1290,Food,Card,30000,No
2023-01-05 21:00:00,3520,Transport,Net Banking,70000,Yes
2023-04-17 07:00:00,4969,Food,Card,100000,No
2023-08-20 16:00:00,2417,Entertainment,Net Banking,70000,Yes
2023-06-28 17:00:00,2293,Shopping,Cash,100000,No
2023-02-05 06:00:00,3599,Travel,UPI,30000,No
2023-09-21 04:00:00,467,Food,UPI,30000,No
2023-09-27 13:00:00,656,Entertainment,Net Banking,30000,No
2024-01-24 21:00:00,617,Travel,Card,50000,No
2024-01-07 11:00:00,593,Food,Card,30000,Yes
2023-01-10 08:00:00,933,Groceries,UPI,70000,No
2023-06-25 08:00:00,4848,Transport,Net Banking,100000,Yes
2023-09-19 19:00:00,1273,Transport,Card,70000,No
2023-03-27 08:00:00,2943,Entertainment,UPI,50000,No
2023-09-17 17:00:00,2118,Groceries,Net Banking,70000,No
2024-02-11 21:00:00,3759,Shopping,Cash,100000,Yes
2023-03-18 04:00:00,1836,Travel,Card,100000,Yes
2023-03-21 21:00:00,1507,Entertainment,Card,30000,No
2023-06-26 10:00:00,1964,Food,Net Banking,50000,No
2023-10-19 04:00:00,127,Transport,UPI,50000,No
2023-03-26 10:00:00,3663,Food,Net Banking,70000,No
2023-06-06 00:00:00,1358,Travel,UPI,30000,Yes
2024-01-14 21:00:00,697,Groceries,Net Banking,30000,No
2023-01-01 09:00:00,2237,Groceries,Cash,30000,No
2023-01-11 20:00:00,602,Entertainment,Card,100000,Yes
2023-09-09 14:00:00,331,Entertainment,UPI,50000,No
2024-02-16 01:00:00,1331,Groceries,Cash,70000,Yes
2023-04-03 11:00:00,1896,Entertainment,Net Banking,70000,No
2023-10-21 09:00:00,2537,Groceries,UPI,70000,No
2023-03-27 20:00:00,2843,Travel,UPI,30000,No
2023-08-09 07:00:00,3761,Entertainment,Cash,50000,No
2023-03-09 11:00:00,4249,Groceries,Net Banking,50000,No
2023-12-21 16:00:00,4911,Entertainment,Cash,100000,No
2023-02-25 22:00:00,2826,Food,Net Banking,100000,No
2023-04-29 00:00:00,1646,Transport,Cash,100000,No
2023-04-28 16:00:00,529,Food,Cash,70000,No
2023-03-25 02:00:00,3362,Shopping,Cash,70000,Yes
2023-05-26 10:00:00,3268,Groceries,Cash,50000,No
2024-01-23 22:00:00,2013,Shopping,Net Banking,100000,No
2023-11-29 16:00:00,2192,Groceries,Card,70000,Yes
2023-03-08 20:00:00,3948,Transport,Cash,100000,No
2023-01-10 19:00:00,2122,Entertainment,Net Banking,100000,No
2023-03-21 12:00:00,1345,Groceries,Card,50000,Yes
2023-12-23 23:00:00,988,Food,UPI,50000,No
2023-05-28 02:00:00,811,Entertainment,UPI,70000,No
2023-08-08 00:00:00,4799,Transport,Cash,50000,No
2023-04-20 19:00:00,1719,Food,UPI,100000,No
2023-12-07 02:00:00,3912,Entertainment,Cash,50000,No
2024-02-11 18:00:00,2735,Groceries,Cash,100000,No
2023-04-17 16:00:00,3949,Groceries,Card,100000,No
2023-08-14 15:00:00,1981,Food,UPI,70000,No
2023-05-22 07:00:00,3989,Travel,Cash,70000,No
2023-09-05 23:00:00,1176,Groceries,UPI,70000,No
2023-08-16 20:00:00,3347,Travel,Card,100000,No
2023-11-30 15:00:00,4720,Entertainment,UPI,50000,No
2024-01-13 16:00:00,1253,Travel,Card,70000,No
2024-01-29 12:00:00,4185,Food,Card,70000,No
2023-09-25 05:00:00,3822,Shopping,Card,50000,No
2023-10-17 05:00:00,569,Shopping,Cash,50000,No
2024-02-01 02:00:00,2333,Food,Net Banking,70000,Yes
2023-07-20 20:00:00,4608,Shopping,Cash,100000,No
2023-05-01 18:00:00,532,Food,UPI,100000,No
2023-11-11 10:00:00,2527,Groceries,Cash,70000,Yes
2023-01-04 05:00:00,3143,Travel,Cash,50000,No
2023-11-12 17:00:00,392,Shopping,Net Banking,100000,Yes
2023-06-26 03:00:00,1512,Groceries,UPI,50000,No
2023-01-26 00:00:00,1252,Shopping,Card,30000,No
2023-02-14 09:00:00,1671,Entertainment,Card,50000,Yes
2023-03-31 00:00:00,2448,Food,UPI,50000,Yes
2024-02-01 06:00:00,3646,Food,Cash,30000,No
2023-10-17 07:00:00,3585,Groceries,Net Banking,100000,Yes
2023-11-22 04:00:00,2927,Entertainment,Net Banking,100000,No
2023-10-01 13:00:00,2440,Travel,UPI,100000,Yes
2023-09-07 08:00:00,3401,Entertainment,UPI,70000,No
2023-08-03 06:00:00,2963,Entertainment,Cash,30000,No
2023-07-14 14:00:00,1239,Transport,Net Banking,50000,No
2023-04-02 06:00:00,2390,Travel,UPI,30000,No
2024-01-18 16:00:00,3630,Travel,Cash,30000,Yes
2023-04-24 00:00:00,1653,Entertainment,Cash,30000,No
2023-04-02 08:00:00,3347,Shopping,UPI,30000,No
2023-02-22 00:00:00,647,Transport,Net Banking,30000,No
2023-06-18 01:00:00,694,Shopping,Card,30000,Yes
2023-03-25 05:00:00,4593,Entertainment,Cash,70000,No
2023-06-03 15:00:00,2952,Shopping,Card,30000,No
2023-06-17 10:00:00,813,Travel,Cash,30000,No
2023-03-24 02:00:00,4880,Travel,Net Banking,100000,No
2023-12-16 13:00:00,1692,Shopping,Card,30000,No
2023-08-29 05:00:00,2347,Travel,UPI,30000,No
2023-02-20 02:00:00,4746,Food,Cash,100000,Yes
2023-12-05 23:00:00,2222,Travel,UPI,100000,No
2023-08-20 23:00:00,2210,Entertainment,UPI,100000,No
2023-11-16 11:00:00,3799,Groceries,Net Banking,50000,No
2023-08-28 06:00:00,2972,Shopping,UPI,30000,No
2023-08-30 04:00:00,629,Transport,Cash,30000,No
2023-08-14 08:00:00,3854,Shopping,UPI,30000,No
2023-12-28 05:00:00,4928,Travel,UPI,100000,No
2024-01-29 14:00:00,2418,Travel,Cash,70000,Yes
2023-02-08 10:00:00,3982,Groceries,UPI,30000,No
2023-01-18 11:00:00,4677,Groceries,Net Banking,100000,No
2023-04-02 20:00:00,3410,Transport,Cash,100000,No
2023-02-16 16:00:00,4757,Entertainment,Net Banking,100000,No
2023-02-09 14:00:00,1150,Food,UPI,50000,No
2023-04-08 08:00:00,1720,Entertainment,Card,100000,No
2023-08-12 21:00:00,2270,Transport,Net Banking,70000,No
2023-04-04 11:00:00,266,Shopping,Net Banking,50000,No
2023-04-21 05:00:00,425,Travel,UPI,100000,No
2023-07-12 04:00:00,1659,Entertainment,Card,70000,No
2023-03-19 17:00:00,4156,Travel,Cash,70000,Yes
2023-09-09 04:00:00,3889,Travel,Card,30000,Yes
2023-11-02 06:00:00,2989,Entertainment,Cash,100000,No
2023-09-23 11:00:00,4112,Entertainment,UPI,100000,No
2023-09-22 23:00:00,1663,Groceries,Card,30000,No
2023-11-24 15:00:00,3729,Transport,UPI,70000,No
2023-05-15 12:00:00,4963,Transport,Net Banking,100000,No
2023-06-04 23:00:00,1346,Food,Card,30000,No
2023-04-09 19:00:00,4046,Groceries,Cash,30000,No
2023-05-01 11:00:00,4836,Food,Net Banking,70000,No
2023-06-06 12:00:00,1205,Entertainment,Cash,70000,No
2023-06-26 01:00:00,4929,Transport,Net Banking,100000,No
2023-01-04 22:00:00,2416,Transport,Cash,100000,No
2023-04-22 10:00:00,2941,Food,Cash,50000,Yes
2023-10-15 10:00:00,2022,Shopping,UPI,70000,No
2023-02-03 01:00:00,834,Groceries,Net Banking,50000,No
2023-03-30 04:00:00,4542,Groceries,UPI,50000,No
2023-08-29 19:00:00,1131,Groceries,UPI,30000,No
2023-09-14 22:00:00,2083,Transport,UPI,30000,No
2023-02-03 22:00:00,1664,Travel,UPI,100000,Yes
2023-01-15 09:00:00,4605,Transport,Cash,70000,Yes
2023-12-23 10:00:00,2466,Travel,UPI,70000,Yes
2023-04-12 19:00:00,4691,Transport,UPI,50000,No
2023-11-21 07:00:00,3703,Entertainment,UPI,50000,Yes
2023-02-11 00:00:00,546,Transport,Cash,100000,No
2023-11-21 14:00:00,554,Entertainment,Net Banking,30000,Yes
2024-02-14 15:00:00,3436,Travel,Cash,70000,No
2023-02-04 11:00:00,2258,Groceries,Cash,70000,No
2023-05-28 03:00:00,4863,Travel,Cash,70000,No
2023-10-25 19:00:00,3266,Food,Net Banking,70000,Yes
2023-07-05 11:00:00,3716,Groceries,UPI,30000,No
2023-06-11 12:00:00,1458,Transport,UPI,100000,No
2023-09-06 07:00:00,4414,Transport,Net Banking,100000,No
2023-01-06 06:00:00,4127,Transport,Net Banking,30000,No
2023-05-13 09:00:00,1527,Transport,Card,100000,Yes
2024-01-02 11:00:00,2447,Transport,UPI,100000,No
2023-09-09 00:00:00,159,Travel,Cash,50000,No
2023-08-01 21:00:00,3604,Entertainment,Cash,30000,Yes
2023-06-22 18:00:00,699,Travel,UPI,100000,No
2023-10-27 20:00:00,1549,Shopping,Net Banking,50000,No
2023-05-21 08:00:00,645,Travel,Card,30000,Yes
2023-06-08 05:00:00,1028,Groceries,Cash,30000,No
2023-03-16 16:00:00,780,Transport,Card,70000,No
2023-08-27 20:00:00,106,Travel,Cash,50000,No
2023-05-25 20:00:00,2293,Entertainment,Cash,50000,No
2023-05-23 09:00:00,1751,Transport,UPI,50000,No
2023-03-10 13:00:00,1336,Food,Cash,30000,No
2024-01-27 13:00:00,161,Shopping,Card,70000,No
2023-05-07 06:00:00,4856,Groceries,Card,30000,No
2023-04-30 16:00:00,1251,Entertainment,UPI,100000,Yes
2023-05-09 00:00:00,997,Shopping,Cash,100000,Yes
2023-03-19 06:00:00,4171,Travel,Card,100000,No
2023-06-17 13:00:00,807,Shopping,Net Banking,70000,No
2023-07-14 06:00:00,3438,Transport,UPI,30000,No
2023-09-29 10:00:00,1891,Transport,Net Banking,50000,No
2023-07-29 15:00:00,3585,Food,Card,100000,No
2023-04-23 20:00:00,2343,Shopping,Net Banking,100000,No
2023-10-24 08:00:00,1154,Shopping,UPI,30000,Yes
2024-02-01 20:00:00,711,Transport,Net Banking,50000,No
2023-12-16 17:00:00,958,Travel,Card,70000,Yes
2023-05-27 03:00:00,4667,Travel,Net Banking,100000,No
2023-09-27 00:00:00,1906,Groceries,Net Banking,100000,No
2023-06-25 12:00:00,2361,Travel,Net Banking,100000,No
2023-11-29 02:00:00,839,Shopping,Cash,50000,Yes
2024-01-01 06:00:00,221,Food,Card,100000,No
2023-01-23 08:00:00,4410,Travel,Net Banking,50000,No
2023-03-09 17:00:00,2036,Transport,Card,100000,Yes
2023-11-29 05:00:00,1935,Transport,Net Banking,100000,No
2023-12-24 09:00:00,525,Groceries,UPI,50000,Yes
2023-12-03 06:00:00,1099,Groceries,UPI,50000,No
2023-12-28 02:00:00,4179,Shopping,UPI,70000,No
2023-12-25 17:00:00,2361,Travel,Net Banking,30000,Yes
2023-09-28 10:00:00,1211,Travel,Card,100000,No
2023-05-31 00:00:00,865,Groceries,UPI,100000,No
2023-10-10 15:00:00,3816,Travel,Cash,30000,No
2024-01-17 02:00:00,2972,Shopping,UPI,30000,No
2023-07-27 03:00:00,803,Food,UPI,30000,No
2023-02-20 05:00:00,4711,Transport,Cash,100000,No
2023-03-24 22:00:00,511,Shopping,UPI,100000,No
2023-08-09 19:00:00,3289,Travel,Net Banking,100000,No
2023-05-29 20:00:00,2752,Shopping,Net Banking,50000,No
2023-09-06 23:00:00,130,Transport,UPI,70000,Yes
2023-09-21 08:00:00,2854,Entertainment,Card,70000,No
2023-07-02 12:00:00,919,Transport,Card,30000,No
2023-07-18 05:00:00,4744,Transport,UPI,30000,No
2023-04-24 01:00:00,856,Entertainment,Cash,100000,Yes
2023-08-21 20:00:00,1984,Travel,Net Banking,70000,No
2023-02-10 06:00:00,753,Travel,Net Banking,70000,No
2023-07-26 00:00:00,2573,Food,Net Banking,50000,No
2023-05-24 00:00:00,2689,Transport,UPI,100000,No
2023-01-29 16:00:00,4632,Shopping,Net Banking,100000,No
2023-06-26 19:00:00,3959,Food,UPI,70000,Yes
2023-06-04 05:00:00,4851,Travel,UPI,70000,No
2023-12-22 13:00:00,1214,Travel,Card,50000,Yes
2023-08-04 22:00:00,669,Groceries,Cash,50000,No
2024-02-18 04:00:00,3116,Food,Cash,100000,No
2023-10-07 08:00:00,4922,Travel,Cash,50000,No
2023-07-04 06:00:00,496,Entertainment,Net Banking,70000,No
2024-02-21 00:00:00,2387,Groceries,Card,100000,Yes
2023-03-15 07:00:00,258,Shopping,Card,70000,No
2024-01-18 13:00:00,2510,Groceries,UPI,100000,No
2023-04-14 10:00:00,3492,Transport,Card,100000,No
2023-12-02 18:00:00,2761,Transport,UPI,70000,No
2023-02-09 15:00:00,2387,Shopping,Card,100000,No
2024-01-07 10:00:00,1341,Entertainment,UPI,100000,No
2023-03-28 15:00:00,2248,Shopping,Net Banking,50000,Yes
2023-04-24 05:00:00,1450,Food,Card,70000,Yes
2023-07-08 12:00:00,2705,Shopping,Cash,70000,No
2024-02-08 20:00:00,4062,Shopping,UPI,50000,No
2023-12-20 05:00:00,754,Groceries,Card,100000,No
2023-11-01 15:00:00,875,Entertainment,Card,30000,Yes
2023-10-27 10:00:00,1054,Shopping,UPI,30000,No
2023-03-28 01:00:00,3510,Food,Card,70000,Yes
2023-02-02 00:00:00,426,Groceries,Cash,50000,No
2023-08-17 18:00:00,1022,Entertainment,UPI,100000,No
2023-10-04 21:00:00,4263,Entertainment,UPI,50000,Yes
2023-07-31 19:00:00,3126,Travel,UPI,100000,No
2023-08-07 00:00:00,493,Transport,UPI,70000,No
2023-08-30 13:00:00,804,Food,UPI,70000,No
2024-01-16 18:00:00,3654,Transport,Cash,30000,No
2023-07-25 06:00:00,4785,Groceries,UPI,50000,No
2023-09-08 16:00:00,2221,Groceries,Cash,70000,No
2023-05-19 23:00:00,2755,Food,Cash,50000,No
2023-12-01 22:00:00,3515,Entertainment,Cash,70000,No
2023-07-23 01:00:00,2761,Shopping,UPI,100000,No
2023-03-03 17:00:00,2457,Food,Cash,100000,Yes
2023-09-20 17:00:00,672,Groceries,UPI,30000,No
2023-05-24 19:00:00,1773,Transport,Cash,70000,No
2023-01-03 06:00:00,3372,Food,UPI,30000,Yes
2023-11-15 11:00:00,1969,Entertainment,Card,30000,No
2023-05-25 06:00:00,968,Travel,Card,70000,No
2023-02-04 16:00:00,4265,Travel,Cash,70000,Yes
2023-09-06 02:00:00,631,Shopping,Net Banking,100000,No
2023-12-21 23:00:00,3931,Shopping,Net Banking,30000,No
2023-10-28 21:00:00,1736,Entertainment,Card,100000,Yes
2023-05-18 22:00:00,3959,Transport,Cash,50000,No
2023-05-18 12:00:00,2049,Shopping,Cash,50000,No
2023-10-08 02:00:00,2761,Travel,Cash,30000,No
2023-10-28 18:00:00,450,Entertainment,Net Banking,30000,Yes
2023-11-21 00:00:00,3698,Entertainment,Card,70000,No
2023-06-03 03:00:00,2678,Entertainment,Cash,70000,No
2023-05-08 06:00:00,1706,Food,Card,30000,Yes
2023-11-29 02:00:00,670,Transport,Card,30000,No
2023-03-31 07:00:00,296,Transport,UPI,50000,No
2023-08-05 23:00:00,3389,Shopping,Net Banking,100000,No
2024-01-31 23:00:00,3060,Transport,Card,50000,No
2023-04-16 18:00:00,4769,Groceries,UPI,50000,No
2023-07-09 11:00:00,2418,Travel,Net Banking,100000,Yes
2023-08-23 03:00:00,4044,Shopping,Cash,30000,No
2023-12-15 04:00:00,1889,Transport,Cash,30000,No
2023-10-03 12:00:00,2953,Travel,UPI,50000,No
2023-07-28 13:00:00,4445,Shopping,Cash,50000,No
2023-02-04 06:00:00,4548,Groceries,UPI,100000,Yes
2023-02-09 07:00:00,3741,Travel,UPI,70000,Yes
2023-09-14 06:00:00,3891,Groceries,Cash,70000,No
2023-07-04 09:00:00,4398,Travel,Net Banking,30000,No
2024-01-09 14:00:00,1442,Food,UPI,70000,Yes
2023-04-02 14:00:00,3800,Food,Net Banking,30000,No
2023-06-26 18:00:00,4305,Travel,Net Banking,30000,No
2023-06-03 23:00:00,3058,Travel,UPI,30000,No
2023-05-24 20:00:00,4350,Groceries,Net Banking,100000,No
2024-01-15 10:00:00,3388,Transport,UPI,50000,No
2023-02-24 12:00:00,3564,Entertainment,Cash,70000,No
2023-06-24 01:00:00,809,Travel,Cash,100000,No
2023-12-29 17:00:00,2818,Shopping,Cash,70000,No
2023-10-13 12:00:00,3138,Shopping,Cash,100000,No
2023-09-09 11:00:00,2165,Shopping,Cash,70000,No
2023-05-30 18:00:00,4278,Food,Net Banking,70000,Yes
2023-07-21 17:00:00,1773,Transport,Net Banking,50000,Yes
2023-02-28 17:00:00,3016,Groceries,Net Banking,70000,No
2023-07-10 06:00:00,479,Transport,Card,100000,No
2023-07-07 03:00:00,2405,Food,Card,70000,Yes
2023-03-06 19:00:00,2509,Transport,UPI,50000,No
2023-02-03 12:00:00,4242,Transport,Card,70000,No
2023-02-23 07:00:00,1768,Shopping,Cash,100000,No
2023-10-23 03:00:00,1315,Travel,Cash,70000,No
2023-09-07 10:00:00,1358,Shopping,Cash,50000,No
2023-08-23 03:00:00,1100,Transport,UPI,50000,Yes
2023-02-27 19:00:00,3523,Travel,UPI,50000,No
2023-04-22 15:00:00,2299,Groceries,UPI,50000,Yes
2023-03-29 18:00:00,2859,Entertainment,UPI,30000,No
2023-12-07 13:00:00,2971,Travel,Net Banking,50000,No
2023-06-25 23:00:00,4726,Food,UPI,70000,Yes
2023-07-21 07:00:00,4091,Shopping,UPI,70000,Yes
2023-04-26 08:00:00,2467,Shopping,Card,70000,Yes
2023-05-13 18:00:00,582,Transport,Net Banking,70000,No
2023-04-18 05:00:00,948,Transport,Cash,30000,Yes
2023-04-19 07:00:00,2704,Transport,Card,30000,No
2023-06-18 01:00:00,1519,Transport,UPI,30000,No
2023-12-18 04:00:00,2970,Shopping,Cash,70000,No
2023-02-24 08:00:00,1302,Travel,Cash,100000,No
2023-11-04 00:00:00,819,Groceries,Cash,100000,No
2023-09-02 21:00:00,883,Travel,Card,70000,No
2023-02-24 05:00:00,2259,Food,Net Banking,50000,No
2023-04-16 21:00:00,4699,Shopping,Net Banking,50000,No
2023-03-27 11:00:00,3474,Travel,Cash,70000,No
2023-10-11 17:00:00,1141,Shopping,UPI,50000,No
2023-12-26 17:00:00,1246,Food,Net Banking,50000,No
2024-01-10 20:00:00,3964,Entertainment,Net Banking,100000,No
2023-01-04 02:00:00,1710,Entertainment,UPI,70000,No
2023-10-18 21:00:00,4704,Entertainment,Card,30000,Yes
2023-08-17 03:00:00,310,Shopping,Card,100000,No
2023-12-10 00:00:00,2314,Travel,UPI,70000,No
2023-10-27 08:00:00,4950,Shopping,Card,70000,No
2023-08-30 12:00:00,1235,Groceries,Cash,100000,No
2023-10-25 13:00:00,2499,Travel,Net Banking,50000,Yes
2023-03-09 14:00:00,3583,Food,Card,50000,No
2023-12-02 01:00:00,4420,Transport,Cash,100000,No
2023-01-15 05:00:00,4351,Entertainment,Cash,70000,Yes
2023-03-28 10:00:00,3394,Travel,Cash,30000,No
2023-11-30 00:00:00,916,Travel,Cash,70000,No
2023-01-27 21:00:00,142,Entertainment,Cash,30000,No
2023-06-27 15:00:00,3228,Food,UPI,30000,No
2024-01-02 17:00:00,1401,Shopping,Net Banking,70000,Yes
2023-09-13 16:00:00,414,Shopping,Net Banking,70000,No
2023-12-27 06:00:00,4966,Transport,UPI,70000,No
2024-02-17 12:00:00,3768,Travel,UPI,30000,No
2023-05-04 17:00:00,1974,Entertainment,Cash,50000,Yes
2023-05-07 04:00:00,3145,Groceries,Card,30000,Yes
2023-11-15 11:00:00,2588,Food,Net Banking,30000,No
2023-04-22 17:00:00,1346,Shopping,Card,30000,No
2023-06-01 05:00:00,2326,Food,Net Banking,100000,No
2023-06-26 01:00:00,52,Food,Cash,50000,No
2023-05-08 19:00:00,3542,Transport,Card,30000,No
2023-09-05 13:00:00,1803,Food,Net Banking,30000,No
2023-02-27 18:00:00,960,Entertainment,Net Banking,100000,No
2023-04-30 10:00:00,356,Transport,Cash,30000,No
2023-07-19 12:00:00,4281,Entertainment,Card,50000,No
2023-08-17 18:00:00,4065,Transport,Cash,30000,Yes
2023-06-21 20:00:00,1488,Entertainment,Card,50000,No
2023-12-14 12:00:00,922,Transport,Card,50000,No
2023-06-10 10:00:00,1191,Transport,Net Banking,70000,No
2023-08-14 15:00:00,715,Travel,UPI,100000,No
2023-11-16 23:00:00,258,Entertainment,Card,100000,No
2023-10-12 03:00:00,1001,Travel,Card,100000,No
2024-01-24 16:00:00,1107,Transport,Cash,70000,No
2023-12-16 02:00:00,4794,Shopping,Card,70000,Yes
2024-01-29 10:00:00,4772,Transport,Card,50000,Yes
2023-02-25 13:00:00,4670,Shopping,Card,100000,No
2023-06-22 22:00:00,4058,Shopping,Card,70000,No
2023-10-09 22:00:00,1918,Shopping,Card,70000,No
2023-04-23 23:00:00,4914,Shopping,UPI,70000,No
2023-07-22 05:00:00,821,Entertainment,Net Banking,50000,No
2023-09-16 20:00:00,4885,Groceries,Card,30000,Yes
2023-11-08 15:00:00,4080,Entertainment,Cash,70000,Yes
2023-08-14 08:00:00,571,Groceries,Cash,70000,Yes
2024-02-20 17:00:00,3405,Entertainment,Card,70000,Yes
2023-11-18 11:00:00,1450,Shopping,Card,100000,No
2024-01-08 14:00:00,3788,Food,Card,100000,No
2023-03-15 10:00:00,4393,Transport,UPI,70000,No
2023-10-23 21:00:00,3773,Groceries,Net Banking,50000,Yes
2023-11-16 18:00:00,3297,Food,Cash,30000,No
2023-09-13 02:00:00,1908,Shopping,UPI,100000,No
2023-01-21 01:00:00,4831,Groceries,UPI,30000,No
2023-01-07 09:00:00,4114,Food,Card,70000,No
2023-11-14 09:00:00,4731,Entertainment,Net Banking,100000,No
2023-03-05 12:00:00,2448,Shopping,Card,30000,No
2023-03-30 08:00:00,192,Entertainment,Cash,70000,No
2023-04-08 15:00:00,2901,Entertainment,Net Banking,100000,No
2023-08-03 00:00:00,3519,Shopping,Card,70000,Yes
2023-08-29 00:00:00,3745,Groceries,Cash,100000,Yes
2023-02-21 16:00:00,767,Transport,UPI,30000,No
2023-01-03 12:00:00,692,Travel,Cash,30000,No
2024-01-16 10:00:00,3490,Travel,Cash,100000,No
2023-03-10 07:00:00,2598,Transport,Cash,50000,No
2023-09-15 17:00:00,3743,Shopping,Net Banking,70000,No
2023-11-29 02:00:00,419,Travel,UPI,30000,Yes
2023-02-22 04:00:00,3700,Transport,Net Banking,50000,Yes
2023-06-25 03:00:00,836,Food,UPI,100000,No
2023-12-15 11:00:00,999,Transport,Card,30000,No
2024-02-07 02:00:00,571,Groceries,Card,30000,No
2023-05-28 21:00:00,2993,Transport,Cash,70000,No
2023-06-24 21:00:00,404,Entertainment,Cash,50000,No
2023-10-20 01:00:00,2385,Entertainment,Net Banking,70000,No
2023-10-05 19:00:00,1532,Shopping,UPI,100000,Yes
2023-04-07 18:00:00,1697,Entertainment,UPI,30000,Yes
2024-02-14 12:00:00,3095,Food,UPI,50000,No
2023-06-20 10:00:00,4681,Transport,Cash,70000,No
2023-10-18 00:00:00,2265,Food,Cash,50000,No
2023-05-06 04:00:00,4766,Shopping,UPI,100000,Yes
2023-08-03 00:00:00,477,Entertainment,Cash,30000,No
2023-01-14 17:00:00,2587,Travel,UPI,50000,No
2023-06-01 16:00:00,594,Transport,Net Banking,100000,No
2023-11-29 14:00:00,2814,Travel,Card,100000,No
2023-06-21 03:00:00,4969,Groceries,UPI,30000,No
2023-02-25 21:00:00,3815,Shopping,Cash,70000,No
2023-12-17 07:00:00,708,Groceries,Net Banking,30000,No
2023-01-15 02:00:00,2877,Travel,Cash,30000,No
2023-09-03 15:00:00,2108,Travel,Cash,50000,No
2023-04-23 20:00:00,3377,Travel,Cash,50000,No
2023-03-14 22:00:00,780,Groceries,UPI,70000,No
2023-08-22 12:00:00,1882,Shopping,Net Banking,100000,No
2023-04-11 21:00:00,458,Transport,UPI,50000,No
2023-10-24 15:00:00,4229,Transport,Card,70000,No
2024-01-06 21:00:00,3297,Food,UPI,30000,No
2023-08-10 15:00:00,4852,Food,Card,100000,No
2023-10-03 09:00:00,183,Travel,Net Banking,30000,No
2023-08-13 11:00:00,4933,Shopping,Net Banking,100000,Yes
2023-06-16 09:00:00,716,Shopping,UPI,50000,Yes
2023-12-28 16:00:00,326,Entertainment,UPI,30000,Yes
2023-12-02 04:00:00,3357,Entertainment,Cash,30000,Yes
2023-12-10 06:00:00,931,Groceries,Card,100000,No
2023-07-23 01:00:00,2110,Entertainment,Cash,70000,Yes
2023-07-20 06:00:00,2132,Transport,Cash,100000,No
2023-12-25 00:00:00,1287,Transport,Net Banking,50000,Yes
2023-09-04 09:00:00,2502,Groceries,UPI,70000,No
2023-10-24 20:00:00,208,Food,Net Banking,30000,No
2023-05-12 13:00:00,2646,Travel,UPI,30000,No
2023-01-17 06:00:00,3865,Shopping,Net Banking,30000,Yes
2023-07-04 14:00:00,4424,Food,Net Banking,50000,No
2024-01-03 12:00:00,2576,Transport,Net Banking,30000,Yes
2023-11-17 06:00:00,160,Food,Card,30000,No
2023-06-26 08:00:00,591,Groceries,Net Banking,70000,No
2023-11-30 15:00:00,1188,Travel,Card,50000,No
2023-03-05 09:00:00,3333,Transport,Net Banking,30000,Yes
2024-01-11 18:00:00,3660,Groceries,UPI,70000,No
2023-03-04 12:00:00,4505,Food,Card,30000,Yes
2023-10-08 17:00:00,3607,Shopping,UPI,70000,No
2023-05-18 06:00:00,2469,Entertainment,UPI,30000,Yes
2023-07-31 21:00:00,1806,Groceries,UPI,50000,Yes
2023-04-11 19:00:00,3136,Transport,Card,100000,No
2024-01-16 06:00:00,2356,Food,Cash,50000,Yes
2023-05-07 18:00:00,1025,Entertainment,Card,70000,No
2023-07-07 09:00:00,772,Entertainment,Cash,30000,Yes
2023-03-03 02:00:00,2620,Food,Card,50000,No
2023-05-29 09:00:00,374,Travel,Net Banking,30000,No
2023-01-26 14:00:00,1579,Food,Cash,50000,Yes
2023-08-13 16:00:00,1995,Transport,Net Banking,70000,No
2023-11-17 13:00:00,4536,Shopping,Cash,100000,No
2024-01-26 14:00:00,2480,Transport,Card,50000,No
2023-05-15 07:00:00,4161,Entertainment,Card,30000,No
2023-10-25 10:00:00,3560,Shopping,Cash,30000,No
2023-04-22 03:00:00,895,Groceries,Net Banking,30000,No
2023-11-29 12:00:00,617,Entertainment,UPI,70000,No
2023-01-06 10:00:00,3738,Travel,Cash,70000,No
2023-05-05 07:00:00,2229,Food,Cash,100000,No
2023-06-28 06:00:00,2069,Groceries,Net Banking,30000,No
2023-10-24 22:00:00,3369,Transport,UPI,100000,No
2023-12-09 22:00:00,2370,Shopping,Cash,30000,No
2023-11-17 14:00:00,1696,Groceries,UPI,50000,No
2023-10-04 16:00:00,4053,Travel,UPI,50000,No
2023-08-16 20:00:00,3959,Food,Card,50000,Yes
2023-02-08 08:00:00,3470,Groceries,Net Banking,30000,Yes
2023-11-12 04:00:00,2581,Transport,Cash,50000,No
2023-12-28 20:00:00,406,Shopping,Cash,30000,No
2024-01-24 11:00:00,3131,Groceries,UPI,100000,No
2023-12-21 06:00:00,2330,Food,Cash,70000,No
2024-01-08 02:00:00,4181,Transport,UPI,50000,Yes
2023-05-16 01:00:00,2510,Groceries,Cash,30000,Yes
2023-01-23 17:00:00,2837,Shopping,Net Banking,30000,No
2023-07-01 02:00:00,4259,Food,Cash,100000,No
2024-02-21 12:00:00,1247,Travel,UPI,100000,No
2023-06-08 18:00:00,1328,Travel,UPI,70000,No
2023-10-28 06:00:00,515,Entertainment,Cash,100000,No
2024-01-11 05:00:00,4050,Groceries,Cash,70000,No
2023-03-26 16:00:00,3398,Shopping,UPI,70000,No
2023-12-18 12:00:00,1537,Groceries,Card,100000,No
2023-01-12 07:00:00,4992,Food,Card,70000,No
2023-05-27 07:00:00,4647,Entertainment,Cash,50000,No
2023-03-15 19:00:00,4586,Shopping,Net Banking,70000,Yes
2024-01-29 22:00:00,375,Groceries,Cash,30000,No
2023-07-01 17:00:00,1815,Shopping,Net Banking,30000,Yes
2023-10-22 13:00:00,4212,Food,Cash,30000,Yes
2023-02-08 08:00:00,353,Entertainment,UPI,100000,Yes
2023-12-08 06:00:00,4629,Shopping,Cash,30000,No
2023-05-23 22:00:00,1490,Food,Net Banking,100000,No
2023-07-04 19:00:00,198,Travel,Net Banking,30000,No
2023-06-06 16:00:00,3084,Shopping,Cash,70000,No
2023-03-27 10:00:00,2681,Entertainment,Cash,100000,Yes
2023-02-18 13:00:00,145,Transport,Card,30000,No
2023-12-23 23:00:00,3505,Transport,Cash,70000,No
2023-03-26 17:00:00,4427,Shopping,Cash,100000,Yes
2023-09-27 11:00:00,2419,Shopping,UPI,70000,No
2023-01-07 01:00:00,3517,Food,Net Banking,70000,No
2023-07-02 20:00:00,578,Groceries,Card,70000,No
2023-11-23 08:00:00,2360,Transport,UPI,100000,No
2023-12-26 07:00:00,4725,Groceries,Cash,100000,No
2024-01-06 16:00:00,1713,Transport,Net Banking,50000,Yes
2023-12-07 13:00:00,3414,Shopping,Cash,50000,No
2023-04-20 16:00:00,2391,Entertainment,Cash,50000,No
2023-07-07 06:00:00,4955,Entertainment,Cash,50000,Yes
2023-12-02 16:00:00,742,Transport,Cash,100000,No
2023-11-09 23:00:00,4380,Transport,Net Banking,50000,No
2024-01-17 11:00:00,1001,Food,UPI,30000,No
2023-03-18 04:00:00,1410,Shopping,Cash,50000,No
2024-01-16 10:00:00,588,Shopping,Cash,30000,No
2023-07-20 05:00:00,869,Groceries,Card,30000,Yes
2023-02-03 14:00:00,3212,Food,Card,70000,No
2024-02-07 07:00:00,3975,Travel,Net Banking,70000,No
2023-11-08 22:00:00,321,Entertainment,Cash,70000,Yes
2023-12-08 18:00:00,1078,Entertainment,Cash,50000,No
2023-03-19 20:00:00,3715,Shopping,Cash,100000,No
2023-11-25 06:00:00,1292,Food,Net Banking,30000,No
2023-08-26 02:00:00,1191,Travel,Net Banking,100000,No
2023-11-23 03:00:00,642,Entertainment,Cash,100000,No
2023-08-15 05:00:00,1655,Food,Cash,50000,No
2024-01-14 04:00:00,4260,Travel,Net Banking,100000,No
2023-05-29 12:00:00,3427,Transport,Cash,100000,No
2023-02-27 21:00:00,4121,Shopping,UPI,70000,No
2023-10-31 02:00:00,4352,Groceries,UPI,70000,Yes
2023-02-04 08:00:00,3744,Entertainment,Net Banking,30000,No
2023-04-05 09:00:00,2400,Entertainment,UPI,30000,No
2023-02-09 00:00:00,4257,Travel,Card,70000,No
2023-09-24 18:00:00,1490,Groceries,Cash,50000,No
2023-06-10 05:00:00,3676,Transport,Card,50000,No
2023-03-16 20:00:00,1932,Food,Card,30000,No
2023-12-10 13:00:00,3761,Shopping,Card,70000,No
2023-10-28 14:00:00,234,Food,UPI,50000,Yes
2023-01-31 06:00:00,270,Travel,Cash,100000,No
2023-04-25 00:00:00,3238,Entertainment,Cash,30000,No
2023-03-21 17:00:00,1143,Transport,Net Banking,30000,No
2024-02-12 20:00:00,2995,Entertainment,Card,100000,No
2023-11-16 01:00:00,2524,Food,UPI,100000,No
2023-04-13 18:00:00,2665,Transport,Card,30000,No
2024-01-12 17:00:00,2062,Shopping,Card,100000,No
2023-11-01 16:00:00,2540,Travel,Cash,50000,No
2023-12-08 10:00:00,650,Shopping,Net Banking,30000,Yes
2023-11-26 10:00:00,1210,Travel,UPI,50000,No
2023-07-23 04:00:00,4649,Shopping,Cash,30000,No
2023-10-31 15:00:00,4363,Food,Card,50000,Yes
2023-02-07 04:00:00,2785,Groceries,Cash,70000,No
2023-07-14 19:00:00,2268,Transport,Card,50000,No
2023-03-22 13:00:00,4757,Travel,UPI,100000,Yes
2023-02-27 12:00:00,1202,Food,Cash,70000,No
2023-02-23 18:00:00,106,Entertainment,Cash,30000,No
2023-03-10 08:00:00,1254,Entertainment,Cash,50000,No
2023-11-09 02:00:00,4391,Shopping,Cash,30000,Yes
2024-01-18 11:00:00,193,Entertainment,Cash,70000,No
2023-02-20 18:00:00,417,Groceries,UPI,100000,No
2023-07-29 00:00:00,1532,Travel,Net Banking,100000,No
2023-10-14 17:00:00,665,Shopping,UPI,100000,No
2024-02-02 19:00:00,3688,Travel,Cash,30000,Yes
2024-02-11 08:00:00,3378,Travel,Card,100000,No
2024-02-05 10:00:00,3277,Food,Card,100000,No
2023-02-09 18:00:00,1638,Entertainment,Cash,30000,Yes
2024-01-18 07:00:00,2539,Transport,Net Banking,30000,No
2023-10-31 19:00:00,3053,Travel,Cash,70000,No
2023-02-10 14:00:00,748,Groceries,UPI,100000,No
2023-06-22 05:00:00,2873,Groceries,Net Banking,70000,Yes
2023-08-12 18:00:00,994,Transport,Net Banking,50000,No
2023-06-15 12:00:00,3931,Entertainment,UPI,50000,No
2023-08-09 15:00:00,972,Entertainment,Net Banking,50000,Yes
2024-01-15 09:00:00,1796,Shopping,Cash,50000,No
2023-12-09 20:00:00,4170,Shopping,Cash,30000,No
2024-02-17 15:00:00,2903,Shopping,Card,70000,No
2023-05-06 20:00:00,1609,Entertainment,UPI,70000,No
2024-01-10 11:00:00,1133,Travel,Net Banking,30000,No
2023-06-18 04:00:00,3588,Food,Net Banking,50000,No
2023-07-31 04:00:00,483,Transport,Net Banking,70000,No
2023-08-07 01:00:00,2976,Transport,Cash,100000,Yes
2024-02-01 12:00:00,1139,Transport,UPI,30000,No
2023-01-14 05:00:00,3007,Shopping,Cash,30000,No
2023-04-10 20:00:00,2662,Food,Net Banking,100000,No
2023-04-01 02:00:00,4241,Groceries,Cash,50000,No
2023-04-25 09:00:00,3809,Entertainment,Net Banking,50000,No
2023-03-08 07:00:00,4313,Groceries,Net Banking,70000,No
2023-09-15 15:00:00,2139,Shopping,Cash,100000,No
2023-06-13 18:00:00,1952,Travel,Net Banking,70000,No
2023-02-24 16:00:00,2617,Shopping,Cash,50000,Yes
2024-01-30 21:00:00,2048,Food,Card,70000,No
2023-06-29 15:00:00,3164,Shopping,Cash,100000,Yes
2023-11-01 18:00:00,3044,Transport,Card,100000,No
2023-04-10 07:00:00,2060,Travel,Card,100000,No
2023-05-15 23:00:00,4894,Travel,Cash,50000,No
2023-03-31 03:00:00,1941,Entertainment,UPI,30000,No
2023-03-13 00:00:00,880,Entertainment,UPI,30000,No
2023-10-16 12:00:00,98,Transport,Cash,30000,No
2023-01-16 02:00:00,4260,Travel,Cash,70000,No
2023-04-19 12:00:00,1228,Transport,Net Banking,100000,No
2024-02-17 20:00:00,3083,Travel,Net Banking,50000,No
2023-06-28 14:00:00,120,Food,Cash,30000,No
2023-06-05 18:00:00,116,Shopping,UPI,30000,No
2023-04-13 21:00:00,1827,Entertainment,Net Banking,70000,No
2023-07-19 19:00:00,2278,Food,Net Banking,70000,Yes
2023-09-14 06:00:00,1839,Shopping,UPI,30000,No
2023-01-24 04:00:00,662,Entertainment,Cash,100000,No
2024-01-11 17:00:00,1936,Transport,UPI,100000,No
2023-04-28 00:00:00,1672,Food,Card,70000,No
2023-08-03 14:00:00,746,Groceries,Net Banking,70000,No
2023-11-12 01:00:00,1287,Groceries,Net Banking,100000,No
2023-04-24 07:00:00,2456,Entertainment,Net Banking,70000,No
2023-09-29 02:00:00,298,Food,UPI,70000,No
2023-06-05 21:00:00,687,Shopping,UPI,100000,No
2024-02-11 22:00:00,999,Shopping,Cash,100000,No
2023-06-16 14:00:00,1954,Food,Net Banking,50000,No
2023-04-11 03:00:00,3637,Groceries,Card,70000,No
2024-01-01 20:00:00,1161,Food,Cash,70000,No
2024-02-10 19:00:00,225,Groceries,UPI,50000,No
2023-01-13 06:00:00,772,Groceries,Card,70000,No
2023-08-11 15:00:00,3892,Transport,Cash,70000,Yes
2024-02-16 18:00:00,3724,Transport,UPI,30000,No
2023-02-17 08:00:00,4916,Shopping,Card,30000,No
2023-03-28 00:00:00,1997,Entertainment,Cash,30000,No
2023-10-20 01:00:00,752,Travel,Card,50000,No
2023-07-09 07:00:00,2178,Food,UPI,70000,No
2023-02-11 23:00:00,976,Groceries,Cash,50000,No
2023-08-15 21:00:00,4283,Food,UPI,50000,Yes
2023-08-12 00:00:00,3554,Entertainment,Net Banking,70000,No
2024-01-29 07:00:00,2567,Entertainment,Net Banking,100000,No
2023-03-01 19:00:00,2447,Travel,Card,100000,No
2023-01-24 19:00:00,1199,Travel,Net Banking,70000,No
2023-04-10 06:00:00,3430,Groceries,UPI,100000,No
2024-01-29 05:00:00,1928,Transport,Card,30000,No
2023-07-31 20:00:00,1303,Travel,Cash,70000,No
2023-01-12 13:00:00,1533,Transport,UPI,50000,Yes
2023-10-22 03:00:00,359,Transport,Cash,30000,Yes
2023-03-20 15:00:00,4002,Groceries,Cash,50000,No
2023-02-22 17:00:00,3099,Shopping,Cash,100000,No
2023-11-09 03:00:00,1614,Transport,Cash,70000,No
2023-02-13 08:00:00,1550,Groceries,UPI,30000,No
2024-01-15 13:00:00,4915,Travel,Net Banking,70000,No
2023-12-03 09:00:00,65,Food,UPI,30000,No
2024-01-14 05:00:00,655,Travel,Net Banking,30000,No
2023-04-25 16:00:00,1431,Entertainment,Cash,30000,No
2023-12-09 05:00:00,4958,Travel,Net Banking,70000,No
2023-07-10 09:00:00,3433,Shopping,Cash,30000,No
2023-09-22 17:00:00,944,Groceries,Card,30000,No
2023-04-09 01:00:00,1617,Transport,Cash,70000,No
2023-11-06 21:00:00,463,Entertainment,Net Banking,50000,No
2023-07-19 23:00:00,4170,Groceries,Card,100000,No
2023-01-29 14:00:00,2054,Groceries,Card,70000,No
2023-12-20 04:00:00,365,Transport,Cash,70000,No
2023-07-20 11:00:00,4716,Travel,UPI,30000,No
2024-01-09 02:00:00,4870,Food,Net Banking,70000,No
2023-08-11 18:00:00,3105,Entertainment,Card,70000,No
2023-07-30 03:00:00,1899,Transport,UPI,100000,Yes
2023-04-12 04:00:00,2003,Shopping,Cash,70000,No
2023-08-02 14:00:00,438,Shopping,Cash,30000,Yes
2023-12-09 12:00:00,2819,Food,Cash,100000,No
2024-01-15 02:00:00,4589,Food,Cash,70000,No
2023-11-22 13:00:00,3096,Travel,Net Banking,30000,No
2024-02-06 21:00:00,2465,Shopping,Card,100000,No
2023-05-20 20:00:00,2439,Entertainment,Net Banking,70000,No
2023-12-29 19:00:00,353,Transport,Card,30000,No
2023-10-30 18:00:00,813,Food,UPI,100000,No
2023-09-30 12:00:00,2023,Food,UPI,30000,No
2023-01-02 14:00:00,865,Food,Card,100000,No
2023-05-20 06:00:00,927,Transport,Cash,70000,Yes
2024-01-14 06:00:00,4848,Entertainment,UPI,50000,No
2023-04-29 12:00:00,2376,Shopping,Net Banking,100000,No
2023-02-15 18:00:00,2479,Entertainment,Card,70000,No
2023-10-20 19:00:00,2110,Transport,UPI,100000,No
2023-03-17 23:00:00,4448,Entertainment,Card,50000,No
2023-05-12 11:00:00,1629,Travel,Cash,30000,No
2023-05-09 21:00:00,4305,Transport,Card,50000,No
2023-08-24 18:00:00,2251,Food,UPI,50000,No
2023-06-07 10:00:00,3647,Shopping,Card,30000,No
2023-05-01 16:00:00,1253,Travel,UPI,50000,No
2023-02-11 04:00:00,2474,Travel,UPI,70000,No
2023-06-21 12:00:00,3925,Transport,UPI,100000,No
2023-09-26 14:00:00,2873,Groceries,Net Banking,50000,No
2023-06-24 03:00:00,3335,Food,Cash,100000,No
2023-03-12 02:00:00,2113,Shopping,Cash,100000,No
2023-08-23 10:00:00,2029,Shopping,Card,30000,No
2023-11-06 08:00:00,4398,Shopping,Card,50000,Yes
2023-02-08 21:00:00,3181,Transport,UPI,30000,No
2023-05-30 22:00:00,3142,Food,Cash,30000,No
2023-03-24 12:00:00,4876,Transport,Card,100000,No
2023-05-08 08:00:00,3714,Shopping,Card,70000,No
2024-01-10 08:00:00,2386,Entertainment,Cash,100000,No
2023-02-02 23:00:00,3664,Entertainment,UPI,30000,Yes
2023-08-13 14:00:00,547,Food,Card,50000,No
2023-10-04 11:00:00,3867,Shopping,UPI,70000,No
2023-04-04 23:00:00,4693,Transport,Cash,70000,No
2023-05-31 10:00:00,181,Groceries,Cash,50000,No
2023-03-08 23:00:00,907,Groceries,Card,50000,No
2023-08-04 19:00:00,570,Groceries,Card,70000,No
2023-10-01 21:00:00,79,Entertainment,Cash,30000,No
2023-02-11 00:00:00,3446,Transport,UPI,70000,No
2023-08-29 16:00:00,4654,Groceries,UPI,70000,No
2023-06-03 04:00:00,1310,Shopping,Net Banking,70000,No
2023-05-21 20:00:00,1608,Shopping,Cash,30000,No
2023-12-29 23:00:00,65,Groceries,Card,50000,Yes
2024-01-01 22:00:00,3655,Travel,Cash,50000,No
2023-02-13 18:00:00,1657,Groceries,Card,50000,No
2023-06-01 09:00:00,3567,Travel,UPI,30000,No
2023-09-22 06:00:00,2066,Food,Card,30000,No
2023-02-09 23:00:00,3624,Food,Net Banking,50000,No
2023-09-10 11:00:00,1793,Shopping,UPI,100000,No
2024-01-06 04:00:00,3841,Transport,Net Banking,100000,Yes
2023-08-24 15:00:00,3684,Entertainment,Cash,50000,No
2023-07-06 09:00:00,1138,Transport,Card,100000,No
2023-05-03 18:00:00,1411,Shopping,UPI,100000,No
2023-11-18 21:00:00,3422,Shopping,Card,50000,Yes
2023-01-22 22:00:00,4523,Transport,Net Banking,50000,No
2023-05-15 08:00:00,525,Entertainment,UPI,30000,No
2023-03-20 03:00:00,1339,Shopping,Net Banking,100000,No
2023-03-15 11:00:00,378,Entertainment,UPI,100000,Yes
2023-12-30 00:00:00,4094,Shopping,Cash,50000,No
2023-08-30 13:00:00,1889,Food,Cash,70000,No
2024-01-19 16:00:00,1236,Travel,Card,50000,No
2023-10-23 19:00:00,4583,Shopping,Net Banking,30000,No
2023-08-01 21:00:00,3464,Travel,Net Banking,70000,No
2023-10-04 20:00:00,3586,Groceries,UPI,70000,No
2023-01-05 20:00:00,1823,Shopping,Cash,70000,No
2023-04-12 09:00:00,2113,Food,Card,30000,Yes
2023-08-16 15:00:00,1894,Entertainment,Cash,100000,Yes
2023-01-25 07:00:00,2608,Food,Net Banking,50000,No
2023-12-24 18:00:00,1312,Travel,Card,30000,No
2023-06-07 20:00:00,3341,Entertainment,Cash,30000,Yes
2023-06-23 15:00:00,1068,Food,Cash,70000,No
2023-12-19 17:00:00,1839,Food,UPI,70000,Yes
2023-02-27 21:00:00,3574,Food,UPI,30000,No
2023-12-15 05:00:00,3554,Transport,Net Banking,100000,No
2024-02-11 15:00:00,856,Entertainment,Cash,70000,No
2023-09-14 10:00:00,2716,Food,UPI,30000,No
2023-08-14 20:00:00,454,Food,Cash,70000,No
2024-01-07 16:00:00,643,Travel,Card,50000,No
2023-03-27 03:00:00,3999,Food,Cash,50000,No
2023-06-24 21:00:00,4157,Food,Cash,50000,Yes
2023-05-26 16:00:00,3330,Groceries,Net Banking,70000,No
2023-02-02 10:00:00,2262,Entertainment,Card,70000,No
2023-01-09 21:00:00,1592,Groceries,Card,100000,Yes
2023-06-06 18:00:00,663,Transport,UPI,50000,No
2024-02-12 00:00:00,918,Travel,Card,100000,Yes
2023-10-08 11:00:00,861,Groceries,Net Banking,30000,No
2023-05-10 21:00:00,1872,Transport,UPI,30000,No
2023-08-30 07:00:00,4912,Shopping,Cash,50000,No
2024-01-01 23:00:00,4227,Entertainment,Card,100000,No
2023-04-24 08:00:00,1794,Food,Cash,70000,No
2024-01-07 01:00:00,2306,Groceries,UPI,100000,No
2024-01-16 07:00:00,4092,Groceries,Card,30000,No
2023-09-09 23:00:00,3717,Food,UPI,100000,No
2023-12-01 16:00:00,571,Food,UPI,30000,No
2023-01-01 01:00:00,1575,Travel,Card,30000,No
2023-09-23 08:00:00,1519,Groceries,Card,100000,No
2023-03-23 05:00:00,2725,Groceries,UPI,70000,Yes
2023-10-08 12:00:00,1563,Shopping,Net Banking,30000,No
2023-11-23 09:00:00,4926,Transport,Card,100000,No
2023-02-08 05:00:00,1501,Shopping,UPI,30000,No
2023-05-13 06:00:00,4704,Groceries,Cash,50000,No
2023-10-20 06:00:00,3480,Shopping,Cash,70000,No
2023-01-04 17:00:00,3057,Groceries,Card,50000,No
2023-03-13 05:00:00,3174,Entertainment,Card,30000,Yes
2023-05-07 17:00:00,1803,Travel,Cash,70000,No
2023-01-05 09:00:00,1662,Shopping,UPI,100000,No
2024-01-14 06:00:00,3325,Groceries,UPI,100000,No
2023-12-26 03:00:00,605,Shopping,UPI,70000,No
2023-03-20 23:00:00,4301,Transport,Net Banking,50000,No
2023-09-11 18:00:00,2099,Travel,Card,50000,No
2023-12-21 12:00:00,874,Entertainment,Net Banking,70000,No
2023-09-11 10:00:00,2899,Food,Net Banking,100000,No
2023-01-27 10:00:00,3080,Food,Net Banking,70000,No
2023-03-22 05:00:00,1131,Shopping,Net Banking,50000,No
2023-03-27 16:00:00,3375,Groceries,UPI,30000,No
2023-10-16 05:00:00,542,Transport,Card,100000,Yes
2023-05-12 00:00:00,4814,Travel,Card,70000,No
2024-02-06 07:00:00,124,Entertainment,Net Banking,30000,No
2023-01-24 00:00:00,3041,Entertainment,Card,50000,No
2024-01-07 03:00:00,3410,Entertainment,Cash,100000,Yes
2023-08-13 07:00:00,420,Food,UPI,70000,No
2023-06-12 23:00:00,4732,Travel,Card,50000,No
2024-02-17 17:00:00,378,Food,UPI,70000,No
2023-05-22 05:00:00,4735,Shopping,Cash,70000,No
2024-01-23 11:00:00,1840,Entertainment,UPI,100000,Yes
2023-12-18 18:00:00,826,Travel,Cash,50000,No
2023-04-12 06:00:00,2072,Entertainment,Net Banking,50000,No
2023-01-20 02:00:00,4724,Food,Card,30000,No
2023-01-09 15:00:00,4366,Food,Net Banking,50000,Yes
2023-02-07 11:00:00,1237,Food,Card,50000,Yes
2023-01-01 21:00:00,1553,Entertainment,Net Banking,100000,No
2023-12-25 09:00:00,3341,Travel,Cash,30000,No
2023-02-07 06:00:00,3375,Travel,Card,100000,No
2023-01-22 10:00:00,237,Shopping,Net Banking,50000,No
2023-10-31 22:00:00,1264,Entertainment,UPI,30000,No
2023-07-24 08:00:00,3336,Shopping,UPI,100000,No
2023-11-24 19:00:00,3496,Transport,Net Banking,30000,No
2023-06-21 05:00:00,1159,Shopping,Cash,50000,Yes
2023-10-27 03:00:00,2571,Shopping,Net Banking,30000,No
2023-03-07 00:00:00,4989,Shopping,UPI,30000,Yes
2023-02-22 18:00:00,3929,Food,Card,30000,Yes
2023-06-01 14:00:00,580,Transport,Card,50000,No
2024-01-08 13:00:00,1120,Shopping,Net Banking,50000,Yes
2023-05-23 19:00:00,3186,Travel,Card,30000,Yes
2023-07-19 04:00:00,1012,Shopping,UPI,100000,No
2023-03-22 07:00:00,1455,Food,Card,100000,No
2023-04-09 04:00:00,3187,Groceries,Net Banking,50000,No
2023-07-19 14:00:00,566,Transport,Net Banking,70000,No
2023-01-13 18:00:00,3214,Groceries,Net Banking,100000,No
2023-11-29 11:00:00,1541,Groceries,UPI,30000,No
2023-06-02 17:00:00,3739,Transport,Cash,70000,No
2023-10-22 01:00:00,4278,Entertainment,Card,50000,Yes
2023-01-28 13:00:00,4459,Travel,Net Banking,100000,No
2023-07-13 12:00:00,640,Food,Cash,70000,No
2023-12-21 07:00:00,1593,Transport,Net Banking,50000,No
2023-05-02 16:00:00,3106,Groceries,Net Banking,50000,No
2024-01-22 10:00:00,2256,Food,UPI,30000,No
2024-01-08 18:00:00,3389,Food,UPI,100000,No
2023-09-17 20:00:00,2758,Entertainment,Cash,70000,No
2023-09-11 06:00:00,4079,Groceries,Net Banking,30000,No
2023-01-15 16:00:00,797,Shopping,Card,100000,No
2024-01-14 22:00:00,850,Food,Card,70000,No
2023-10-19 21:00:00,1547,Groceries,Card,50000,Yes
2023-01-07 14:00:00,1429,Food,Cash,50000,No
2023-02-09 20:00:00,729,Entertainment,UPI,100000,No
2023-03-28 07:00:00,3820,Entertainment,Cash,30000,No
2023-12-25 03:00:00,3392,Shopping,UPI,70000,No
2024-02-04 03:00:00,946,Entertainment,Card,70000,No
2023-05-24 21:00:00,1596,Groceries,Card,50000,No
2023-10-06 03:00:00,3176,Transport,UPI,100000,No
2023-02-09 19:00:00,733,Entertainment,Card,30000,No
2023-09-20 07:00:00,1345,Transport,Cash,50000,No
2023-03-13 08:00:00,1435,Shopping,UPI,50000,Yes
2023-07-15 23:00:00,992,Travel,Card,30000,Yes
2023-10-01 11:00:00,3330,Food,Net Banking,70000,No
2024-01-30 09:00:00,1083,Food,Card,70000,No
2023-08-23 15:00:00,2836,Groceries,Net Banking,100000,No
2024-02-06 09:00:00,2283,Shopping,Card,50000,Yes
2024-02-21 05:00:00,3695,Shopping,Net Banking,100000,Yes
2023-02-28 02:00:00,1670,Shopping,Card,70000,No
2024-01-30 05:00:00,3585,Food,Net Banking,30000,No
2023-07-17 04:00:00,3255,Entertainment,UPI,70000,No
2023-06-04 18:00:00,2932,Food,UPI,70000,No
2023-01-23 01:00:00,4954,Food,Net Banking,50000,No
2023-05-04 06:00:00,220,Food,Card,70000,Yes
2023-11-26 08:00:00,1603,Entertainment,Cash,100000,No
2023-05-30 15:00:00,3947,Travel,Cash,30000,Yes
2023-10-15 07:00:00,1645,Groceries,Cash,50000,Yes
2024-01-16 11:00:00,1673,Travel,Cash,30000,No
2023-01-22 21:00:00,4172,Travel,Net Banking,100000,No
2023-09-27 21:00:00,1141,Food,UPI,100000,No
2023-01-01 01:00:00,2887,Travel,UPI,70000,No
2023-01-16 14:00:00,457,Food,Cash,100000,No
2023-07-13 16:00:00,4219,Food,UPI,70000,Yes
2023-04-09 13:00:00,729,Groceries,Net Banking,50000,No
2023-03-05 13:00:00,4994,Shopping,Cash,30000,Yes
2023-03-10 14:00:00,286,Food,Net Banking,70000,Yes
2023-01-01 13:00:00,2824,Travel,Net Banking,70000,No
2023-07-11 15:00:00,3487,Groceries,Card,50000,No
2023-04-05 22:00:00,3407,Transport,Net Banking,100000,No
2023-05-12 11:00:00,2927,Transport,Card,70000,Yes
2023-12-13 17:00:00,2473,Transport,Cash,100000,No
2023-06-08 22:00:00,4764,Travel,Net Banking,70000,No
2023-05-15 00:00:00,3197,Shopping,UPI,100000,Yes
2023-12-09 11:00:00,1082,Entertainment,Cash,70000,No
2023-03-30 01:00:00,2904,Shopping,Net Banking,30000,Yes
2024-01-29 12:00:00,2990,Groceries,Net Banking,30000,No
2023-07-01 12:00:00,3751,Shopping,UPI,30000,No
2023-08-19 23:00:00,4120,Transport,Card,70000,No
2023-07-09 19:00:00,3182,Shopping,Net Banking,100000,No
2023-10-22 06:00:00,3510,Groceries,Net Banking,50000,Yes
2023-05-21 14:00:00,4992,Groceries,UPI,50000,No
2023-09-25 22:00:00,1973,Transport,Cash,50000,No
2023-05-25 10:00:00,683,Travel,Net Banking,30000,Yes
2023-05-09 09:00:00,4153,Food,Card,30000,Yes
2023-01-27 05:00:00,1442,Entertainment,Card,30000,Yes
2023-01-12 05:00:00,3496,Entertainment,UPI,100000,No
2023-08-27 12:00:00,3148,Transport,Card,30000,No
2023-09-03 17:00:00,4994,Entertainment,Net Banking,100000,No
2023-05-24 00:00:00,111,Shopping,Card,100000,No
2024-01-30 16:00:00,2519,Groceries,Net Banking,100000,No
2023-09-19 12:00:00,1867,Groceries,UPI,70000,No
2023-09-03 15:00:00,682,Transport,Card,50000,No
2023-10-24 11:00:00,4937,Groceries,Net Banking,100000,No
2023-10-05 08:00:00,2648,Food,Cash,50000,No
2023-01-24 23:00:00,3501,Groceries,Net Banking,100000,Yes
2023-10-20 21:00:00,1350,Groceries,Net Banking,100000,No
2023-09-12 03:00:00,2703,Shopping,UPI,30000,No
2024-01-31 19:00:00,1504,Travel,Net Banking,50000,No
2023-05-14 00:00:00,1188,Entertainment,UPI,100000,No
2023-05-13 10:00:00,3242,Shopping,Net Banking,50000,No
2023-09-10 04:00:00,4670,Shopping,Net Banking,30000,No
2023-04-24 22:00:00,2260,Shopping,Net Banking,100000,No
2023-09-12 20:00:00,4932,Entertainment,UPI,30000,No
2023-05-29 16:00:00,3809,Transport,Net Banking,100000,No
2024-02-15 07:00:00,3079,Shopping,UPI,30000,No
2024-02-12 03:00:00,1410,Travel,Cash,30000,Yes
2023-04-02 19:00:00,2476,Transport,UPI,70000,No
2023-02-27 22:00:00,4318,Groceries,Cash,100000,No
2023-03-14 14:00:00,113,Travel,UPI,100000,No
2023-03-22 05:00:00,1395,Transport,UPI,100000,No
2023-01-26 19:00:00,1024,Groceries,Net Banking,50000,No
2023-02-23 02:00:00,4211,Groceries,Card,70000,No
2023-02-09 20:00:00,3678,Shopping,Card,50000,No
2023-03-22 19:00:00,1672,Shopping,Net Banking,100000,No
2023-06-14 17:00:00,507,Entertainment,Cash,70000,No
2023-02-10 08:00:00,3380,Food,Net Banking,30000,No
2024-02-01 04:00:00,1790,Travel,Card,70000,No
2024-01-20 19:00:00,3076,Entertainment,UPI,30000,No
2023-01-12 17:00:00,2004,Entertainment,Net Banking,100000,No
2023-09-18 22:00:00,329,Travel,Cash,100000,No
2023-02-14 02:00:00,2441,Transport,Net Banking,30000,No
2023-06-28 21:00:00,1090,Travel,Card,70000,No
2023-08-04 18:00:00,1011,Groceries,UPI,50000,No
2023-10-18 20:00:00,3895,Food,Card,70000,No
2024-01-19 08:00:00,1267,Transport,Card,30000,Yes
2023-02-21 05:00:00,3270,Shopping,Card,30000,Yes
2024-01-20 11:00:00,424,Food,Card,50000,No
2023-07-11 01:00:00,4180,Food,UPI,50000,No
2023-12-19 19:00:00,1442,Shopping,Card,50000,No
2023-04-25 04:00:00,2126,Food,Cash,30000,No
2023-04-06 09:00:00,824,Transport,Cash,100000,Yes
2023-02-21 15:00:00,4366,Transport,Card,70000,No
2023-08-12 18:00:00,3474,Transport,Cash,50000,Yes
2023-01-06 05:00:00,2173,Entertainment,Card,30000,Yes
2023-11-08 09:00:00,4639,Entertainment,UPI,70000,Yes
2024-01-27 16:00:00,3643,Transport,UPI,50000,No
2023-08-11 14:00:00,329,Shopping,Cash,100000,No
2023-11-03 07:00:00,4891,Shopping,Cash,70000,No
2023-10-04 14:00:00,2861,Travel,Card,70000,No
2023-10-01 18:00:00,2392,Travel,Net Banking,30000,No
2023-05-16 09:00:00,1524,Transport,Card,30000,No
2024-01-15 14:00:00,1907,Food,Card,30000,No
2023-11-13 11:00:00,2939,Food,UPI,100000,No
2023-09-20 06:00:00,1109,Shopping,Net Banking,70000,No
2023-09-29 23:00:00,1972,Food,Net Banking,50000,Yes
2023-08-28 21:00:00,3849,Groceries,Card,100000,No
2023-03-24 01:00:00,4642,Entertainment,UPI,50000,No
2023-02-07 03:00:00,2523,Food,Cash,50000,No
2023-07-06 06:00:00,4189,Food,UPI,30000,No
2023-10-26 23:00:00,1901,Travel,Cash,50000,No
2024-02-03 04:00:00,3591,Groceries,UPI,50000,Yes
2023-12-13 16:00:00,4599,Food,Net Banking,100000,No
2024-01-19 14:00:00,644,Entertainment,UPI,30000,No
2024-02-21 07:00:00,556,Food,Card,50000,No
2023-10-11 20:00:00,4939,Shopping,Cash,50000,No
2023-11-10 07:00:00,70,Groceries,UPI,50000,No
2023-07-12 04:00:00,1449,Food,UPI,70000,Yes
2024-02-09 14:00:00,3251,Groceries,Cash,70000,No
2023-02-19 22:00:00,2511,Food,UPI,30000,Yes
2023-08-07 06:00:00,3728,Entertainment,Cash,100000,No
2023-09-11 17:00:00,386,Entertainment,Net Banking,30000,No
2023-09-18 17:00:00,1717,Groceries,Cash,70000,No
2023-11-18 01:00:00,3626,Transport,Cash,30000,No
2023-06-04 23:00:00,959,Travel,Net Banking,100000,No
2023-01-13 14:00:00,325,Travel,UPI,30000,No
2023-02-11 02:00:00,941,Shopping,UPI,50000,Yes
2023-07-05 00:00:00,62,Transport,Net Banking,100000,Yes
2023-07-24 13:00:00,4107,Travel,Card,100000,No
2023-05-09 00:00:00,3075,Groceries,Cash,100000,No
2023-05-11 04:00:00,1023,Travel,UPI,30000,No
2024-02-01 15:00:00,4320,Shopping,UPI,30000,Yes
2023-12-05 13:00:00,4020,Food,Cash,50000,No
2023-05-18 03:00:00,1458,Travel,Cash,100000,No
2023-06-18 01:00:00,1993,Groceries,Cash,50000,No
2023-08-01 17:00:00,2338,Groceries,Card,100000,No
2023-01-30 07:00:00,596,Shopping,Net Banking,70000,No
2023-12-05 21:00:00,1268,Shopping,Card,30000,Yes
2023-01-24 22:00:00,1470,Entertainment,Card,50000,No
2023-08-26 16:00:00,1504,Entertainment,Cash,30000,No
2023-11-24 00:00:00,3427,Entertainment,Net Banking,30000,No
2023-08-06 00:00:00,2822,Food,UPI,70000,No
2023-10-16 12:00:00,4148,Groceries,Cash,70000,No
2023-06-09 12:00:00,2788,Entertainment,Net Banking,100000,No
2023-05-15 14:00:00,3797,Groceries,UPI,70000,No
2023-01-21 08:00:00,1892,Shopping,Card,100000,No
2023-10-24 10:00:00,796,Food,Net Banking,70000,No
2024-02-02 11:00:00,2866,Shopping,Card,70000,No
2023-05-13 05:00:00,921,Groceries,Card,50000,Yes
2023-03-11 11:00:00,544,Transport,Net Banking,70000,Yes
2024-02-14 13:00:00,3494,Transport,UPI,50000,No
2023-06-21 10:00:00,4773,Entertainment,Net Banking,70000,No
2023-05-29 01:00:00,1125,Transport,UPI,50000,Yes
2023-11-20 09:00:00,4044,Shopping,Cash,30000,No
2023-02-11 16:00:00,4287,Transport,Cash,100000,No
2024-01-12 18:00:00,95,Travel,Cash,70000,No
2023-02-27 20:00:00,3106,Food,Card,50000,No
2023-08-16 02:00:00,2107,Groceries,Cash,70000,No
2023-06-04 16:00:00,713,Entertainment,Card,50000,No
2023-02-26 23:00:00,4718,Shopping,UPI,50000,No
2023-12-08 05:00:00,2079,Food,Net Banking,70000,No
2024-01-11 13:00:00,2746,Entertainment,Net Banking,100000,No
2023-01-19 22:00:00,689,Shopping,Card,50000,No
2024-02-14 00:00:00,2713,Transport,Card,30000,Yes
2023-04-26 12:00:00,2795,Groceries,Card,70000,No
2023-06-05 06:00:00,4998,Travel,UPI,30000,Yes
2023-10-29 08:00:00,4452,Travel,UPI,50000,No
2023-07-20 06:00:00,2645,Transport,Cash,50000,Yes
2023-04-02 06:00:00,3477,Groceries,Cash,70000,No
2024-01-15 12:00:00,444,Food,Net Banking,100000,No
2023-04-30 19:00:00,3647,Groceries,Cash,30000,No
2023-08-22 00:00:00,4894,Transport,UPI,100000,No
2023-03-02 00:00:00,2382,Shopping,UPI,30000,No
2024-01-07 23:00:00,379,Food,UPI,100000,No
2023-09-10 11:00:00,2147,Travel,UPI,70000,No
2023-10-20 02:00:00,822,Transport,Net Banking,30000,No
2023-10-24 13:00:00,1695,Shopping,Net Banking,70000,No
2024-01-17 09:00:00,1782,Transport,UPI,100000,Yes
2023-05-05 13:00:00,4523,Entertainment,Card,100000,No
2024-01-20 02:00:00,1837,Entertainment,Cash,100000,No
2023-09-17 12:00:00,1673,Entertainment,Net Banking,70000,No
2023-09-27 15:00:00,1049,Travel,Card,50000,No
2023-04-30 07:00:00,1898,Groceries,Cash,50000,No
2023-02-19 01:00:00,1611,Food,Card,30000,No
2023-07-18 08:00:00,823,Travel,UPI,70000,Yes
2023-01-01 11:00:00,1853,Shopping,Cash,70000,No
2023-08-07 20:00:00,1148,Shopping,Card,70000,Yes
2023-07-03 07:00:00,2100,Entertainment,Net Banking,100000,No
2023-12-10 02:00:00,1648,Food,Net Banking,70000,No
2024-01-16 15:00:00,797,Entertainment,Net Banking,50000,No
2023-08-15 21:00:00,4023,Shopping,Cash,30000,No
2023-10-01 18:00:00,2372,Shopping,UPI,50000,Yes
2024-01-19 04:00:00,1603,Groceries,UPI,70000,No
2023-12-09 04:00:00,1665,Groceries,Cash,30000,No
2023-01-17 22:00:00,3804,Groceries,Cash,30000,No
2024-01-19 14:00:00,4474,Entertainment,UPI,70000,No
2023-07-04 15:00:00,2352,Transport,Net Banking,70000,No
2023-08-07 11:00:00,4271,Food,UPI,50000,No
2023-09-30 14:00:00,4912,Groceries,UPI,50000,No
2023-10-17 00:00:00,3705,Travel,Card,100000,No
2024-01-07 02:00:00,3445,Groceries,Net Banking,100000,No
2023-06-22 18:00:00,266,Entertainment,Cash,100000,No
2023-01-06 20:00:00,3366,Food,UPI,70000,Yes
2023-07-23 10:00:00,1409,Groceries,Net Banking,70000,No
2023-09-08 12:00:00,3824,Food,Cash,100000,Yes
2023-02-10 03:00:00,4977,Travel,Card,100000,No
2023-10-25 23:00:00,4327,Shopping,Card,50000,No
2023-12-23 20:00:00,4479,Food,Net Banking,100000,No
2023-05-31 10:00:00,4656,Transport,UPI,100000,No
2024-02-16 20:00:00,4528,Groceries,Cash,30000,No
2023-10-15 06:00:00,1946,Entertainment,Net Banking,100000,No
2023-11-01 15:00:00,4477,Transport,Card,30000,No
2023-01-05 09:00:00,949,Transport,Cash,100000,No
2023-08-19 19:00:00,691,Entertainment,Cash,30000,No
2024-02-16 09:00:00,4779,Entertainment,UPI,100000,No
2023-10-10 19:00:00,3677,Entertainment,Card,50000,No
2023-03-31 01:00:00,245,Transport,Card,70000,No
2023-07-05 05:00:00,1943,Food,Card,30000,No
2023-05-28 02:00:00,3325,Entertainment,Cash,70000,No
2023-02-23 14:00:00,4100,Shopping,Card,50000,No
2023-10-21 20:00:00,4603,Transport,Net Banking,100000,No
2023-06-02 06:00:00,4975,Transport,Card,100000,No
2023-10-23 22:00:00,2354,Transport,Cash,50000,Yes
2023-04-09 07:00:00,3650,Travel,Card,70000,No
2023-12-04 17:00:00,3393,Food,Card,70000,Yes
2023-12-26 20:00:00,2106,Food,Cash,70000,Yes
2023-09-26 09:00:00,2858,Entertainment,Card,70000,Yes
2023-07-30 07:00:00,1274,Transport,UPI,30000,Yes
2023-12-09 19:00:00,936,Transport,Cash,70000,No
2023-08-05 19:00:00,442,Entertainment,Card,30000,No
2024-02-07 19:00:00,1725,Food,UPI,50000,No
2023-03-16 22:00:00,3240,Entertainment,Net Banking,100000,Yes
2024-02-05 00:00:00,2496,Entertainment,Cash,30000,No
2023-08-09 11:00:00,3955,Entertainment,Card,70000,No
2023-08-17 23:00:00,3388,Entertainment,Cash,100000,No
2024-02-17 12:00:00,3641,Entertainment,UPI,30000,No
2023-09-19 20:00:00,3816,Groceries,Cash,100000,Yes
2023-10-31 13:00:00,2577,Groceries,Net Banking,50000,No
2023-02-24 04:00:00,2231,Transport,Card,70000,Yes
2023-10-14 05:00:00,3814,Transport,Net Banking,50000,No
2024-01-29 03:00:00,404,Groceries,UPI,100000,No
2023-05-10 01:00:00,2681,Food,Cash,50000,No
2023-07-12 08:00:00,1571,Travel,Card,70000,Yes
2023-01-01 09:00:00,2722,Food,Card,30000,No
2023-08-28 16:00:00,3228,Transport,UPI,50000,Yes
2024-02-15 12:00:00,2387,Groceries,UPI,70000,No
2023-09-20 07:00:00,678,Food,Cash,100000,Yes
2023-07-20 15:00:00,2729,Travel,Card,50000,No
2023-02-14 16:00:00,4472,Entertainment,UPI,30000,Yes
2023-05-15 09:00:00,1488,Shopping,Card,50000,No
2023-02-24 20:00:00,1471,Groceries,Cash,100000,Yes
2023-08-26 11:00:00,1176,Groceries,Net Banking,100000,No
2023-10-11 15:00:00,2733,Travel,UPI,100000,No
2023-10-06 02:00:00,1830,Entertainment,Cash,50000,No
2023-06-03 11:00:00,1581,Entertainment,Net Banking,50000,Yes
2023-10-29 03:00:00,1964,Shopping,Cash,50000,No
2023-05-17 09:00:00,1282,Entertainment,UPI,30000,No
2023-10-19 16:00:00,2006,Travel,Cash,70000,No
2023-01-07 01:00:00,442,Transport,Card,50000,No
2023-07-28 18:00:00,875,Entertainment,UPI,30000,No
2023-05-07 16:00:00,3013,Transport,Card,100000,No
2024-02-07 06:00:00,2445,Transport,Cash,50000,No
2024-02-12 08:00:00,4195,Travel,UPI,50000,Yes
2023-01-21 02:00:00,4945,Groceries,Card,50000,No
2023-05-13 11:00:00,1842,Groceries,Card,30000,Yes
2023-02-22 01:00:00,3114,Groceries,Card,50000,Yes
2023-01-27 06:00:00,1413,Food,Net Banking,50000,No
2024-01-04 21:00:00,2398,Groceries,Card,70000,No
2023-04-29 20:00:00,3601,Travel,Card,30000,No
2023-02-11 03:00:00,3678,Shopping,Cash,70000,No
2023-11-14 14:00:00,3386,Entertainment,Cash,70000,No
2023-11-02 07:00:00,1615,Groceries,Cash,70000,No
2024-02-10 18:00:00,3717,Food,Cash,70000,No
2024-01-04 09:00:00,2263,Transport,Net Banking,100000,No
2024-01-17 16:00:00,4146,Food,Cash,50000,No
2023-02-15 20:00:00,1069,Travel,Cash,70000,No
2023-10-05 04:00:00,1334,Shopping,Cash,30000,No
2023-12-26 16:00:00,112,Groceries,Card,50000,No
2023-11-06 05:00:00,2580,Groceries,Net Banking,70000,No
2023-07-29 00:00:00,3442,Food,Cash,70000,No
2023-02-02 01:00:00,3322,Travel,Card,30000,Yes
2023-02-25 23:00:00,2319,Food,UPI,100000,No
2023-07-01 14:00:00,4297,Food,Net Banking,30000,No
2024-02-12 01:00:00,693,Shopping,Cash,100000,No
2023-10-10 12:00:00,4771,Travel,Card,100000,Yes
2023-10-03 02:00:00,266,Shopping,UPI,100000,No
2023-04-08 21:00:00,245,Travel,UPI,70000,No
2023-08-26 11:00:00,3914,Groceries,Card,70000,No
2023-02-21 17:00:00,3323,Entertainment,Card,100000,No
2023-02-16 21:00:00,2744,Transport,Net Banking,100000,No
2024-01-26 22:00:00,3262,Entertainment,Card,70000,No
2023-10-09 20:00:00,2805,Travel,Cash,100000,Yes
2023-08-01 13:00:00,1571,Entertainment,UPI,70000,Yes
2023-11-23 19:00:00,1130,Food,Cash,100000,No
2023-01-04 00:00:00,771,Groceries,Cash,70000,Yes
2023-08-17 00:00:00,1612,Transport,Cash,30000,Yes
2023-08-05 05:00:00,689,Transport,UPI,100000,No
2023-04-14 00:00:00,4310,Transport,UPI,100000,No
2023-01-30 11:00:00,4360,Groceries,UPI,30000,Yes
2023-03-17 04:00:00,3837,Entertainment,Card,50000,No
2023-10-07 08:00:00,3786,Transport,Cash,100000,No
2023-06-04 17:00:00,139,Transport,Net Banking,50000,No
2023-07-30 11:00:00,2971,Travel,Card,30000,No
2023-04-14 03:00:00,1301,Food,Card,100000,No
2023-05-31 10:00:00,1152,Travel,Net Banking,50000,No
2023-06-27 07:00:00,4753,Entertainment,Cash,100000,No
2023-11-05 05:00:00,398,Groceries,Net Banking,100000,No
2023-03-14 07:00:00,3963,Groceries,UPI,70000,No
2024-02-12 09:00:00,4102,Travel,Cash,50000,Yes
2023-12-11 02:00:00,2991,Shopping,Card,70000,No
2023-11-29 11:00:00,295,Travel,UPI,70000,No
2023-04-12 04:00:00,321,Shopping,UPI,50000,No
2023-11-06 10:00:00,2080,Travel,Card,50000,No
2023-12-22 13:00:00,4548,Shopping,Net Banking,70000,No
2023-08-07 17:00:00,3237,Shopping,UPI,100000,No
2023-08-09 11:00:00,3556,Transport,UPI,100000,No
2023-04-28 09:00:00,1515,Transport,Cash,30000,No
2024-01-28 16:00:00,1245,Shopping,Cash,100000,Yes
2023-06-11 10:00:00,3137,Shopping,Card,50000,No
2024-02-08 14:00:00,3058,Food,Card,50000,No
2023-06-25 11:00:00,3873,Shopping,Card,30000,No
2023-01-28 13:00:00,1664,Transport,Net Banking,50000,Yes
2023-05-21 14:00:00,1176,Shopping,UPI,70000,Yes
2024-01-19 16:00:00,4429,Groceries,Card,30000,No
2023-01-09 15:00:00,566,Food,Cash,30000,Yes
2023-04-22 01:00:00,2715,Shopping,UPI,100000,No
2023-04-14 21:00:00,1351,Transport,Card,100000,No
2023-10-11 21:00:00,661,Transport,UPI,70000,No
2023-01-27 08:00:00,799,Entertainment,UPI,70000,No
2023-05-09 11:00:00,1906,Transport,UPI,100000,Yes
2023-06-04 23:00:00,449,Food,Card,100000,No
2023-10-24 19:00:00,1576,Transport,UPI,70000,No
2023-03-11 23:00:00,2074,Groceries,UPI,100000,No
2023-01-10 20:00:00,369,Travel,UPI,30000,No
2023-11-07 06:00:00,385,Groceries,Cash,70000,Yes
2023-07-05 03:00:00,2148,Groceries,Card,100000,No
2023-10-10 02:00:00,223,Food,Net Banking,50000,No
2024-02-10 12:00:00,4069,Food,Cash,50000,No
2023-09-12 03:00:00,1691,Entertainment,UPI,70000,No
2023-12-23 11:00:00,550,Transport,UPI,50000,No
2023-04-09 16:00:00,3696,Entertainment,Net Banking,50000,No
2023-01-12 21:00:00,2413,Food,Net Banking,30000,Yes
2023-01-07 04:00:00,1906,Transport,Cash,70000,No
2023-06-18 05:00:00,3202,Food,UPI,50000,No
2023-09-30 21:00:00,1946,Food,Net Banking,100000,No
2023-10-24 17:00:00,1768,Travel,Cash,70000,Yes
2024-02-19 22:00:00,1828,Groceries,Net Banking,70000,No
2023-07-23 23:00:00,4842,Entertainment,UPI,50000,No
2023-08-09 00:00:00,3107,Entertainment,UPI,50000,No
2023-02-12 04:00:00,4877,Shopping,UPI,30000,No
2024-02-09 19:00:00,2763,Travel,UPI,100000,No
2023-04-27 01:00:00,3878,Food,Card,30000,No
2023-06-05 05:00:00,4797,Food,Card,30000,No
2023-07-10 16:00:00,1144,Travel,Card,100000,No
2023-08-29 22:00:00,95,Transport,Cash,50000,No
2023-09-18 17:00:00,1495,Entertainment,Cash,30000,No
2024-02-13 01:00:00,2246,Food,Net Banking,70000,No
2023-04-11 08:00:00,3251,Shopping,Net Banking,30000,Yes
2023-01-15 04:00:00,505,Entertainment,Cash,100000,No
2023-04-28 09:00:00,1712,Groceries,Net Banking,30000,No
2023-04-15 00:00:00,2974,Travel,Cash,30000,Yes
2023-09-06 10:00:00,1015,Entertainment,Card,70000,No
2023-08-09 19:00:00,1578,Groceries,Cash,100000,No
2024-02-18 05:00:00,3026,Shopping,Cash,70000,No
2023-11-12 14:00:00,3121,Transport,Net Banking,50000,Yes
2023-03-12 09:00:00,4919,Travel,Net Banking,100000,No
2023-05-17 03:00:00,2571,Transport,Cash,30000,No
2023-07-03 14:00:00,1176,Food,UPI,70000,No
2023-12-19 05:00:00,3454,Transport,Net Banking,70000,No
2023-03-02 02:00:00,4542,Food,Cash,100000,No
2023-12-25 05:00:00,2393,Groceries,Net Banking,70000,No
2023-07-04 21:00:00,156,Entertainment,UPI,100000,Yes
2023-08-15 11:00:00,2627,Shopping,Net Banking,50000,No
2023-12-18 11:00:00,3204,Groceries,Cash,100000,No
2023-06-21 03:00:00,4433,Shopping,Cash,100000,No
2023-01-24 08:00:00,4103,Transport,UPI,50000,No
2024-01-02 01:00:00,4851,Shopping,Cash,50000,No
2023-08-20 04:00:00,264,Transport,UPI,30000,Yes
2023-03-18 02:00:00,4489,Shopping,Cash,70000,No
2023-11-14 21:00:00,4339,Travel,Cash,50000,No
2023-12-13 21:00:00,4303,Groceries,Net Banking,50000,No
2023-05-11 18:00:00,514,Travel,Net Banking,70000,No
2023-11-17 13:00:00,2422,Entertainment,UPI,70000,No
2023-12-11 08:00:00,641,Entertainment,Net Banking,30000,Yes
2023-11-23 18:00:00,2238,Food,Card,30000,Yes
2023-10-08 01:00:00,933,Food,UPI,100000,No
2023-10-19 18:00:00,4208,Food,Card,30000,No
2023-06-26 01:00:00,353,Entertainment,UPI,50000,No
2023-05-05 02:00:00,4541,Shopping,Card,50000,No
2023-11-04 05:00:00,383,Transport,Net Banking,70000,No
2023-09-04 03:00:00,2883,Shopping,Net Banking,30000,No
2023-09-12 01:00:00,4556,Groceries,Cash,100000,No
2023-08-24 16:00:00,2381,Entertainment,Card,100000,No
2024-01-10 08:00:00,4611,Transport,Cash,100000,No
2023-06-27 11:00:00,129,Transport,UPI,100000,No
2023-12-12 06:00:00,3813,Transport,Card,70000,No
2023-09-03 21:00:00,2881,Food,Cash,30000,Yes
2024-01-24 13:00:00,2027,Transport,UPI,30000,No
2023-07-24 21:00:00,782,Transport,Card,30000,Yes
2023-12-18 05:00:00,4026,Entertainment,Cash,30000,No
2023-04-16 10:00:00,1867,Shopping,Card,100000,No
2023-03-23 16:00:00,1434,Shopping,Card,100000,No
2023-10-21 13:00:00,2174,Travel,Cash,70000,No
2023-02-13 16:00:00,1248,Travel,Net Banking,70000,No
2023-08-29 12:00:00,2342,Groceries,Net Banking,100000,No
2023-04-16 09:00:00,4267,Entertainment,Cash,50000,No
2023-05-04 12:00:00,234,Travel,UPI,30000,Yes
2023-10-25 09:00:00,4177,Travel,Cash,70000,No
2023-02-10 03:00:00,1047,Entertainment,Cash,100000,No
2023-01-23 08:00:00,2036,Shopping,Card,30000,No
2023-11-02 20:00:00,2859,Groceries,Net Banking,30000,No
2023-10-27 03:00:00,4714,Groceries,Net Banking,100000,No
2023-11-28 23:00:00,2407,Groceries,Net Banking,50000,Yes
2023-12-30 22:00:00,1729,Travel,Net Banking,50000,Yes
2023-02-05 05:00:00,4975,Shopping,Cash,70000,No
2023-08-29 17:00:00,3089,Groceries,Card,100000,No
2023-05-07 12:00:00,4936,Entertainment,Net Banking,70000,No
2023-09-05 19:00:00,2561,Groceries,Net Banking,50000,No
2023-04-14 22:00:00,3577,Food,Card,70000,No
2023-04-24 07:00:00,3076,Shopping,Cash,70000,No
2023-03-20 12:00:00,2795,Food,Cash,50000,Yes
2023-07-01 05:00:00,4223,Shopping,Cash,30000,Yes
2023-08-04 19:00:00,2631,Transport,Net Banking,30000,Yes
2023-10-03 10:00:00,4253,Entertainment,Net Banking,50000,No
2023-09-25 22:00:00,2861,Transport,Net Banking,30000,No
2023-10-26 02:00:00,4140,Travel,Cash,100000,No
2023-09-28 08:00:00,419,Travel,Net Banking,30000,No
2023-07-17 09:00:00,3793,Transport,UPI,50000,Yes
2023-09-29 21:00:00,2054,Shopping,Card,100000,No
2023-06-10 10:00:00,1753,Groceries,UPI,70000,No
2023-01-29 17:00:00,3374,Food,UPI,50000,Yes
2023-08-04 15:00:00,490,Entertainment,Net Banking,50000,No
2023-12-27 08:00:00,3307,Groceries,Card,30000,No
2023-07-31 14:00:00,2956,Travel,UPI,100000,No
2023-08-16 00:00:00,276,Groceries,Cash,50000,No
2023-02-19 03:00:00,2451,Transport,Cash,100000,No
2024-01-14 02:00:00,4768,Transport,Cash,100000,No
2023-09-24 22:00:00,1074,Food,Cash,30000,No
2023-12-24 23:00:00,3541,Travel,Card,50000,No
2023-10-15 19:00:00,4306,Shopping,Cash,100000,No
2024-01-02 16:00:00,920,Entertainment,Card,100000,No
2023-03-10 06:00:00,3249,Transport,Card,70000,No
2023-08-25 07:00:00,1795,Entertainment,Card,30000,No
2023-10-16 16:00:00,493,Travel,Card,50000,No
2023-02-27 14:00:00,4608,Shopping,Net Banking,100000,No
2023-02-28 11:00:00,522,Transport,UPI,30000,No
2024-01-11 11:00:00,129,Food,Net Banking,50000,No
2023-05-18 04:00:00,289,Entertainment,UPI,100000,No
2024-01-11 11:00:00,4702,Travel,Net Banking,50000,No
2023-01-18 11:00:00,639,Entertainment,Cash,50000,No
2023-07-08 05:00:00,1410,Shopping,Card,30000,Yes
2023-05-18 14:00:00,1934,Food,Cash,30000,No
2023-11-24 09:00:00,2366,Shopping,Cash,70000,No
2024-02-09 04:00:00,4480,Transport,Cash,70000,No
2023-11-24 22:00:00,361,Groceries,Net Banking,70000,No
2023-08-26 05:00:00,1126,Shopping,Cash,100000,No
2023-02-01 23:00:00,83,Shopping,Card,70000,No
2023-03-27 04:00:00,1891,Entertainment,Card,50000,No
2023-03-06 13:00:00,4531,Shopping,UPI,30000,No
2024-02-19 20:00:00,298,Travel,Net Banking,50000,Yes
2023-09-13 20:00:00,1184,Transport,Card,30000,No
2023-06-04 20:00:00,4939,Entertainment,Card,30000,No
2023-07-06 17:00:00,4997,Entertainment,Net Banking,50000,No
2023-11-26 02:00:00,425,Groceries,Cash,50000,No
2023-09-30 20:00:00,773,Transport,Card,100000,No
2023-04-06 13:00:00,1963,Travel,Cash,30000,No
2023-07-21 13:00:00,4347,Transport,Card,70000,No
2023-11-20 06:00:00,2542,Shopping,UPI,100000,No
2023-10-11 01:00:00,1992,Groceries,Cash,70000,No
2023-11-15 06:00:00,4054,Travel,Card,100000,No
2023-11-30 01:00:00,2394,Groceries,Net Banking,30000,Yes
2023-09-08 07:00:00,1381,Transport,Net Banking,50000,No
2023-08-19 22:00:00,4638,Food,Net Banking,50000,No
2024-01-14 20:00:00,387,Transport,Card,30000,No
2023-09-22 20:00:00,1915,Shopping,Cash,50000,Yes
2023-12-18 09:00:00,3187,Groceries,UPI,30000,No
2023-11-04 12:00:00,841,Food,UPI,30000,No
2023-04-10 09:00:00,3661,Shopping,Card,30000,No
2023-06-27 20:00:00,3750,Groceries,Card,100000,No
2023-01-28 23:00:00,1566,Groceries,Card,50000,No
2023-01-07 19:00:00,4003,Transport,Cash,100000,No
2023-12-27 16:00:00,3958,Groceries,Net Banking,70000,No
2023-07-11 08:00:00,2723,Groceries,Cash,30000,No
2023-07-19 19:00:00,2172,Entertainment,Cash,50000,No
2023-07-19 22:00:00,3835,Groceries,Card,70000,No
2023-09-09 12:00:00,108,Transport,UPI,30000,No
2023-04-09 03:00:00,2483,Entertainment,Cash,70000,No
2023-09-03 07:00:00,2112,Entertainment,UPI,100000,No
2023-11-28 17:00:00,1304,Food,Card,100000,No
2023-08-31 19:00:00,3738,Shopping,Cash,50000,No
2023-12-31 01:00:00,3798,Entertainment,Net Banking,70000,No
2023-07-16 15:00:00,4180,Travel,Net Banking,70000,Yes
2023-01-25 17:00:00,4307,Entertainment,Cash,100000,No
2023-07-21 15:00:00,3079,Travel,Net Banking,100000,No
2023-11-05 02:00:00,2896,Food,Cash,50000,No
2024-02-07 03:00:00,520,Travel,Net Banking,30000,No
2023-05-26 13:00:00,4085,Food,Card,50000,No
2023-09-14 20:00:00,2949,Food,Net Banking,100000,No
2023-04-22 08:00:00,1496,Food,Net Banking,50000,Yes
2023-06-25 00:00:00,4493,Travel,Card,30000,No
2023-01-01 16:00:00,4839,Travel,Card,100000,No
2023-05-13 23:00:00,962,Food,Net Banking,30000,Yes
2023-01-17 08:00:00,4292,Food,UPI,50000,No
2023-12-26 00:00:00,1761,Shopping,UPI,30000,Yes
2023-09-19 08:00:00,724,Food,Cash,100000,No
2023-01-24 19:00:00,1489,Groceries,Net Banking,100000,No
2023-06-01 07:00:00,2784,Shopping,Cash,30000,No
2023-09-15 04:00:00,3680,Shopping,Card,50000,No
2024-01-24 00:00:00,735,Shopping,Net Banking,50000,No
2023-10-27 01:00:00,1176,Groceries,Card,50000,No
2023-12-18 09:00:00,4266,Shopping,Net Banking,50000,Yes
2023-06-12 09:00:00,2516,Shopping,Net Banking,70000,No
2023-12-05 11:00:00,2447,Travel,Card,70000,No
2023-04-05 23:00:00,4187,Transport,Net Banking,30000,No
2024-01-10 04:00:00,3488,Travel,Net Banking,70000,No
2023-11-07 11:00:00,4174,Food,Cash,70000,No
2024-01-07 02:00:00,1015,Food,Card,70000,No
2023-02-02 07:00:00,969,Entertainment,UPI,30000,Yes
2023-10-14 05:00:00,4963,Transport,UPI,70000,Yes
2023-04-04 15:00:00,2922,Groceries,Net Banking,50000,Yes
2023-10-23 08:00:00,1558,Travel,Cash,50000,No
2023-01-04 06:00:00,1262,Food,Net Banking,30000,Yes
2023-12-03 16:00:00,921,Groceries,Cash,30000,No
2023-10-23 19:00:00,4440,Shopping,Net Banking,30000,No
2023-06-13 14:00:00,3304,Groceries,UPI,100000,No
2024-01-12 23:00:00,913,Travel,Card,70000,No
2023-11-02 20:00:00,4003,Transport,Cash,30000,No
2023-10-23 03:00:00,3158,Entertainment,Net Banking,30000,Yes
2023-09-17 14:00:00,3105,Travel,Net Banking,30000,No
2024-01-20 07:00:00,4044,Transport,Cash,50000,No
2023-07-25 20:00:00,2732,Food,Cash,30000,No
2023-05-17 07:00:00,4740,Food,UPI,50000,No
2023-05-25 00:00:00,663,Groceries,Cash,50000,No
2023-11-21 12:00:00,1922,Travel,Net Banking,100000,No
2023-12-25 07:00:00,3204,Food,UPI,30000,No
2023-11-15 18:00:00,4610,Shopping,UPI,100000,Yes
2023-04-23 23:00:00,3423,Shopping,Card,30000,No
2023-03-11 12:00:00,3241,Entertainment,Card,70000,Yes
2023-01-07 03:00:00,617,Groceries,Card,30000,No
2023-09-25 12:00:00,4183,Food,Cash,30000,No
2023-01-16 05:00:00,294,Entertainment,UPI,30000,No
2024-02-16 02:00:00,70,Shopping,Cash,30000,No
2023-07-08 19:00:00,443,Entertainment,UPI,30000,No
2023-08-11 02:00:00,3864,Entertainment,Net Banking,30000,No
2023-08-18 14:00:00,2105,Food,Cash,100000,No
2023-12-31 18:00:00,3565,Food,UPI,70000,No
2024-01-09 12:00:00,2425,Food,Card,100000,Yes
2023-09-28 13:00:00,1960,Groceries,Card,70000,No
2023-08-15 15:00:00,339,Entertainment,Net Banking,100000,Yes
2024-02-11 21:00:00,2608,Entertainment,Cash,100000,Yes
2023-09-29 07:00:00,410,Groceries,UPI,30000,No
2023-11-09 16:00:00,1672,Shopping,Card,100000,No
2023-02-21 22:00:00,4364,Travel,UPI,70000,No
2023-06-09 23:00:00,4144,Shopping,Cash,50000,No
2023-12-23 07:00:00,2503,Groceries,Card,70000,No
2023-04-10 00:00:00,2065,Entertainment,Net Banking,100000,No
2023-05-06 09:00:00,2090,Entertainment,Net Banking,50000,No
2024-01-17 10:00:00,2094,Food,Cash,30000,No
2023-03-18 03:00:00,2850,Food,Cash,50000,No
2023-10-18 19:00:00,3020,Entertainment,UPI,30000,No
2024-02-13 13:00:00,881,Entertainment,Net Banking,70000,Yes
2024-02-14 16:00:00,1843,Transport,Cash,50000,No
2023-12-24 01:00:00,3742,Food,Cash,50000,No
2023-06-28 13:00:00,1841,Food,Net Banking,50000,No
2023-10-15 22:00:00,2891,Shopping,UPI,30000,Yes
2023-12-23 17:00:00,4740,Entertainment,UPI,30000,No
2023-04-02 12:00:00,2204,Entertainment,Net Banking,70000,No
2023-06-06 03:00:00,630,Groceries,Net Banking,70000,No
2024-01-04 11:00:00,2903,Shopping,Net Banking,100000,No
2023-09-07 02:00:00,2286,Travel,Net Banking,30000,No
2023-08-22 15:00:00,4226,Travel,Net Banking,70000,No
2023-02-02 01:00:00,2205,Travel,Cash,50000,Yes
2023-02-02 12:00:00,1394,Transport,Card,50000,No
2024-02-17 20:00:00,395,Food,Net Banking,50000,Yes
2023-09-20 15:00:00,1936,Travel,Card,70000,No
2023-06-15 23:00:00,604,Groceries,UPI,50000,No
2024-01-31 23:00:00,3820,Food,Cash,50000,No
2023-12-30 02:00:00,4447,Food,Card,30000,No
2023-01-22 17:00:00,249,Travel,UPI,30000,No
2024-01-16 07:00:00,2990,Food,UPI,70000,No
2023-11-12 09:00:00,3540,Shopping,UPI,30000,No
2023-08-30 00:00:00,356,Shopping,Net Banking,100000,No
2023-07-10 23:00:00,3125,Travel,Cash,70000,No
2023-09-05 18:00:00,1706,Groceries,UPI,100000,Yes
2023-07-25 21:00:00,2742,Food,Net Banking,100000,No
2023-09-19 03:00:00,1814,Entertainment,Card,70000,No
2023-10-25 00:00:00,325,Travel,Cash,30000,No
2023-04-13 13:00:00,3411,Transport,Card,30000,No
2023-01-29 13:00:00,1451,Food,Card,70000,No
2023-04-01 00:00:00,4783,Travel,Net Banking,100000,No
2023-10-20 23:00:00,1825,Travel,Card,70000,No
2024-02-11 15:00:00,3431,Groceries,Cash,70000,No
2023-08-11 13:00:00,4100,Entertainment,Card,50000,No
2023-01-02 14:00:00,3510,Food,Net Banking,50000,Yes
2023-07-23 03:00:00,1930,Travel,UPI,100000,No
2023-02-22 08:00:00,3885,Travel,Net Banking,30000,No
2023-11-17 17:00:00,4328,Food,UPI,50000,No
2023-04-02 12:00:00,1894,Travel,Card,50000,No
2023-10-26 13:00:00,3427,Travel,UPI,100000,No
2023-01-13 13:00:00,121,Travel,Net Banking,70000,No
2023-11-10 15:00:00,1726,Shopping,Net Banking,50000,No
2023-09-23 21:00:00,1345,Shopping,Cash,30000,No
2023-01-27 22:00:00,1093,Entertainment,Cash,100000,No
2024-02-19 15:00:00,2675,Groceries,UPI,50000,Yes
2024-01-02 05:00:00,3092,Food,UPI,100000,Yes
2024-01-04 21:00:00,864,Groceries,Cash,50000,No
2023-06-30 10:00:00,2244,Groceries,Card,50000,No
2024-02-03 08:00:00,3550,Shopping,Cash,100000,No
2023-10-19 19:00:00,359,Entertainment,Card,30000,No
2023-05-28 09:00:00,2111,Groceries,UPI,30000,No
2023-07-09 22:00:00,4277,Groceries,UPI,70000,Yes
2023-10-02 03:00:00,1927,Travel,Net Banking,50000,No
2023-12-20 02:00:00,2852,Food,Net Banking,70000,No
2024-02-08 06:00:00,2536,Entertainment,Card,100000,No
2023-06-20 02:00:00,4885,Food,Card,70000,No
2023-06-24 07:00:00,3795,Shopping,Cash,100000,No
2023-12-27 12:00:00,844,Groceries,Card,30000,No
2023-06-06 10:00:00,4064,Groceries,UPI,100000,No
2023-03-13 20:00:00,4403,Transport,UPI,100000,No
2023-02-27 08:00:00,3457,Food,UPI,70000,No
2023-12-29 18:00:00,2506,Shopping,Net Banking,50000,No
2024-01-06 14:00:00,1901,Transport,Card,70000,No
2023-03-10 21:00:00,1024,Transport,Card,30000,No
2023-03-28 02:00:00,1097,Travel,Net Banking,30000,No
2023-01-01 22:00:00,4416,Transport,Net Banking,30000,No
2023-04-13 12:00:00,4287,Transport,Net Banking,50000,No
2023-09-04 22:00:00,3839,Travel,UPI,70000,No
2023-09-18 11:00:00,3071,Groceries,Card,100000,No
2024-01-31 16:00:00,4419,Groceries,Cash,100000,Yes
2023-10-31 23:00:00,4079,Entertainment,Cash,50000,No
2023-05-18 12:00:00,514,Transport,Card,30000,No
2023-09-19 15:00:00,337,Food,Card,50000,No
2023-12-23 09:00:00,3245,Groceries,Net Banking,100000,No
2023-11-03 09:00:00,925,Shopping,Net Banking,30000,No
2023-06-05 07:00:00,2042,Food,UPI,50000,No
2023-09-19 08:00:00,2975,Entertainment,Net Banking,100000,No
2023-09-07 19:00:00,1170,Transport,Card,100000,No
2024-01-30 20:00:00,496,Travel,UPI,50000,No
2023-01-22 10:00:00,2882,Entertainment,Cash,100000,No
2023-01-19 16:00:00,3618,Food,Card,70000,No
2023-09-08 19:00:00,2946,Travel,Cash,70000,No
2023-08-11 15:00:00,771,Shopping,Card,30000,No
2023-12-01 17:00:00,2213,Travel,Card,70000,No
2023-04-16 00:00:00,2632,Travel,UPI,70000,No
2023-05-09 09:00:00,1401,Shopping,UPI,50000,Yes
2023-03-01 12:00:00,4030,Groceries,Net Banking,30000,Yes
2023-06-15 07:00:00,4552,Groceries,Card,50000,No
2023-09-26 13:00:00,3434,Travel,Card,50000,Yes
2024-01-15 18:00:00,1775,Travel,UPI,70000,No
2023-03-31 23:00:00,743,Entertainment,Cash,70000,Yes
2023-08-02 20:00:00,3463,Groceries,Net Banking,100000,No
2023-04-17 03:00:00,544,Shopping,Card,100000,Yes
2023-05-05 03:00:00,997,Transport,UPI,30000,No
2023-04-21 09:00:00,72,Transport,Card,70000,No
2023-12-21 09:00:00,1178,Travel,UPI,100000,No
2023-05-09 11:00:00,607,Travel,Net Banking,50000,No
2023-02-13 05:00:00,1666,Transport,Cash,70000,No
2023-05-26 09:00:00,3780,Entertainment,Card,30000,No
2023-11-13 20:00:00,1706,Entertainment,Card,30000,No
2023-11-11 08:00:00,4223,Entertainment,Net Banking,50000,No
2023-04-20 18:00:00,856,Food,Cash,100000,No
2023-06-15 23:00:00,3362,Shopping,Card,50000,No
2023-03-16 02:00:00,4913,Food,Net Banking,100000,No
2023-11-26 06:00:00,503,Travel,Card,70000,No
2023-08-01 22:00:00,3025,Entertainment,Card,30000,Yes
2023-08-05 05:00:00,2374,Entertainment,Net Banking,100000,No
2023-11-04 10:00:00,1497,Transport,Net Banking,50000,No
2023-02-16 20:00:00,2611,Transport,UPI,70000,No
2023-01-30 01:00:00,2561,Entertainment,UPI,100000,Yes
2023-04-01 19:00:00,2921,Groceries,Card,70000,Yes
2024-02-04 20:00:00,412,Transport,Net Banking,70000,No
2023-08-07 19:00:00,3504,Shopping,Cash,50000,No
2024-01-20 19:00:00,2848,Food,Cash,50000,Yes
2023-03-22 09:00:00,4670,Shopping,Card,70000,No
2023-02-12 05:00:00,3503,Transport,UPI,70000,No
2023-01-10 10:00:00,3305,Entertainment,Net Banking,100000,No
2023-11-02 01:00:00,1267,Travel,Net Banking,50000,Yes
2023-03-18 04:00:00,1535,Groceries,UPI,100000,No
2023-11-26 13:00:00,2153,Transport,Net Banking,30000,No
2023-08-21 20:00:00,2586,Shopping,Card,100000,No
2023-03-26 07:00:00,1905,Travel,Net Banking,70000,No
2023-07-26 22:00:00,4867,Transport,Net Banking,30000,Yes
2023-09-03 11:00:00,1257,Entertainment,UPI,100000,No
2023-02-15 00:00:00,1498,Entertainment,UPI,30000,Yes
2023-07-29 20:00:00,1557,Entertainment,Cash,50000,No
2023-04-17 19:00:00,1053,Entertainment,Card,100000,Yes
2023-05-18 04:00:00,975,Transport,UPI,100000,Yes
2023-05-30 10:00:00,133,Groceries,UPI,50000,No
2023-07-04 15:00:00,3792,Groceries,UPI,100000,No
2023-10-13 01:00:00,3977,Shopping,Net Banking,30000,No
2023-10-04 19:00:00,1592,Transport,Card,50000,No
2023-06-14 23:00:00,1035,Entertainment,Card,30000,No
2023-01-07 17:00:00,4281,Groceries,Net Banking,100000,Yes
2023-01-25 17:00:00,958,Transport,Net Banking,100000,No
2023-05-22 06:00:00,2958,Travel,UPI,100000,Yes
2023-09-07 21:00:00,4735,Groceries,Cash,100000,Yes
2023-09-22 18:00:00,2787,Groceries,Cash,30000,Yes
2023-01-28 15:00:00,2636,Shopping,Card,100000,Yes
2024-01-24 12:00:00,1193,Groceries,Cash,50000,No
2023-01-23 13:00:00,1381,Travel,UPI,50000,No
2023-08-15 09:00:00,3398,Entertainment,Net Banking,70000,No
2023-08-01 05:00:00,1603,Food,Card,50000,No
2023-02-06 03:00:00,2392,Shopping,Card,70000,No
2023-12-26 07:00:00,1856,Travel,Net Banking,50000,No
2023-08-16 21:00:00,2150,Shopping,Cash,50000,No
2023-09-18 16:00:00,855,Transport,Card,100000,No
2024-01-27 14:00:00,4197,Entertainment,Net Banking,50000,No
2023-02-18 17:00:00,2825,Groceries,Net Banking,100000,No
2023-02-04 14:00:00,121,Transport,Cash,100000,No
2023-03-10 19:00:00,77,Groceries,Cash,50000,No
2023-02-17 08:00:00,518,Travel,UPI,30000,No
2023-04-28 02:00:00,4033,Entertainment,Cash,100000,No
2023-12-28 03:00:00,813,Food,Cash,50000,No
2024-02-01 14:00:00,1474,Food,Net Banking,30000,No
2023-02-12 11:00:00,2298,Groceries,Card,50000,No
2023-08-07 05:00:00,3882,Transport,Net Banking,50000,No
2023-02-23 11:00:00,4965,Entertainment,UPI,30000,No
2023-01-28 11:00:00,4110,Entertainment,Net Banking,50000,No
2023-03-25 18:00:00,4120,Travel,UPI,100000,Yes
2023-12-24 22:00:00,1725,Transport,Cash,70000,No
2023-03-14 05:00:00,609,Food,Card,70000,No
2023-03-30 13:00:00,4524,Travel,Card,50000,Yes
2023-04-01 11:00:00,3881,Shopping,Net Banking,70000,No
2023-12-11 10:00:00,1968,Entertainment,Card,70000,No
2023-05-25 15:00:00,128,Food,UPI,70000,No
2024-01-12 04:00:00,4979,Travel,UPI,100000,Yes
2023-08-23 08:00:00,3697,Groceries,Cash,100000,No
2023-12-29 03:00:00,1081,Shopping,Net Banking,70000,No
2023-12-14 01:00:00,2122,Travel,Cash,30000,No
2023-03-29 09:00:00,4595,Groceries,Card,30000,No
2023-07-31 04:00:00,1534,Food,Cash,30000,No
2023-09-24 13:00:00,2295,Food,Card,100000,Yes
2023-04-25 21:00:00,1600,Shopping,UPI,100000,No
2023-06-13 08:00:00,4835,Groceries,Net Banking,100000,No
2023-12-08 02:00:00,4732,Entertainment,Net Banking,100000,No
2023-03-21 04:00:00,1879,Food,Cash,70000,No
2023-04-19 18:00:00,3801,Transport,Card,100000,No
2023-10-15 12:00:00,4772,Entertainment,UPI,70000,No
2023-03-02 09:00:00,2081,Entertainment,Card,30000,No
2023-12-31 02:00:00,4509,Travel,Cash,70000,No
2023-07-29 01:00:00,3906,Travel,Card,30000,No
2023-11-30 07:00:00,2232,Food,UPI,100000,Yes
2023-09-10 04:00:00,4519,Entertainment,Cash,30000,No
2023-03-29 08:00:00,2144,Travel,UPI,30000,No
2024-01-06 15:00:00,3953,Groceries,Cash,70000,No
2023-09-24 20:00:00,3082,Groceries,Net Banking,30000,No
2024-02-14 01:00:00,1598,Groceries,Card,50000,Yes
2023-05-19 19:00:00,417,Groceries,UPI,30000,Yes
2023-11-07 22:00:00,114,Entertainment,UPI,100000,No
2023-08-01 17:00:00,3349,Groceries,Card,30000,No
2023-05-05 02:00:00,4899,Entertainment,UPI,50000,No
2023-04-29 07:00:00,2085,Food,UPI,70000,Yes
2023-05-22 00:00:00,2913,Food,UPI,30000,No
2023-01-29 13:00:00,1926,Groceries,Net Banking,50000,No
2023-11-10 19:00:00,4901,Groceries,UPI,100000,No
2023-06-28 11:00:00,2278,Groceries,Net Banking,100000,No
2023-11-19 08:00:00,646,Food,Card,70000,Yes
2023-11-18 06:00:00,3656,Travel,Net Banking,100000,No
2023-03-09 11:00:00,2724,Food,UPI,50000,No
2023-10-14 04:00:00,3939,Groceries,UPI,30000,No
2023-03-01 15:00:00,3556,Travel,UPI,50000,No
2024-01-13 19:00:00,1884,Travel,Net Banking,70000,No
2023-07-16 09:00:00,1445,Shopping,Cash,30000,Yes
2024-02-03 05:00:00,1636,Entertainment,Cash,50000,No
2024-01-29 03:00:00,161,Groceries,Card,70000,No
2023-07-28 06:00:00,502,Entertainment,Card,70000,No
2023-01-07 18:00:00,2853,Shopping,Card,30000,Yes
2023-03-24 06:00:00,2681,Entertainment,UPI,30000,No
2023-05-18 03:00:00,2236,Groceries,Cash,100000,No
2023-12-19 13:00:00,4398,Shopping,Cash,100000,No
2023-01-27 07:00:00,2054,Entertainment,Card,30000,No
2023-02-07 17:00:00,1509,Food,Cash,100000,No
2023-03-25 22:00:00,1992,Travel,Card,30000,No
2024-02-14 17:00:00,3543,Shopping,UPI,100000,No
2023-11-26 00:00:00,1907,Food,Cash,50000,No
2023-01-09 12:00:00,111,Groceries,UPI,70000,No
2023-01-25 05:00:00,1544,Travel,UPI,30000,Yes
2023-08-25 11:00:00,1230,Shopping,Cash,30000,No
2024-01-12 08:00:00,4951,Travel,Net Banking,30000,Yes
2023-08-11 19:00:00,2838,Transport,Card,50000,No
2024-02-17 23:00:00,1925,Transport,Cash,70000,No
2023-04-21 03:00:00,2258,Shopping,UPI,100000,Yes
2023-12-01 01:00:00,4686,Shopping,Card,100000,No
2023-04-06 17:00:00,4771,Entertainment,UPI,70000,No
2023-02-06 10:00:00,155,Travel,Card,100000,No
2023-08-20 16:00:00,1204,Transport,Cash,30000,No
2023-01-29 17:00:00,3478,Transport,UPI,70000,No
2023-06-16 16:00:00,4137,Travel,Card,50000,No
2024-02-05 14:00:00,1758,Transport,Card,70000,No
2023-01-28 23:00:00,2873,Food,Cash,30000,No
2023-11-27 07:00:00,3975,Transport,Card,70000,No
2023-02-18 19:00:00,1958,Transport,Card,50000,No
2023-08-21 23:00:00,2099,Groceries,UPI,50000,Yes
2024-01-16 15:00:00,4514,Food,Cash,70000,No
2023-09-22 06:00:00,1324,Entertainment,Cash,70000,No
2023-03-02 09:00:00,995,Shopping,UPI,100000,Yes
2023-04-16 19:00:00,3954,Transport,Net Banking,100000,No
2023-06-14 23:00:00,2277,Entertainment,UPI,30000,No
2023-09-19 21:00:00,3846,Entertainment,UPI,100000,No
2023-08-15 08:00:00,342,Food,Net Banking,30000,Yes
2023-06-27 12:00:00,4729,Shopping,Card,30000,No
2023-04-09 09:00:00,2272,Groceries,Cash,70000,No
2023-09-14 20:00:00,4023,Entertainment,Cash,100000,No
2023-06-02 22:00:00,2541,Groceries,Net Banking,50000,No
2023-03-15 01:00:00,2525,Shopping,Cash,50000,No
2023-12-04 12:00:00,4910,Shopping,Net Banking,70000,No
2023-03-22 18:00:00,3779,Food,Card,50000,No
2023-12-23 18:00:00,477,Travel,Net Banking,50000,Yes
2023-09-07 00:00:00,3022,Transport,Cash,70000,Yes
2023-10-02 12:00:00,156,Food,Cash,50000,No
2023-12-26 00:00:00,3669,Groceries,Net Banking,70000,No
2023-09-20 16:00:00,4804,Food,Cash,30000,No
2023-11-03 01:00:00,3383,Shopping,Net Banking,100000,Yes
2023-11-25 03:00:00,4042,Entertainment,Cash,50000,No
2024-01-14 14:00:00,1275,Transport,UPI,70000,Yes
2023-10-04 09:00:00,4054,Transport,Card,50000,No
2023-01-25 21:00:00,4300,Travel,Cash,100000,No
2023-05-08 14:00:00,3418,Shopping,Cash,50000,No
2023-04-08 08:00:00,945,Transport,Cash,30000,Yes
2024-02-16 15:00:00,3955,Transport,Net Banking,70000,Yes
2023-01-24 20:00:00,1670,Entertainment,Cash,100000,No
2023-11-10 09:00:00,3913,Groceries,Net Banking,30000,No
2023-09-15 03:00:00,2342,Groceries,Cash,50000,No
2023-10-23 17:00:00,1435,Groceries,UPI,50000,No
2023-03-29 02:00:00,3949,Food,UPI,50000,Yes
2023-10-01 14:00:00,3642,Groceries,Card,100000,No
2023-07-12 16:00:00,2483,Groceries,Net Banking,70000,Yes
2023-03-10 01:00:00,2856,Food,Card,100000,No
2023-03-05 05:00:00,3433,Entertainment,Cash,30000,No
2023-06-02 00:00:00,1351,Shopping,Cash,70000,Yes
2023-03-06 01:00:00,808,Transport,UPI,100000,No
2023-05-11 17:00:00,796,Travel,Card,50000,No
2023-10-19 01:00:00,642,Transport,Cash,30000,No
2023-01-05 01:00:00,2936,Groceries,Cash,50000,No
2023-06-06 06:00:00,4161,Groceries,Net Banking,100000,No
2023-12-22 15:00:00,1118,Transport,Cash,30000,No
2023-12-07 14:00:00,3357,Transport,Card,70000,No
2023-12-04 15:00:00,752,Groceries,UPI,70000,No
2023-08-14 13:00:00,4758,Food,UPI,100000,No
2023-07-14 10:00:00,154,Food,Cash,100000,No
2023-01-26 10:00:00,1547,Food,Cash,70000,No
2023-03-13 23:00:00,3883,Travel,Cash,70000,No
2023-03-19 06:00:00,445,Shopping,Net Banking,100000,No
2023-07-30 15:00:00,3567,Groceries,Cash,70000,Yes
2023-04-07 20:00:00,2703,Entertainment,Cash,30000,No
2024-01-26 09:00:00,3341,Transport,Net Banking,100000,No
2024-01-22 19:00:00,2060,Transport,Card,30000,No
2023-08-29 14:00:00,3931,Groceries,Net Banking,50000,No
2023-09-29 15:00:00,4996,Groceries,UPI,30000,Yes
2023-03-14 21:00:00,2038,Groceries,Net Banking,100000,No
2023-02-02 13:00:00,4587,Transport,Net Banking,50000,No
2023-11-11 12:00:00,1718,Groceries,Card,70000,No
2023-10-12 07:00:00,4812,Transport,Card,30000,No
2023-03-29 17:00:00,1101,Shopping,Cash,30000,Yes
2023-06-11 03:00:00,2891,Entertainment,Net Banking,100000,Yes
2023-10-27 17:00:00,4773,Food,Card,70000,No
2023-07-27 08:00:00,3634,Entertainment,UPI,100000,Yes
2023-03-30 01:00:00,397,Groceries,Cash,70000,No
2023-09-02 23:00:00,1313,Entertainment,Net Banking,100000,No
2023-06-15 10:00:00,4715,Groceries,UPI,70000,No
2024-01-21 19:00:00,2792,Entertainment,Card,50000,No
2023-10-30 16:00:00,2123,Travel,Cash,100000,No
2023-03-07 17:00:00,3198,Entertainment,UPI,50000,No
2024-01-19 11:00:00,1401,Food,Net Banking,100000,Yes
2023-04-05 18:00:00,2871,Food,UPI,100000,No
2023-07-22 21:00:00,3877,Entertainment,Cash,100000,No
2023-10-09 00:00:00,719,Transport,Net Banking,30000,No
2023-04-12 02:00:00,4863,Transport,Net Banking,100000,No
2023-08-20 02:00:00,2696,Transport,UPI,70000,No
2023-10-13 12:00:00,316,Entertainment,Cash,30000,Yes
2023-04-17 07:00:00,1488,Transport,Net Banking,70000,Yes
2023-09-25 03:00:00,2743,Shopping,Cash,70000,No
2023-01-01 07:00:00,1072,Entertainment,Card,70000,No
2023-12-03 23:00:00,2087,Food,UPI,70000,No
2023-04-17 11:00:00,614,Transport,Cash,70000,No
2023-01-20 19:00:00,1109,Travel,Card,50000,No
2023-08-14 16:00:00,1474,Transport,Card,30000,No
2023-12-28 12:00:00,4173,Food,Cash,70000,Yes
2023-10-29 15:00:00,269,Shopping,Cash,50000,Yes
2023-10-07 14:00:00,455,Entertainment,UPI,50000,No
2023-07-28 08:00:00,1687,Transport,UPI,70000,No
2023-07-13 22:00:00,2368,Travel,Net Banking,100000,No
2023-12-03 14:00:00,1809,Food,UPI,70000,No
2023-09-10 15:00:00,1724,Travel,Cash,50000,No
2023-04-06 05:00:00,841,Groceries,Net Banking,70000,No
2023-08-06 15:00:00,3632,Food,Card,50000,Yes
2023-10-18 11:00:00,1359,Groceries,Card,70000,No
2023-05-27 21:00:00,3883,Travel,Cash,50000,No
2023-04-28 14:00:00,4979,Entertainment,Net Banking,70000,No
2023-07-25 23:00:00,4462,Entertainment,Net Banking,100000,Yes
2023-09-30 02:00:00,1380,Entertainment,UPI,100000,No
2023-01-11 18:00:00,4496,Groceries,Card,50000,No
2023-01-12 18:00:00,560,Entertainment,Card,100000,No
2023-03-21 02:00:00,2622,Shopping,UPI,100000,Yes
2023-06-22 07:00:00,3979,Food,Card,30000,No
2023-10-04 05:00:00,541,Food,UPI,70000,No
2023-05-14 08:00:00,1667,Travel,Card,70000,No
2023-08-01 22:00:00,2106,Transport,Card,100000,No
2023-10-26 15:00:00,1570,Groceries,Card,100000,No
2023-01-26 12:00:00,1633,Food,UPI,50000,No
2023-01-29 15:00:00,1625,Groceries,Card,70000,No
2023-06-03 18:00:00,3996,Travel,Card,30000,No
2024-01-02 20:00:00,1811,Entertainment,Net Banking,30000,No
2023-04-07 03:00:00,2041,Transport,Card,100000,No
2023-10-25 05:00:00,3229,Travel,Cash,50000,No
2023-09-29 05:00:00,3376,Shopping,Card,50000,No
2024-02-20 13:00:00,1096,Entertainment,Card,70000,No
2023-09-04 02:00:00,2942,Entertainment,Net Banking,100000,Yes
2023-04-18 23:00:00,2663,Entertainment,Net Banking,100000,No
2023-10-27 07:00:00,3942,Travel,UPI,50000,No
2023-08-07 16:00:00,4194,Shopping,UPI,30000,No
2024-01-01 06:00:00,511,Transport,Cash,30000,Yes
2023-08-01 20:00:00,4481,Groceries,Net Banking,70000,Yes
2023-05-31 04:00:00,1431,Travel,UPI,100000,Yes
2023-01-28 21:00:00,1195,Food,UPI,100000,No
2023-07-01 20:00:00,3565,Food,UPI,30000,No
2023-11-02 09:00:00,4504,Travel,Net Banking,100000,No
2023-02-23 11:00:00,242,Groceries,Net Banking,100000,Yes
2023-02-08 11:00:00,3584,Food,Cash,50000,No
2023-02-16 21:00:00,805,Groceries,Net Banking,70000,Yes
2023-03-05 17:00:00,1734,Entertainment,Net Banking,70000,No
2024-02-12 18:00:00,2575,Travel,Net Banking,70000,No
2023-12-18 14:00:00,877,Entertainment,Cash,50000,No
2023-06-04 15:00:00,939,Food,Card,70000,Yes
2023-11-30 12:00:00,4798,Groceries,Card,70000,No
2024-02-11 08:00:00,2505,Entertainment,UPI,30000,No
2023-09-19 10:00:00,2383,Food,Card,30000,Yes
2023-06-11 00:00:00,4996,Shopping,Card,70000,Yes
2023-11-23 09:00:00,160,Entertainment,Cash,50000,No
2023-10-10 20:00:00,4765,Shopping,Cash,50000,No
2023-01-10 10:00:00,842,Shopping,Card,50000,No
2023-01-12 00:00:00,4733,Transport,Card,100000,Yes
2024-02-04 11:00:00,2693,Food,Card,100000,No
2023-01-27 21:00:00,3464,Travel,UPI,50000,No
2023-11-11 08:00:00,1359,Groceries,Cash,30000,Yes
2023-08-21 01:00:00,346,Food,Card,100000,No
2023-05-05 14:00:00,1679,Transport,Net Banking,50000,No
2023-04-15 08:00:00,618,Transport,Card,100000,No
2024-01-25 10:00:00,4977,Entertainment,Net Banking,100000,No
2023-01-25 11:00:00,4755,Groceries,UPI,100000,No
2024-01-18 09:00:00,4161,Transport,Net Banking,100000,No
2023-06-19 23:00:00,121,Travel,Cash,50000,No
2023-05-20 12:00:00,4415,Food,UPI,100000,No
2023-09-20 11:00:00,4432,Travel,UPI,70000,No
2023-06-09 15:00:00,115,Entertainment,Card,50000,No
2024-01-29 01:00:00,929,Food,UPI,50000,No
2023-12-16 05:00:00,117,Entertainment,UPI,50000,No
2024-01-18 04:00:00,1266,Groceries,Net Banking,100000,No
2024-02-17 02:00:00,3077,Groceries,Card,50000,Yes
2023-03-13 11:00:00,3289,Travel,Cash,30000,Yes
2023-09-26 18:00:00,3530,Travel,Card,70000,Yes
2023-08-15 09:00:00,557,Groceries,Cash,30000,No
2023-02-15 18:00:00,3764,Shopping,Net Banking,70000,Yes
2023-10-23 16:00:00,2934,Groceries,UPI,70000,No
2023-04-07 22:00:00,1175,Food,UPI,100000,No
2024-01-14 15:00:00,935,Entertainment,Card,70000,No
2023-09-25 08:00:00,2891,Groceries,Card,70000,No
2023-10-18 20:00:00,3927,Groceries,Card,30000,No
2023-10-09 19:00:00,4920,Transport,UPI,70000,No
2023-03-11 18:00:00,2575,Entertainment,UPI,50000,Yes
2023-11-28 06:00:00,975,Transport,Net Banking,50000,No
2024-01-16 02:00:00,4265,Entertainment,Cash,70000,Yes
2024-01-07 11:00:00,1988,Food,Card,50000,No
2023-09-10 01:00:00,3864,Entertainment,UPI,100000,Yes
2023-02-15 09:00:00,3412,Travel,Cash,50000,No
2023-07-10 18:00:00,4633,Groceries,Card,100000,No
2024-01-16 07:00:00,3282,Entertainment,Card,70000,No
2023-01-07 11:00:00,3794,Food,Cash,100000,No
2024-01-21 22:00:00,3515,Entertainment,Cash,100000,No
2023-03-23 14:00:00,490,Groceries,Cash,70000,No
2023-09-22 08:00:00,3661,Shopping,UPI,70000,No
2023-08-29 19:00:00,511,Entertainment,Net Banking,100000,No
2023-09-14 00:00:00,661,Travel,Card,30000,Yes
2023-07-30 23:00:00,3521,Groceries,Card,70000,No
2023-06-09 14:00:00,3213,Food,Cash,70000,No
2024-01-12 22:00:00,55,Groceries,UPI,30000,No
2024-01-03 23:00:00,4826,Transport,Cash,50000,No
2024-02-13 02:00:00,4020,Shopping,UPI,30000,No
2023-10-05 11:00:00,2908,Food,Net Banking,50000,No
2023-01-19 09:00:00,2656,Shopping,Card,30000,No
2023-09-09 16:00:00,148,Shopping,Card,100000,No
2023-09-04 21:00:00,575,Travel,UPI,70000,No
2023-11-03 14:00:00,1230,Entertainment,Net Banking,30000,No
2023-07-12 20:00:00,1739,Travel,Net Banking,70000,No
2023-09-23 10:00:00,1188,Travel,Card,50000,No
2024-02-02 00:00:00,4541,Transport,Card,100000,No
2023-02-09 12:00:00,4915,Travel,Cash,70000,Yes
2023-12-07 19:00:00,3121,Food,UPI,30000,No
2023-09-12 19:00:00,2977,Entertainment,Card,30000,No
2023-01-20 03:00:00,2842,Entertainment,Net Banking,100000,No
2023-11-12 08:00:00,4828,Food,Net Banking,50000,No
2023-07-13 14:00:00,64,Travel,Card,100000,No
2023-01-17 08:00:00,2465,Travel,Net Banking,100000,No
2023-03-16 11:00:00,2735,Shopping,UPI,70000,No
2023-11-04 06:00:00,2950,Shopping,Net Banking,50000,No
2023-02-17 10:00:00,1286,Transport,Net Banking,100000,No
2023-07-17 13:00:00,4150,Groceries,Card,70000,No
2023-11-06 02:00:00,3270,Shopping,UPI,70000,No
2023-09-23 02:00:00,1657,Entertainment,UPI,50000,No
2023-04-13 06:00:00,3613,Food,Cash,50000,No
2024-02-07 10:00:00,3347,Travel,UPI,70000,No
2023-06-03 02:00:00,2683,Groceries,Cash,50000,No
2023-02-27 09:00:00,3940,Shopping,Card,70000,No
2023-10-07 05:00:00,4314,Groceries,Net Banking,50000,Yes
2023-04-19 05:00:00,2858,Food,UPI,50000,No
2023-01-06 21:00:00,841,Food,Cash,50000,No
2023-04-21 19:00:00,1049,Groceries,UPI,30000,Yes
2023-07-11 12:00:00,201,Groceries,Card,50000,No
2024-01-12 07:00:00,3113,Transport,Cash,30000,No
2023-08-24 21:00:00,4649,Groceries,Cash,70000,Yes
2023-09-13 22:00:00,2141,Travel,Cash,100000,No
2023-08-23 10:00:00,4649,Entertainment,Card,100000,No
2024-01-02 03:00:00,4132,Shopping,Cash,100000,Yes
2023-12-20 00:00:00,4076,Shopping,Net Banking,70000,No
2023-01-18 15:00:00,3027,Shopping,Card,50000,No
2023-10-19 15:00:00,892,Groceries,Net Banking,30000,No
2023-06-27 01:00:00,4496,Groceries,Net Banking,70000,No
2023-03-14 22:00:00,3843,Transport,Card,100000,No
2023-07-18 05:00:00,2120,Groceries,UPI,100000,Yes
2023-03-23 23:00:00,1709,Transport,Net Banking,100000,Yes
2023-06-20 08:00:00,647,Transport,Card,100000,No
2023-06-24 02:00:00,2563,Travel,Net Banking,30000,No
2023-11-21 13:00:00,4185,Travel,Cash,100000,No
2023-05-03 18:00:00,4320,Travel,Net Banking,30000,No
2024-02-06 17:00:00,3653,Travel,Net Banking,100000,No
2023-08-13 18:00:00,1266,Food,Net Banking,70000,No
2023-11-25 08:00:00,2341,Travel,Cash,30000,No
2023-07-31 11:00:00,4981,Travel,Net Banking,30000,No
2023-10-29 06:00:00,3861,Travel,Card,70000,No
2023-03-05 19:00:00,981,Transport,Net Banking,100000,No
2023-05-05 14:00:00,2188,Shopping,Card,100000,Yes
2023-10-26 03:00:00,4052,Shopping,Net Banking,50000,Yes
2023-07-07 05:00:00,3028,Shopping,Net Banking,50000,No
2024-01-24 23:00:00,3942,Entertainment,Net Banking,30000,No
2023-02-08 21:00:00,4645,Food,UPI,50000,No
2023-03-02 20:00:00,2968,Transport,UPI,70000,No
2023-04-24 11:00:00,2614,Groceries,Cash,70000,Yes
2023-01-12 21:00:00,1813,Transport,Card,70000,No
2023-01-12 00:00:00,2220,Travel,Cash,30000,No
2023-10-12 00:00:00,385,Shopping,Card,70000,No
2023-03-15 10:00:00,1226,Transport,Cash,30000,No
2023-01-02 16:00:00,3071,Food,Cash,30000,Yes
2023-08-31 19:00:00,828,Travel,Net Banking,70000,No
2023-12-11 03:00:00,1235,Entertainment,Net Banking,70000,No
2023-02-11 03:00:00,3335,Groceries,Net Banking,30000,No
2023-11-22 04:00:00,3497,Travel,Net Banking,70000,No
2023-11-21 13:00:00,4041,Groceries,Net Banking,50000,No
2023-08-27 05:00:00,2520,Transport,Cash,30000,Yes
2023-05-14 06:00:00,988,Travel,Card,100000,No
2023-08-12 22:00:00,4949,Entertainment,UPI,30000,No
2023-07-19 14:00:00,4056,Transport,UPI,70000,Yes
2023-10-27 07:00:00,1985,Food,Card,70000,No
2023-04-16 04:00:00,683,Groceries,UPI,30000,Yes
2024-01-22 13:00:00,1303,Groceries,Cash,30000,Yes
2023-04-14 07:00:00,1132,Food,Card,100000,Yes
2024-02-16 21:00:00,2193,Groceries,Card,100000,No
2023-08-03 18:00:00,1335,Transport,UPI,30000,Yes
2023-02-02 10:00:00,403,Shopping,UPI,70000,No
2024-02-12 09:00:00,1935,Food,Cash,30000,No
2023-03-04 04:00:00,1868,Entertainment,Net Banking,50000,No
2023-01-28 12:00:00,2570,Travel,Card,50000,Yes
2023-02-26 04:00:00,4058,Travel,Net Banking,70000,No
2024-01-31 11:00:00,3072,Food,UPI,30000,No
2023-11-24 03:00:00,2634,Shopping,Card,30000,No
2023-10-26 04:00:00,1597,Transport,Net Banking,50000,No
2023-03-27 04:00:00,4068,Entertainment,Cash,30000,Yes
2023-11-04 00:00:00,4254,Travel,Cash,70000,No
2023-05-27 12:00:00,1418,Travel,Cash,70000,No
2024-01-21 10:00:00,3387,Transport,Card,100000,Yes
2024-01-18 00:00:00,1807,Shopping,Card,70000,No
2023-07-10 17:00:00,1567,Groceries,Card,30000,No
2023-01-31 07:00:00,4967,Food,Card,30000,No
2023-11-08 04:00:00,3534,Shopping,Card,50000,No
2023-01-15 06:00:00,3735,Shopping,Net Banking,50000,No
2023-03-02 07:00:00,3102,Shopping,Net Banking,70000,No
2023-10-02 05:00:00,2746,Shopping,Cash,100000,No
2023-09-21 05:00:00,240,Groceries,Net Banking,30000,No
2023-01-22 22:00:00,982,Transport,Net Banking,100000,No
2023-10-09 04:00:00,4287,Entertainment,Cash,30000,No
2023-01-17 21:00:00,3288,Shopping,Cash,70000,No
2023-11-29 18:00:00,2265,Shopping,UPI,70000,No
2024-02-11 21:00:00,615,Food,Cash,50000,No
2023-06-05 20:00:00,1184,Travel,Net Banking,100000,Yes
2023-03-18 22:00:00,793,Groceries,Card,50000,Yes
2023-03-03 14:00:00,722,Shopping,Cash,70000,No
2023-02-02 03:00:00,2961,Entertainment,UPI,100000,No
2023-08-19 05:00:00,580,Entertainment,Net Banking,30000,No
2024-01-01 10:00:00,3071,Entertainment,UPI,50000,No
2023-01-09 01:00:00,611,Food,UPI,70000,No
2023-03-25 15:00:00,351,Entertainment,Net Banking,30000,Yes
2023-02-19 09:00:00,3817,Transport,UPI,70000,No
2023-04-10 18:00:00,4330,Food,Net Banking,30000,No
2024-02-21 00:00:00,559,Groceries,UPI,50000,Yes
2024-01-23 14:00:00,3495,Entertainment,Card,30000,Yes
2023-06-16 21:00:00,2253,Travel,Cash,100000,No
2023-11-06 13:00:00,2884,Shopping,Card,30000,No
2023-04-05 05:00:00,844,Groceries,Card,70000,No
2023-06-05 16:00:00,2529,Transport,UPI,30000,No
2023-10-07 20:00:00,1573,Travel,Cash,50000,No
2023-07-23 03:00:00,4906,Groceries,Cash,70000,No
2024-01-07 17:00:00,2244,Transport,Cash,70000,No
2023-07-02 10:00:00,2578,Entertainment,UPI,70000,No
2023-11-22 15:00:00,484,Groceries,Card,70000,No
2023-05-24 19:00:00,2088,Groceries,Net Banking,100000,No
2023-11-14 08:00:00,1756,Groceries,Net Banking,70000,No
2024-02-14 20:00:00,118,Food,Net Banking,70000,No
2023-04-27 16:00:00,1954,Travel,Cash,70000,No
2023-12-14 05:00:00,4009,Transport,Net Banking,50000,Yes
2023-08-14 10:00:00,3001,Entertainment,Card,50000,Yes
2023-03-02 15:00:00,4699,Shopping,Net Banking,70000,Yes
2023-10-15 04:00:00,2763,Entertainment,Cash,100000,Yes
2023-08-31 00:00:00,3419,Entertainment,Cash,30000,No
2023-10-11 04:00:00,4645,Food,Net Banking,100000,No
2023-07-19 20:00:00,3777,Food,Cash,70000,Yes
2023-08-01 05:00:00,2454,Groceries,Net Banking,70000,No
2023-02-25 05:00:00,3375,Entertainment,Cash,100000,No
2023-07-27 08:00:00,3596,Travel,UPI,70000,Yes
2024-01-27 21:00:00,2353,Food,UPI,30000,No
2023-02-18 07:00:00,3731,Transport,Card,50000,No
2023-07-13 18:00:00,3271,Food,UPI,30000,No
2023-07-27 19:00:00,4424,Travel,Net Banking,30000,No
2023-07-15 17:00:00,1132,Food,Cash,30000,No
2023-01-15 04:00:00,495,Travel,Card,100000,No
2023-06-09 12:00:00,4981,Shopping,Net Banking,100000,No
2023-03-24 00:00:00,4900,Travel,Net Banking,30000,No
2023-01-30 07:00:00,1642,Shopping,Card,100000,No
2023-08-17 10:00:00,2825,Transport,Card,70000,No
2023-09-23 16:00:00,3866,Groceries,Net Banking,50000,No
2023-03-17 00:00:00,3103,Groceries,Cash,100000,No
2023-08-16 15:00:00,1640,Food,Net Banking,100000,No
2023-07-24 16:00:00,2281,Travel,Cash,30000,No
2023-07-13 16:00:00,1611,Food,Card,50000,No
2023-02-05 15:00:00,4322,Travel,Net Banking,70000,Yes
2023-04-30 10:00:00,3696,Food,UPI,70000,No
2023-01-08 14:00:00,4992,Groceries,Net Banking,50000,No
2023-05-10 16:00:00,3288,Transport,Cash,70000,No
2023-08-25 06:00:00,1650,Groceries,Net Banking,50000,No
2023-07-07 04:00:00,2106,Food,Cash,30000,Yes
2023-08-31 15:00:00,4381,Travel,UPI,70000,No
2023-03-05 05:00:00,759,Entertainment,Card,70000,No
2023-07-28 10:00:00,3021,Transport,UPI,50000,Yes
2023-02-26 12:00:00,2782,Travel,Cash,70000,No
2023-06-01 05:00:00,843,Food,Card,100000,No
2023-06-01 04:00:00,3149,Travel,Card,30000,No
2023-12-09 02:00:00,2905,Shopping,Net Banking,70000,Yes
2023-09-13 12:00:00,76,Travel,UPI,70000,No
2024-01-24 12:00:00,3317,Groceries,Cash,70000,No
2023-10-02 12:00:00,134,Groceries,Cash,50000,No
2023-05-18 23:00:00,3151,Shopping,Card,30000,No
2023-09-10 00:00:00,1172,Transport,Net Banking,30000,No
2023-09-18 06:00:00,61,Travel,Cash,70000,No
2023-02-11 03:00:00,1798,Transport,Net Banking,70000,No
2023-05-19 09:00:00,3159,Entertainment,Card,50000,No
2023-07-12 07:00:00,1926,Travel,Card,30000,No
2023-12-15 13:00:00,2669,Groceries,Card,100000,No
2023-06-05 21:00:00,229,Groceries,Net Banking,70000,No
2023-05-08 04:00:00,846,Transport,Cash,100000,No
2023-10-01 22:00:00,3863,Food,UPI,100000,No
2023-01-31 06:00:00,2074,Groceries,Net Banking,30000,No
2023-06-06 16:00:00,3267,Food,Card,100000,No
2023-08-30 22:00:00,936,Groceries,UPI,70000,No
2023-03-20 03:00:00,2518,Groceries,UPI,70000,Yes
2023-10-19 09:00:00,3437,Entertainment,UPI,50000,No
2023-06-18 01:00:00,1569,Food,UPI,30000,No
2023-08-15 19:00:00,2482,Food,UPI,30000,No
2023-02-11 05:00:00,4916,Groceries,Card,100000,No
2023-06-06 00:00:00,966,Food,Cash,70000,No
2023-12-25 19:00:00,2120,Groceries,UPI,70000,No
2023-01-25 17:00:00,4026,Groceries,Cash,50000,Yes
2023-03-15 22:00:00,1831,Transport,Cash,100000,No
2023-02-08 23:00:00,388,Travel,Net Banking,70000,No
2023-06-08 16:00:00,1566,Food,Card,30000,No
2023-01-14 19:00:00,2920,Shopping,UPI,50000,No
2023-11-27 02:00:00,3632,Transport,Cash,30000,No
2023-04-23 14:00:00,964,Food,Net Banking,50000,No
2023-09-03 09:00:00,3340,Food,Cash,30000,No
2023-07-30 14:00:00,4620,Entertainment,UPI,100000,No
2023-06-11 04:00:00,1496,Shopping,Card,70000,No
2023-06-25 00:00:00,1429,Shopping,Card,30000,No
2023-01-09 09:00:00,1533,Entertainment,UPI,100000,No
2023-04-15 01:00:00,2124,Entertainment,Cash,30000,No
2023-03-18 18:00:00,850,Food,Net Banking,100000,Yes
2024-01-15 05:00:00,1296,Travel,Card,50000,No
2023-07-14 02:00:00,2787,Entertainment,Card,100000,No
2023-11-11 08:00:00,3545,Shopping,Cash,30000,No
2023-11-18 14:00:00,4884,Shopping,Cash,70000,No
2023-02-02 02:00:00,3307,Food,Cash,50000,No
2023-05-12 11:00:00,3927,Travel,Net Banking,50000,No
2023-03-09 20:00:00,1031,Groceries,Cash,100000,Yes
2023-01-17 02:00:00,2526,Entertainment,Net Banking,30000,No
2023-09-09 07:00:00,2138,Entertainment,UPI,100000,No
2023-09-26 07:00:00,3002,Food,Net Banking,50000,No
2023-09-24 17:00:00,1061,Transport,Cash,70000,No
2023-06-17 00:00:00,3514,Transport,Net Banking,100000,No
2023-04-13 18:00:00,2800,Travel,Net Banking,30000,No
2023-04-06 02:00:00,2176,Shopping,Net Banking,100000,No
2023-03-19 08:00:00,4862,Shopping,Card,100000,No
2023-11-29 12:00:00,3911,Groceries,Cash,100000,No
2023-03-25 06:00:00,2641,Shopping,Net Banking,70000,No
2023-08-17 04:00:00,1523,Transport,Cash,30000,No
2024-01-28 20:00:00,2571,Transport,UPI,30000,No
2023-07-14 13:00:00,1215,Entertainment,Net Banking,50000,Yes
2024-01-25 06:00:00,3372,Groceries,Net Banking,50000,Yes
2023-06-29 22:00:00,659,Travel,UPI,100000,No
2023-10-22 08:00:00,2233,Groceries,Cash,50000,No
2023-11-07 06:00:00,2581,Travel,UPI,30000,No
2023-03-01 15:00:00,2911,Transport,UPI,100000,No
2023-08-23 08:00:00,4700,Shopping,UPI,50000,No
2023-11-07 21:00:00,1705,Food,UPI,70000,No
2023-03-17 19:00:00,1805,Groceries,Cash,50000,Yes
2023-02-17 02:00:00,95,Groceries,Net Banking,70000,No
2023-10-01 11:00:00,1309,Entertainment,UPI,50000,Yes
2023-04-21 18:00:00,4688,Entertainment,UPI,30000,No
2023-05-26 20:00:00,3282,Transport,Card,50000,No
2023-12-23 22:00:00,1501,Travel,Cash,70000,No
2023-03-30 08:00:00,2168,Food,UPI,70000,No
2023-06-17 12:00:00,2617,Entertainment,Card,50000,No
2023-05-16 19:00:00,2042,Entertainment,UPI,100000,No
2023-03-17 23:00:00,3173,Shopping,Cash,70000,No
2023-03-03 10:00:00,2390,Shopping,Card,30000,No
2023-04-04 10:00:00,4957,Transport,Card,50000,No
2023-05-16 03:00:00,1538,Transport,Cash,70000,No
2023-10-19 06:00:00,1623,Entertainment,Card,50000,Yes
2023-08-04 00:00:00,2477,Travel,Card,50000,No
2023-05-11 14:00:00,1816,Food,UPI,100000,No
2023-03-28 06:00:00,3599,Entertainment,Card,50000,No
2023-01-15 23:00:00,2359,Travel,Net Banking,50000,No
2023-02-17 13:00:00,4725,Travel,Cash,50000,No
2023-03-10 03:00:00,2454,Entertainment,UPI,30000,No
2023-06-16 16:00:00,1492,Travel,Card,50000,No
2023-05-21 01:00:00,4843,Groceries,Net Banking,30000,No
2023-10-02 07:00:00,2026,Travel,UPI,50000,No
2023-11-23 11:00:00,4023,Entertainment,Cash,100000,Yes
2023-01-01 06:00:00,2540,Travel,Card,100000,No
2023-05-17 03:00:00,775,Entertainment,Cash,70000,Yes
2023-10-01 12:00:00,3853,Shopping,Cash,50000,No
2024-02-12 15:00:00,4431,Entertainment,Card,100000,No
2023-07-25 08:00:00,3877,Travel,Card,100000,No
2023-04-19 14:00:00,4715,Entertainment,UPI,50000,Yes
2023-09-04 02:00:00,3669,Food,Cash,70000,No
2023-05-17 09:00:00,2937,Entertainment,Card,30000,No
2023-11-14 03:00:00,547,Entertainment,Cash,100000,No
2023-02-08 01:00:00,4026,Food,Card,100000,No
2023-03-25 19:00:00,754,Food,Cash,30000,No
2023-03-02 02:00:00,4707,Food,UPI,100000,No
2023-08-20 02:00:00,4177,Transport,Cash,30000,Yes
2023-03-18 05:00:00,3731,Groceries,Card,30000,Yes
2024-01-01 07:00:00,4188,Transport,Net Banking,70000,Yes
2023-09-27 12:00:00,1966,Entertainment,UPI,30000,No
2023-02-08 17:00:00,1424,Transport,UPI,30000,No
2023-06-04 03:00:00,1895,Transport,Net Banking,30000,No
2024-02-07 07:00:00,4704,Food,Card,30000,No
2023-02-13 22:00:00,1486,Food,UPI,100000,No
2023-08-28 08:00:00,3140,Shopping,Net Banking,30000,No
2023-03-21 04:00:00,1420,Transport,Net Banking,100000,Yes
2024-02-07 01:00:00,1978,Groceries,Cash,50000,No
2023-10-18 20:00:00,1686,Entertainment,Cash,50000,Yes
2023-10-22 13:00:00,141,Travel,Card,30000,No
2024-02-04 15:00:00,1893,Groceries,Net Banking,70000,No
2023-05-23 07:00:00,234,Groceries,Cash,70000,No
2023-01-19 10:00:00,4873,Shopping,Card,100000,No
2023-09-17 02:00:00,1621,Entertainment,UPI,100000,No
2023-07-13 20:00:00,881,Entertainment,Cash,50000,Yes
2023-11-27 19:00:00,4490,Food,Card,100000,No
2023-11-23 09:00:00,2175,Food,Cash,70000,No
2024-01-26 10:00:00,4312,Groceries,UPI,50000,No
2023-11-13 13:00:00,313,Shopping,UPI,30000,No
2023-07-05 18:00:00,1336,Entertainment,Cash,100000,No
2023-10-02 15:00:00,1579,Shopping,UPI,30000,No
2024-01-29 17:00:00,1858,Travel,Card,100000,No
2023-04-07 05:00:00,1927,Entertainment,Cash,70000,No
2023-09-19 04:00:00,1799,Food,Cash,100000,No
2023-02-07 22:00:00,1959,Groceries,UPI,70000,No
2023-06-30 20:00:00,2673,Shopping,Card,70000,Yes
2023-06-17 01:00:00,1247,Food,Cash,30000,No
2023-10-04 04:00:00,2528,Groceries,Cash,100000,No
2023-04-01 09:00:00,4913,Food,UPI,30000,No
2023-04-01 12:00:00,2560,Entertainment,UPI,70000,No
2023-08-25 04:00:00,150,Shopping,Card,70000,No
2023-09-21 01:00:00,3137,Travel,Card,70000,No
2023-12-13 11:00:00,1969,Transport,UPI,70000,No
2023-12-01 20:00:00,2341,Food,Card,50000,No
2023-10-10 21:00:00,3370,Transport,Net Banking,70000,Yes
2023-02-02 17:00:00,154,Shopping,Net Banking,100000,No
2023-09-13 19:00:00,743,Entertainment,UPI,70000,No
2023-09-22 08:00:00,3290,Food,Cash,50000,No
2023-04-11 16:00:00,3541,Entertainment,UPI,100000,No
2024-01-10 12:00:00,3442,Travel,UPI,50000,Yes
2023-06-23 02:00:00,4963,Travel,UPI,50000,Yes
2023-08-23 03:00:00,2318,Groceries,Cash,100000,Yes
2023-03-22 16:00:00,3833,Groceries,Net Banking,50000,No
2023-06-08 15:00:00,3562,Groceries,Card,70000,No
2023-10-25 23:00:00,939,Entertainment,Net Banking,30000,No
2024-01-31 13:00:00,839,Groceries,Card,30000,No
2023-05-15 20:00:00,4698,Shopping,Card,30000,Yes
2023-04-09 00:00:00,4989,Transport,UPI,100000,No
2023-03-22 12:00:00,708,Transport,UPI,100000,No
2023-12-23 12:00:00,1068,Entertainment,Card,100000,Yes
2023-07-24 20:00:00,2003,Entertainment,Cash,30000,No
2023-08-18 02:00:00,1240,Groceries,Cash,30000,No
2023-02-09 10:00:00,3756,Transport,Cash,100000,No
2024-02-03 17:00:00,3707,Transport,Cash,30000,Yes
2023-03-01 23:00:00,4896,Groceries,UPI,50000,No
2023-11-19 02:00:00,2346,Entertainment,Net Banking,50000,Yes
2023-07-22 09:00:00,824,Travel,Net Banking,30000,No
2023-01-15 04:00:00,2861,Travel,Card,100000,No
2023-01-16 22:00:00,1430,Groceries,Cash,70000,No
2024-02-11 04:00:00,3232,Travel,UPI,70000,No
2023-12-20 19:00:00,4837,Shopping,UPI,30000,No
2023-01-06 18:00:00,4864,Shopping,UPI,70000,Yes
2023-01-15 22:00:00,4379,Shopping,Card,100000,No
2023-07-25 11:00:00,3147,Entertainment,UPI,50000,Yes
2024-02-09 18:00:00,1454,Entertainment,Card,50000,Yes
2023-05-25 00:00:00,3851,Entertainment,Card,100000,No
2023-03-09 19:00:00,1419,Entertainment,Card,70000,Yes
2024-01-31 15:00:00,2114,Entertainment,Card,30000,No
2023-10-04 02:00:00,2342,Groceries,UPI,50000,No
2023-07-28 12:00:00,2815,Travel,UPI,70000,No
2024-01-24 14:00:00,2867,Groceries,Net Banking,70000,No
2023-10-05 04:00:00,766,Travel,UPI,50000,Yes
2023-09-25 08:00:00,4090,Groceries,Cash,50000,No
2023-05-13 02:00:00,1761,Shopping,Cash,30000,Yes
2023-06-09 19:00:00,1275,Food,Card,100000,No
2023-12-01 01:00:00,58,Entertainment,Card,70000,Yes
2023-03-31 15:00:00,647,Food,Card,30000,No
2024-01-28 21:00:00,4168,Food,Net Banking,50000,No
2023-10-15 17:00:00,1658,Shopping,Card,100000,No
2023-04-29 02:00:00,3081,Food,Net Banking,100000,Yes
2024-01-18 22:00:00,3717,Food,Card,70000,No
2023-04-17 23:00:00,2296,Shopping,Cash,100000,No
2023-02-24 11:00:00,3676,Travel,Card,50000,Yes
2024-01-04 16:00:00,4121,Groceries,UPI,50000,Yes
2023-04-21 20:00:00,2872,Transport,Card,50000,Yes
2023-06-05 10:00:00,141,Food,UPI,30000,No
2023-09-16 15:00:00,900,Entertainment,UPI,50000,No
2023-05-12 18:00:00,1157,Shopping,UPI,30000,No
2023-02-17 12:00:00,349,Food,UPI,50000,No
2023-12-19 10:00:00,2393,Transport,Net Banking,50000,Yes
2023-03-13 04:00:00,1527,Travel,Net Banking,100000,No
2023-06-01 06:00:00,1132,Travel,Card,70000,Yes
2023-05-14 19:00:00,3006,Transport,Card,50000,No
2023-09-30 10:00:00,2968,Entertainment,Net Banking,100000,No
2024-02-09 06:00:00,1415,Food,Card,100000,Yes
2023-01-20 19:00:00,2850,Entertainment,Card,70000,No
2023-11-17 04:00:00,3586,Travel,Net Banking,100000,No
2024-01-18 00:00:00,4001,Travel,Net Banking,100000,No
2023-02-20 07:00:00,2159,Groceries,Card,70000,No
2023-03-23 16:00:00,825,Travel,Net Banking,30000,No
2023-01-24 05:00:00,1502,Shopping,Cash,70000,No
2023-02-06 18:00:00,1731,Groceries,UPI,70000,No
2023-07-18 09:00:00,2353,Entertainment,UPI,50000,No
2023-09-02 11:00:00,1901,Travel,Cash,50000,No
2023-10-18 03:00:00,1947,Transport,Cash,30000,No
2023-10-26 14:00:00,3468,Shopping,Card,70000,Yes
2023-11-27 09:00:00,3647,Groceries,Card,70000,No
2023-08-11 19:00:00,1377,Shopping,UPI,30000,No
2023-10-30 21:00:00,664,Groceries,Card,50000,No
2024-02-13 10:00:00,294,Groceries,UPI,70000,No
2023-12-05 13:00:00,806,Groceries,Card,30000,No
2023-04-13 06:00:00,873,Transport,Card,50000,Yes
2023-07-07 06:00:00,2877,Entertainment,UPI,100000,No
2023-03-23 02:00:00,3857,Groceries,Cash,30000,No
2023-04-28 00:00:00,2829,Groceries,Cash,30000,No
2023-10-04 18:00:00,1896,Shopping,Card,70000,No
2023-06-09 09:00:00,1290,Groceries,Cash,100000,No
2023-05-28 08:00:00,4661,Entertainment,Card,50000,No
2023-09-10 20:00:00,523,Transport,Net Banking,100000,No
2023-06-08 10:00:00,4181,Transport,Net Banking,70000,No
2023-07-15 19:00:00,3299,Shopping,Net Banking,70000,No
2023-03-24 02:00:00,1842,Groceries,Cash,50000,No
2023-08-30 22:00:00,1784,Shopping,Cash,50000,No
2023-09-13 22:00:00,4975,Transport,UPI,50000,No
2023-04-28 11:00:00,3992,Entertainment,Cash,70000,No
2024-01-14 22:00:00,994,Shopping,Card,50000,No
2023-01-16 04:00:00,1561,Entertainment,UPI,50000,No
2023-06-27 10:00:00,4131,Travel,Cash,50000,No
2023-05-10 23:00:00,4576,Groceries,UPI,30000,Yes
2023-03-19 15:00:00,908,Entertainment,Cash,50000,No
2023-01-05 19:00:00,3610,Groceries,Card,70000,Yes
2023-10-23 04:00:00,279,Entertainment,Net Banking,30000,No
2023-12-01 00:00:00,2467,Food,Net Banking,70000,No
2023-04-10 08:00:00,227,Food,Card,100000,No
2023-06-13 23:00:00,3978,Food,UPI,30000,No
2023-11-19 14:00:00,2665,Entertainment,Net Banking,50000,No
2023-08-15 18:00:00,1663,Transport,Cash,30000,No
2023-04-14 18:00:00,2890,Transport,Cash,70000,Yes
2023-10-18 20:00:00,2997,Groceries,UPI,30000,Yes
2024-01-16 14:00:00,1824,Food,UPI,100000,No
2023-11-16 05:00:00,3921,Groceries,Card,50000,Yes
2023-03-13 20:00:00,131,Entertainment,Net Banking,50000,No
2023-12-07 22:00:00,895,Groceries,UPI,100000,No
2023-04-26 07:00:00,2859,Groceries,Net Banking,70000,No
2023-02-17 09:00:00,1266,Food,Net Banking,30000,Yes
2023-06-21 13:00:00,4763,Transport,Cash,70000,No
2023-05-23 12:00:00,3310,Shopping,UPI,70000,No
2023-09-01 13:00:00,3195,Travel,Card,70000,No
2023-07-19 02:00:00,2313,Entertainment,UPI,50000,Yes
2023-06-12 18:00:00,2387,Entertainment,Net Banking,30000,No
2023-06-01 13:00:00,494,Entertainment,Cash,50000,No
2023-05-04 01:00:00,972,Travel,UPI,50000,No
2023-09-05 01:00:00,4338,Shopping,UPI,50000,No
2023-01-12 12:00:00,4434,Transport,UPI,30000,No
2023-03-25 07:00:00,2680,Groceries,Card,100000,No
2023-02-21 03:00:00,1217,Transport,Card,50000,Yes
2023-09-22 01:00:00,4013,Entertainment,Card,50000,No
2023-06-05 15:00:00,3491,Groceries,Card,50000,No
2023-01-29 23:00:00,3562,Food,Cash,30000,No
2024-01-31 21:00:00,945,Transport,Cash,30000,No
2023-06-23 00:00:00,3772,Food,Card,70000,No
2023-11-26 05:00:00,2110,Food,Net Banking,50000,No
2023-11-08 06:00:00,3084,Transport,Card,50000,No
2023-11-11 01:00:00,2437,Entertainment,Card,30000,No
2023-04-29 09:00:00,1947,Travel,Net Banking,30000,No
2023-06-25 08:00:00,1849,Entertainment,UPI,50000,No
2023-12-30 21:00:00,4457,Food,Net Banking,100000,Yes
2023-02-15 08:00:00,2830,Food,Net Banking,70000,No
2023-05-21 03:00:00,1177,Entertainment,Cash,70000,No
2023-01-02 00:00:00,388,Travel,UPI,50000,No
2024-02-11 20:00:00,4504,Travel,Net Banking,70000,Yes
2023-09-14 00:00:00,1222,Groceries,Card,70000,Yes
2023-08-25 04:00:00,2858,Shopping,Net Banking,50000,No
2023-06-26 12:00:00,4913,Food,Cash,70000,No
2024-02-19 23:00:00,3079,Travel,Net Banking,30000,No
2023-12-03 04:00:00,2139,Transport,Card,50000,No
2023-04-04 03:00:00,4347,Food,UPI,30000,No
2023-10-31 23:00:00,3067,Shopping,Cash,50000,No
2023-12-16 16:00:00,4609,Transport,UPI,30000,No
2023-12-19 00:00:00,498,Food,Cash,70000,No
2023-06-06 03:00:00,4943,Travel,Card,100000,Yes
2023-05-13 07:00:00,843,Groceries,Cash,30000,No
2023-07-24 01:00:00,486,Entertainment,UPI,30000,No
2023-07-29 21:00:00,4676,Transport,UPI,100000,No
2023-11-06 11:00:00,4710,Entertainment,Net Banking,100000,No
2023-12-25 13:00:00,1670,Travel,UPI,30000,No
2023-03-25 22:00:00,3551,Travel,Net Banking,30000,No
2023-02-27 13:00:00,2969,Transport,UPI,30000,No
2023-02-15 18:00:00,4358,Shopping,Net Banking,50000,No
2023-05-23 18:00:00,998,Transport,Card,30000,No
2023-06-02 07:00:00,3994,Food,Net Banking,30000,No
2023-11-27 18:00:00,1177,Shopping,UPI,100000,No
2024-01-15 05:00:00,241,Entertainment,Card,100000,No
2023-01-08 19:00:00,4062,Food,Cash,50000,No
2023-08-14 09:00:00,3810,Shopping,UPI,50000,Yes
2023-03-29 04:00:00,3780,Entertainment,Net Banking,70000,No
2023-03-30 18:00:00,1453,Food,Cash,30000,Yes
2023-08-07 10:00:00,2040,Groceries,Net Banking,30000,No
2023-12-23 05:00:00,1154,Transport,Cash,100000,No
2023-08-24 07:00:00,4850,Transport,Card,70000,Yes
2023-08-05 01:00:00,598,Transport,UPI,30000,No
2023-08-29 16:00:00,3498,Groceries,Card,70000,No
2023-11-26 17:00:00,1911,Shopping,UPI,50000,No
2023-11-11 11:00:00,4299,Travel,Cash,30000,Yes
2023-11-22 23:00:00,620,Food,Card,30000,No
2023-11-03 11:00:00,1834,Shopping,UPI,50000,No
2023-09-27 09:00:00,2337,Travel,Cash,30000,No
2023-03-04 09:00:00,2471,Transport,Card,50000,No
2023-04-17 11:00:00,4022,Transport,Card,50000,Yes
2023-08-14 09:00:00,854,Transport,Card,70000,No
2023-05-03 23:00:00,848,Travel,Card,100000,No
2023-02-21 14:00:00,3325,Food,Net Banking,100000,No
2024-01-17 21:00:00,660,Food,Cash,50000,No
2023-07-16 23:00:00,1856,Travel,Net Banking,70000,No
2023-06-15 05:00:00,4288,Entertainment,Cash,50000,No
2023-08-25 22:00:00,3310,Transport,Cash,70000,No
2024-01-21 02:00:00,4417,Shopping,Cash,70000,No
2023-06-04 05:00:00,3421,Food,UPI,100000,No
2023-04-26 20:00:00,2523,Travel,Cash,100000,No
2023-11-05 06:00:00,2143,Entertainment,Card,70000,No
2023-03-08 04:00:00,2192,Groceries,Net Banking,100000,Yes
2023-04-09 16:00:00,4051,Travel,Card,70000,No
2023-08-30 05:00:00,3130,Entertainment,Card,30000,No
2023-01-19 04:00:00,4604,Groceries,Net Banking,50000,No
2023-04-28 20:00:00,1482,Entertainment,Card,100000,No
2023-03-06 20:00:00,2567,Food,UPI,50000,No
2023-11-12 10:00:00,2907,Travel,Card,100000,No
2023-11-08 16:00:00,555,Groceries,Card,50000,No
2024-01-31 16:00:00,1146,Entertainment,Net Banking,50000,Yes
2023-01-08 14:00:00,4229,Groceries,Card,100000,No
2023-10-27 14:00:00,4204,Shopping,Net Banking,100000,No
2023-10-06 15:00:00,1094,Travel,Cash,100000,No
2023-08-20 21:00:00,2254,Food,Cash,100000,No
2023-10-29 17:00:00,3952,Groceries,UPI,70000,No
2023-11-15 19:00:00,1402,Transport,Net Banking,100000,No
2023-08-21 07:00:00,1646,Entertainment,Net Banking,100000,No
2023-03-08 05:00:00,625,Transport,Net Banking,100000,No
2024-02-12 11:00:00,729,Groceries,UPI,30000,No
2024-01-04 19:00:00,4348,Transport,UPI,50000,Yes
2023-01-07 15:00:00,3762,Entertainment,Card,100000,No
2023-10-01 03:00:00,3878,Groceries,Net Banking,100000,No
2024-01-19 11:00:00,1179,Food,UPI,50000,No
2023-12-10 12:00:00,3954,Food,Cash,50000,No
2023-10-13 06:00:00,3243,Travel,Cash,70000,No
2023-04-07 03:00:00,367,Food,Net Banking,50000,Yes
2023-02-21 04:00:00,3746,Groceries,Cash,50000,No
2023-10-29 02:00:00,4551,Groceries,Card,30000,Yes
2023-08-21 22:00:00,3046,Food,Card,70000,No
2023-10-16 07:00:00,3644,Shopping,Net Banking,30000,No
2023-08-21 17:00:00,3259,Groceries,UPI,50000,No
2024-01-20 11:00:00,2592,Travel,UPI,100000,No
2023-09-09 22:00:00,728,Shopping,UPI,70000,No
2023-07-26 01:00:00,1939,Food,UPI,50000,No
2023-11-27 07:00:00,1693,Entertainment,Net Banking,50000,Yes
2023-10-20 08:00:00,884,Groceries,Card,100000,Yes
2023-11-20 06:00:00,2291,Entertainment,Net Banking,100000,No
2023-07-31 22:00:00,2405,Transport,Net Banking,100000,No
2024-01-30 00:00:00,1718,Travel,Cash,70000,No
2023-10-26 09:00:00,2603,Shopping,Card,30000,No
2023-03-20 12:00:00,330,Entertainment,UPI,70000,No
2023-03-17 09:00:00,2812,Travel,Card,100000,No
2023-05-12 23:00:00,4753,Entertainment,Cash,70000,No
2023-09-22 16:00:00,4628,Entertainment,Net Banking,100000,No
2024-01-11 09:00:00,1296,Travel,Card,30000,No
2023-09-10 08:00:00,1822,Groceries,Cash,70000,No
2023-04-12 13:00:00,2214,Entertainment,Net Banking,30000,Yes
2023-09-27 12:00:00,241,Travel,UPI,30000,No
2024-01-14 08:00:00,2885,Entertainment,Card,100000,Yes
2023-09-05 23:00:00,2715,Groceries,UPI,70000,Yes
2023-08-08 20:00:00,2613,Travel,UPI,70000,No
2024-01-05 03:00:00,356,Entertainment,Cash,30000,No
2023-11-22 18:00:00,581,Food,Cash,100000,No
2023-07-17 00:00:00,4267,Groceries,Net Banking,30000,No
2023-04-20 08:00:00,2746,Entertainment,UPI,30000,Yes
2023-08-28 02:00:00,4737,Shopping,Cash,30000,No
2023-06-26 08:00:00,108,Travel,Cash,30000,Yes
2023-08-30 09:00:00,1623,Entertainment,UPI,70000,No
2023-07-08 11:00:00,1190,Groceries,Net Banking,50000,No
2023-08-21 03:00:00,1860,Groceries,UPI,70000,No
2024-01-11 10:00:00,3248,Shopping,Net Banking,100000,No
2024-01-23 10:00:00,3526,Shopping,Net Banking,50000,No
2023-04-03 16:00:00,4544,Transport,Cash,30000,No
2023-12-16 13:00:00,2612,Transport,UPI,70000,No
2023-09-11 19:00:00,2902,Entertainment,UPI,50000,No
2023-12-27 22:00:00,991,Food,Cash,30000,Yes
2023-09-23 01:00:00,4673,Groceries,Card,70000,Yes
2023-03-23 04:00:00,1824,Food,Card,50000,No
2023-10-23 14:00:00,1471,Food,UPI,70000,Yes
2023-09-21 06:00:00,485,Entertainment,Cash,50000,No
2023-06-08 04:00:00,889,Travel,Net Banking,100000,Yes
2023-01-10 18:00:00,4051,Travel,Net Banking,70000,Yes
2024-01-16 00:00:00,4505,Travel,UPI,70000,Yes
2023-05-31 07:00:00,2731,Shopping,Cash,50000,No
2023-12-02 03:00:00,1700,Groceries,UPI,100000,No
2023-01-22 18:00:00,1295,Shopping,UPI,70000,Yes
2023-09-04 00:00:00,2311,Groceries,Cash,100000,No
2023-07-23 16:00:00,965,Transport,UPI,100000,No
2024-02-14 05:00:00,2689,Groceries,Net Banking,70000,No
2023-09-01 00:00:00,3939,Groceries,Card,30000,No
2023-10-24 18:00:00,4531,Entertainment,Net Banking,50000,No
2023-09-01 10:00:00,1376,Travel,Card,70000,Yes
2023-02-24 20:00:00,3408,Shopping,Cash,100000,No
2023-02-16 20:00:00,1635,Transport,UPI,50000,No
2023-08-23 05:00:00,3418,Shopping,Card,70000,No
2023-08-14 23:00:00,438,Entertainment,Cash,50000,Yes
2023-04-18 19:00:00,2841,Groceries,Cash,50000,No
2024-01-19 23:00:00,3382,Transport,Cash,100000,No
2023-08-25 08:00:00,753,Travel,Net Banking,30000,No
2023-02-27 10:00:00,2870,Food,Net Banking,30000,No
2023-05-21 14:00:00,1109,Food,Card,50000,No
2023-03-05 07:00:00,4224,Entertainment,Card,100000,No
2023-08-29 17:00:00,1348,Travel,Net Banking,100000,No
2023-11-27 15:00:00,1351,Food,Card,70000,Yes
2023-09-11 21:00:00,723,Food,Card,50000,No
2023-12-17 18:00:00,2409,Transport,UPI,70000,No
2023-08-12 03:00:00,4349,Transport,Card,100000,No
2023-07-27 00:00:00,4162,Shopping,Cash,50000,No
2024-01-14 11:00:00,4621,Travel,UPI,30000,Yes
2023-08-21 06:00:00,3632,Food,Card,30000,No
2023-06-19 16:00:00,1066,Transport,UPI,70000,No
2023-04-05 01:00:00,259,Transport,Cash,50000,No
2023-12-24 20:00:00,548,Transport,Card,100000,No
2023-07-04 08:00:00,478,Shopping,UPI,70000,Yes
2023-05-15 21:00:00,3689,Travel,Card,30000,No
2023-06-12 05:00:00,3201,Groceries,UPI,100000,No
2023-03-25 13:00:00,2155,Transport,UPI,50000,Yes
2023-03-26 00:00:00,1603,Travel,Cash,30000,No
2024-01-27 04:00:00,3256,Entertainment,Cash,100000,No
2023-03-15 20:00:00,2619,Shopping,Card,30000,Yes
2023-12-15 01:00:00,2678,Groceries,Net Banking,50000,No
2023-06-15 16:00:00,1926,Transport,Card,70000,No
2023-03-14 23:00:00,1117,Transport,UPI,100000,Yes
2024-01-09 15:00:00,1556,Shopping,Cash,100000,No
2023-11-06 14:00:00,3063,Shopping,Cash,50000,No
2023-10-26 18:00:00,1717,Food,UPI,30000,No
2023-09-27 13:00:00,4638,Transport,Net Banking,30000,Yes
2024-01-16 11:00:00,4750,Travel,Cash,30000,Yes
2023-05-15 04:00:00,4116,Shopping,Net Banking,100000,No
2023-01-23 11:00:00,997,Shopping,Cash,100000,No
2023-03-02 21:00:00,4439,Entertainment,UPI,30000,Yes
2023-08-05 00:00:00,1221,Entertainment,Card,100000,No
2023-12-23 03:00:00,221,Entertainment,Card,70000,No
2023-01-10 18:00:00,4676,Shopping,Net Banking,50000,No
2023-03-06 12:00:00,1193,Groceries,Card,50000,No
2023-11-08 16:00:00,1909,Travel,UPI,100000,No
2023-06-25 13:00:00,2238,Shopping,Card,70000,No
2023-03-11 17:00:00,2543,Food,Net Banking,70000,No
2023-10-07 12:00:00,3627,Transport,UPI,30000,No
2023-11-29 14:00:00,238,Groceries,UPI,50000,No
2023-03-29 12:00:00,4126,Groceries,Cash,50000,No
2023-06-06 04:00:00,207,Travel,Cash,50000,No
2023-05-13 05:00:00,2767,Groceries,Card,100000,No
2023-03-17 15:00:00,2020,Travel,Net Banking,70000,No
2023-06-10 01:00:00,295,Groceries,UPI,30000,No
2023-12-01 00:00:00,2953,Transport,Card,100000,No
2023-10-20 03:00:00,2845,Travel,Card,30000,No
2023-07-07 05:00:00,3874,Entertainment,Cash,100000,Yes
2023-01-29 02:00:00,2427,Entertainment,Card,50000,No
2023-12-04 00:00:00,899,Groceries,Card,30000,Yes
2023-12-24 10:00:00,1860,Groceries,Cash,70000,No
2023-03-31 22:00:00,4036,Travel,Card,70000,No
2023-04-21 21:00:00,2176,Travel,Card,100000,Yes
2023-03-28 00:00:00,4314,Transport,UPI,50000,No
2023-05-16 13:00:00,3080,Shopping,Card,100000,No
2023-07-27 11:00:00,2357,Entertainment,Cash,30000,No
2023-11-17 23:00:00,3126,Shopping,Cash,70000,No
2024-01-08 03:00:00,2394,Shopping,UPI,70000,No
2023-02-28 09:00:00,669,Food,Cash,70000,No
2023-05-16 19:00:00,2952,Travel,Cash,70000,No
2023-06-13 11:00:00,2457,Food,Cash,30000,No
2023-06-25 14:00:00,4502,Food,Card,70000,No
2023-05-15 11:00:00,3054,Shopping,UPI,100000,No
2023-04-25 09:00:00,3964,Food,Net Banking,70000,No
2023-09-11 19:00:00,2536,Transport,UPI,30000,No
2023-06-11 02:00:00,3452,Travel,UPI,50000,No
2023-08-31 10:00:00,3646,Shopping,UPI,50000,No
2023-04-03 14:00:00,1727,Travel,Net Banking,70000,Yes
2023-04-27 08:00:00,4089,Transport,Net Banking,50000,No
2024-02-17 01:00:00,1354,Groceries,Cash,30000,No
2023-06-19 07:00:00,4143,Food,Card,70000,No
2023-03-05 12:00:00,2013,Shopping,Cash,30000,No
2023-12-09 16:00:00,3357,Entertainment,Cash,50000,No
2023-09-16 06:00:00,1411,Travel,Net Banking,50000,Yes
2023-06-17 17:00:00,4344,Transport,Cash,70000,Yes
2023-04-17 22:00:00,1837,Food,Cash,50000,No
2023-04-27 19:00:00,1123,Travel,Net Banking,70000,No
2023-06-04 13:00:00,1215,Transport,UPI,70000,Yes
2023-09-14 11:00:00,3649,Travel,UPI,100000,Yes
2023-01-30 23:00:00,2767,Groceries,Net Banking,100000,No
2023-09-29 12:00:00,3203,Transport,Card,100000,No
2023-07-10 19:00:00,4176,Travel,Cash,30000,No
2023-02-10 12:00:00,3105,Groceries,UPI,50000,No
2023-06-04 22:00:00,709,Groceries,Net Banking,50000,No
2023-11-05 03:00:00,4692,Groceries,Card,100000,No
2023-07-03 10:00:00,2632,Food,Cash,70000,Yes
2023-07-09 16:00:00,1179,Transport,Net Banking,70000,No
2023-04-02 23:00:00,2324,Travel,Net Banking,70000,No
2023-07-04 10:00:00,4516,Travel,Net Banking,70000,No
2023-10-16 07:00:00,1518,Transport,Cash,30000,No
2024-01-04 03:00:00,2152,Groceries,UPI,50000,No
2023-12-16 10:00:00,3316,Travel,Cash,100000,No
2023-12-28 16:00:00,2521,Travel,Cash,30000,Yes
2023-04-02 20:00:00,1201,Groceries,UPI,50000,Yes
2023-08-11 17:00:00,142,Entertainment,Net Banking,30000,No
2023-05-17 12:00:00,2616,Entertainment,Card,70000,No
2023-02-15 22:00:00,1331,Groceries,Card,30000,Yes
2023-08-07 11:00:00,2950,Food,UPI,30000,No
2023-10-03 14:00:00,2849,Travel,UPI,70000,No
2024-01-29 01:00:00,3227,Travel,Net Banking,70000,No
2023-12-29 19:00:00,4561,Entertainment,Card,100000,No
2023-08-06 15:00:00,2654,Groceries,Card,100000,No
2023-12-24 16:00:00,3931,Transport,Net Banking,50000,No
2023-01-27 06:00:00,2463,Transport,UPI,100000,Yes
2024-01-18 03:00:00,1594,Food,UPI,100000,No
2023-10-06 11:00:00,3580,Groceries,Net Banking,50000,No
2023-01-12 13:00:00,2696,Entertainment,UPI,30000,No
2023-01-10 16:00:00,4834,Entertainment,Cash,30000,No
2024-02-11 00:00:00,2108,Travel,UPI,30000,Yes
2023-08-26 02:00:00,4564,Shopping,Cash,70000,No
2023-11-16 03:00:00,1195,Food,Card,50000,No
2023-01-02 01:00:00,960,Food,Card,30000,No
2023-11-08 04:00:00,3356,Shopping,UPI,100000,No
2023-09-25 02:00:00,1616,Transport,Net Banking,100000,No
2023-12-27 12:00:00,2445,Transport,UPI,100000,No
2023-06-06 20:00:00,3055,Transport,Net Banking,50000,No
2023-10-02 23:00:00,4557,Entertainment,Card,50000,No
2023-08-01 14:00:00,4298,Groceries,Card,100000,No
2023-10-19 22:00:00,141,Food,Card,70000,No
2023-05-26 03:00:00,4042,Shopping,Net Banking,70000,No
2023-03-25 02:00:00,380,Travel,Net Banking,30000,Yes
2023-12-28 18:00:00,1004,Travel,Card,30000,No
2023-02-14 16:00:00,3830,Entertainment,UPI,30000,No
2023-10-07 11:00:00,2651,Food,Net Banking,30000,Yes
2023-01-09 23:00:00,3027,Groceries,Cash,30000,No
2023-11-13 21:00:00,4339,Food,Card,50000,No
2024-02-18 03:00:00,579,Transport,Net Banking,50000,No
2024-02-12 16:00:00,2942,Travel,Card,70000,No
2023-04-19 14:00:00,1316,Food,Cash,70000,No
2023-12-14 22:00:00,1523,Travel,UPI,50000,No
2023-07-19 05:00:00,4784,Shopping,Cash,70000,No
2023-05-19 01:00:00,1647,Shopping,UPI,100000,No
2024-02-20 08:00:00,2575,Travel,UPI,70000,No
2023-11-20 11:00:00,4843,Groceries,Net Banking,100000,No
2023-09-05 11:00:00,3811,Groceries,UPI,100000,Yes
2023-04-06 15:00:00,2792,Food,UPI,30000,No
2023-08-25 21:00:00,4685,Travel,UPI,70000,No
2023-03-12 16:00:00,4475,Entertainment,Card,100000,No
2023-03-23 02:00:00,519,Groceries,Net Banking,70000,No
2023-04-26 23:00:00,3880,Groceries,Net Banking,70000,No
2023-06-01 20:00:00,583,Transport,UPI,50000,No
2023-08-07 09:00:00,4612,Shopping,Card,50000,No
2023-09-25 12:00:00,4105,Groceries,UPI,30000,No
2023-11-11 21:00:00,3729,Groceries,Net Banking,70000,Yes
2023-04-21 05:00:00,4137,Transport,Net Banking,50000,Yes
2023-10-02 13:00:00,811,Groceries,Net Banking,100000,Yes
2023-09-22 17:00:00,940,Transport,Net Banking,100000,Yes
2023-03-22 12:00:00,2405,Travel,Card,30000,No
2023-03-15 05:00:00,2005,Travel,Cash,100000,No
2023-07-31 21:00:00,3021,Shopping,Cash,70000,No
2023-08-23 21:00:00,1722,Food,Card,100000,No
2023-02-16 12:00:00,2886,Transport,UPI,30000,No
2023-01-21 12:00:00,4977,Groceries,Net Banking,30000,No
2024-01-03 03:00:00,4989,Food,Net Banking,100000,No
2023-11-25 16:00:00,3694,Travel,Net Banking,70000,No
2023-09-27 18:00:00,2347,Groceries,Card,50000,No
2024-02-10 18:00:00,4111,Food,Card,70000,No
2023-07-26 14:00:00,3216,Transport,Net Banking,70000,No
2024-02-13 05:00:00,1369,Transport,Net Banking,70000,No
2024-01-30 11:00:00,233,Food,UPI,100000,No
2023-04-25 07:00:00,1333,Transport,Cash,50000,No
2023-11-24 18:00:00,2896,Entertainment,Card,70000,No
2023-10-26 08:00:00,2283,Travel,Cash,50000,No
2023-08-16 03:00:00,4138,Shopping,Net Banking,30000,Yes
2023-08-08 02:00:00,1482,Shopping,Cash,50000,No
2023-12-23 04:00:00,3190,Entertainment,Cash,100000,No
2023-10-27 10:00:00,1846,Food,Card,30000,No
2023-09-12 06:00:00,4772,Transport,Card,30000,No
2024-01-13 13:00:00,2105,Entertainment,UPI,70000,No
2024-01-14 05:00:00,3386,Entertainment,Net Banking,50000,No
2024-01-30 19:00:00,832,Transport,UPI,30000,Yes
2023-01-26 19:00:00,1557,Travel,Card,30000,No
2023-02-06 18:00:00,4920,Transport,UPI,50000,No
2024-01-10 12:00:00,3904,Transport,Cash,50000,No
2023-06-01 18:00:00,726,Groceries,Cash,30000,No
2023-02-24 00:00:00,1880,Food,Card,30000,No
2023-12-18 12:00:00,4140,Shopping,Cash,50000,No
2023-05-01 15:00:00,4356,Shopping,Net Banking,100000,No
2023-10-02 17:00:00,1410,Entertainment,Card,50000,No
2023-02-08 17:00:00,4635,Entertainment,Net Banking,100000,No
2023-08-12 14:00:00,2736,Entertainment,Card,30000,No
2023-12-29 23:00:00,240,Food,Card,70000,Yes
2023-05-14 20:00:00,892,Entertainment,Cash,50000,No
2023-04-11 09:00:00,384,Entertainment,Card,30000,No
2023-12-08 15:00:00,1160,Groceries,Card,30000,Yes
2023-05-23 15:00:00,628,Food,UPI,70000,No
2023-10-18 16:00:00,111,Travel,Cash,50000,No
2023-11-13 10:00:00,436,Travel,Net Banking,30000,No
2023-08-03 22:00:00,1219,Transport,Card,100000,No
2023-06-02 19:00:00,2250,Groceries,Net Banking,70000,Yes
2023-09-06 21:00:00,4764,Shopping,UPI,100000,No
2023-09-17 20:00:00,1733,Transport,Card,50000,No
2023-12-11 21:00:00,536,Travel,Net Banking,100000,No
2023-04-13 20:00:00,3782,Food,Cash,70000,No
2023-09-17 01:00:00,590,Shopping,UPI,30000,No
2023-05-31 19:00:00,2110,Entertainment,UPI,70000,No
2023-03-10 04:00:00,4296,Food,Net Banking,30000,No
2023-12-06 19:00:00,1288,Shopping,Card,30000,No
2023-05-30 07:00:00,1040,Travel,Card,100000,No
2023-06-17 01:00:00,4517,Transport,Cash,70000,No
2023-05-19 14:00:00,2349,Entertainment,Cash,70000,No
2023-12-06 12:00:00,3957,Entertainment,Card,30000,Yes
2023-04-03 09:00:00,4338,Food,UPI,70000,No
2023-07-26 23:00:00,1130,Transport,Cash,50000,No
2023-04-09 17:00:00,247,Entertainment,Cash,50000,No
2023-06-01 14:00:00,2244,Shopping,UPI,100000,No
2024-01-16 15:00:00,1648,Groceries,Card,100000,No
2023-08-27 10:00:00,1650,Travel,Net Banking,70000,No
2023-07-05 04:00:00,3742,Food,Cash,100000,No
2023-11-14 10:00:00,3915,Transport,UPI,70000,No
2023-06-14 11:00:00,733,Groceries,Cash,100000,No
2023-03-11 20:00:00,3133,Groceries,UPI,50000,No
2023-02-19 20:00:00,4039,Food,Cash,30000,No
2023-04-27 03:00:00,382,Shopping,Card,30000,No
2023-11-06 16:00:00,1821,Transport,UPI,50000,No
2024-02-07 05:00:00,4250,Travel,Net Banking,30000,No
2023-11-27 07:00:00,2771,Food,Net Banking,70000,No
2023-05-19 06:00:00,856,Transport,Cash,70000,No
2024-01-05 02:00:00,1114,Groceries,Net Banking,50000,No
2023-10-06 17:00:00,938,Groceries,Cash,50000,No
2023-04-01 16:00:00,2973,Food,UPI,50000,Yes
2023-06-05 23:00:00,370,Transport,UPI,50000,No
2024-01-02 08:00:00,4007,Groceries,Net Banking,30000,Yes
2023-07-04 06:00:00,2432,Food,Net Banking,30000,No
2023-06-09 08:00:00,3281,Food,Card,30000,No
2024-01-18 03:00:00,2361,Travel,UPI,70000,No
2023-04-13 03:00:00,3651,Food,Net Banking,100000,No
2023-01-27 04:00:00,1550,Transport,Net Banking,70000,Yes
2024-02-14 05:00:00,1618,Transport,Net Banking,100000,No
2023-11-21 02:00:00,3331,Groceries,Cash,50000,No
2023-06-04 00:00:00,1569,Entertainment,Card,50000,No
2023-06-03 02:00:00,1968,Travel,UPI,30000,No
2023-06-13 17:00:00,4139,Transport,Net Banking,30000,No
2023-04-26 05:00:00,1915,Groceries,Net Banking,100000,No
2023-07-02 01:00:00,1455,Groceries,Net Banking,100000,No
2023-12-13 03:00:00,2773,Travel,Cash,30000,No
2023-07-26 12:00:00,54,Travel,UPI,50000,No
2023-01-29 20:00:00,1218,Groceries,Net Banking,30000,No
2023-05-12 18:00:00,2448,Entertainment,Net Banking,50000,No
2023-02-16 01:00:00,2680,Shopping,Cash,50000,No
2023-05-06 08:00:00,397,Groceries,Cash,70000,No
2023-04-01 01:00:00,4270,Travel,Card,70000,No
2023-12-14 17:00:00,1863,Food,Card,100000,No
2023-06-04 03:00:00,3392,Food,UPI,50000,No
2023-06-07 18:00:00,2624,Travel,Card,30000,No
2024-01-21 16:00:00,3875,Travel,UPI,50000,No
2023-06-25 00:00:00,4643,Shopping,Card,100000,No
2023-03-21 17:00:00,102,Transport,Net Banking,50000,No
2024-01-28 00:00:00,198,Travel,Card,50000,No
2023-08-19 00:00:00,552,Food,Net Banking,100000,No
2023-03-15 20:00:00,919,Entertainment,UPI,50000,No
2023-04-26 20:00:00,3571,Travel,Card,70000,No
2023-11-06 07:00:00,4364,Shopping,Card,100000,Yes
2023-04-30 15:00:00,3921,Entertainment,Card,70000,Yes
2023-01-28 12:00:00,1350,Shopping,Net Banking,100000,Yes
2023-09-18 02:00:00,2549,Entertainment,Net Banking,50000,No
2023-02-17 04:00:00,4083,Travel,Card,70000,No
2023-01-30 03:00:00,3339,Food,UPI,70000,No
2023-11-08 06:00:00,4883,Entertainment,Net Banking,30000,No
2023-09-20 09:00:00,3903,Groceries,Cash,70000,Yes
2023-11-22 12:00:00,2501,Transport,UPI,70000,No
2023-07-09 21:00:00,4435,Shopping,UPI,50000,No
2023-04-01 19:00:00,388,Entertainment,UPI,70000,No
2024-01-13 17:00:00,2874,Shopping,Net Banking,70000,Yes
2023-12-11 19:00:00,1743,Food,Card,70000,No
2023-03-01 06:00:00,1036,Shopping,Card,50000,No
2023-05-13 12:00:00,3540,Shopping,Cash,100000,Yes
2023-06-29 20:00:00,2783,Groceries,Card,50000,Yes
2023-10-07 00:00:00,3817,Shopping,Cash,70000,No
2024-02-04 07:00:00,4126,Entertainment,Cash,100000,No
2023-01-26 14:00:00,2056,Shopping,Card,50000,Yes
2023-07-10 10:00:00,3157,Travel,Cash,50000,No
2023-01-12 06:00:00,4518,Shopping,UPI,100000,No
2023-04-13 20:00:00,3380,Travel,UPI,30000,No
2024-02-04 06:00:00,3091,Transport,UPI,70000,No
2023-05-31 07:00:00,580,Shopping,Net Banking,30000,No
2023-05-09 03:00:00,973,Transport,Cash,70000,No
2023-01-13 01:00:00,4168,Shopping,Cash,70000,No
2023-12-05 08:00:00,290,Entertainment,UPI,30000,No
2023-10-03 14:00:00,1946,Travel,Net Banking,30000,No
2023-05-16 12:00:00,3374,Transport,Card,70000,No
2023-11-05 23:00:00,863,Transport,UPI,100000,No
2023-10-10 03:00:00,4800,Travel,Net Banking,100000,No
2023-01-12 14:00:00,832,Groceries,Card,30000,Yes
2023-01-25 04:00:00,4105,Shopping,Net Banking,30000,No
2023-07-26 14:00:00,57,Shopping,Card,50000,No
2023-12-18 21:00:00,3823,Entertainment,Cash,100000,No
2023-06-28 04:00:00,4720,Groceries,Cash,100000,No
2023-11-30 05:00:00,3189,Groceries,Net Banking,70000,Yes
2023-07-19 00:00:00,3839,Entertainment,Net Banking,50000,Yes
2023-02-04 08:00:00,4101,Transport,Card,70000,No
2023-06-09 16:00:00,567,Travel,Net Banking,50000,No
2024-01-06 11:00:00,3240,Transport,Net Banking,100000,Yes
2023-08-15 21:00:00,3152,Food,Card,70000,No
2023-02-27 12:00:00,4628,Entertainment,Card,50000,No
2024-02-16 01:00:00,2766,Travel,Cash,70000,No
2023-09-30 06:00:00,628,Transport,UPI,50000,No
2023-05-12 12:00:00,4532,Transport,Net Banking,30000,Yes
2023-06-29 11:00:00,4557,Groceries,Card,70000,No
2023-08-23 18:00:00,1915,Entertainment,Cash,30000,No
2023-12-24 07:00:00,1426,Food,UPI,50000,Yes
2023-08-31 02:00:00,2988,Shopping,Net Banking,70000,Yes
2023-12-22 13:00:00,955,Entertainment,Cash,50000,No
2023-09-05 06:00:00,1014,Food,UPI,50000,No
2023-05-10 13:00:00,2026,Food,Net Banking,30000,No
2023-06-20 02:00:00,4809,Entertainment,Cash,70000,No
2023-05-16 00:00:00,4970,Travel,Net Banking,100000,No
2023-09-09 04:00:00,1937,Entertainment,UPI,50000,No
2023-03-19 01:00:00,2497,Transport,Card,30000,No
2023-12-21 01:00:00,1041,Groceries,Cash,100000,No
2023-04-25 13:00:00,3606,Transport,UPI,30000,Yes
2023-10-06 08:00:00,4009,Food,Net Banking,30000,No
2024-01-24 15:00:00,3654,Food,UPI,30000,Yes
2023-01-09 13:00:00,1133,Shopping,UPI,50000,No
2023-11-03 08:00:00,484,Food,Card,100000,No
2023-07-11 07:00:00,70,Shopping,Cash,50000,No
2023-05-24 18:00:00,2972,Food,UPI,50000,Yes
2023-10-28 14:00:00,1975,Food,Card,70000,No
2023-06-08 19:00:00,1522,Entertainment,Card,100000,No
2023-08-03 05:00:00,1149,Entertainment,Card,70000,No
2023-12-21 05:00:00,2687,Groceries,Net Banking,30000,No
2023-04-23 20:00:00,439,Transport,Card,100000,Yes
2023-03-24 23:00:00,3463,Travel,Card,100000,No
2023-12-19 15:00:00,2665,Groceries,Card,50000,No
2023-05-17 09:00:00,1404,Food,Card,30000,Yes
2023-07-09 02:00:00,4571,Groceries,Cash,50000,No
2023-12-30 00:00:00,55,Entertainment,Cash,70000,No
2024-01-18 00:00:00,240,Transport,Card,30000,No
2023-06-05 02:00:00,197,Food,UPI,50000,No
2023-05-28 23:00:00,4550,Food,Net Banking,50000,Yes
2023-04-29 00:00:00,4403,Groceries,UPI,50000,No
2023-08-25 15:00:00,3600,Transport,UPI,30000,No
2023-10-02 03:00:00,4969,Shopping,Card,70000,No
2023-01-07 08:00:00,4155,Travel,UPI,100000,No
2023-08-28 18:00:00,1160,Transport,Cash,50000,No
2023-04-27 16:00:00,3883,Groceries,Cash,30000,No
2023-08-10 06:00:00,4983,Groceries,Net Banking,100000,No
2024-02-19 08:00:00,674,Travel,Cash,50000,No
2023-04-19 18:00:00,4175,Food,Cash,30000,No
2023-02-16 00:00:00,2225,Food,Card,70000,Yes
2023-11-03 17:00:00,3199,Shopping,Cash,50000,Yes
2023-06-24 23:00:00,1128,Groceries,UPI,30000,No
2023-06-10 14:00:00,3601,Travel,UPI,50000,No
2023-10-30 15:00:00,2402,Groceries,Cash,30000,No
2023-03-21 18:00:00,595,Entertainment,Net Banking,70000,No
2023-11-03 21:00:00,1245,Groceries,Net Banking,70000,Yes
2023-05-09 00:00:00,2119,Groceries,Net Banking,30000,No
2024-01-19 06:00:00,3408,Entertainment,Cash,100000,No
2023-01-17 22:00:00,2488,Entertainment,Net Banking,70000,Yes
2023-01-07 22:00:00,666,Travel,Cash,50000,Yes
2023-01-22 04:00:00,4294,Food,UPI,70000,No
2023-03-11 05:00:00,3393,Shopping,Net Banking,50000,No
2023-06-02 16:00:00,1861,Entertainment,Net Banking,70000,No
2023-05-26 09:00:00,221,Food,Net Banking,70000,No
2023-01-29 08:00:00,4192,Travel,UPI,50000,No
2023-04-16 04:00:00,675,Transport,Cash,70000,No
2023-03-30 08:00:00,4113,Groceries,UPI,50000,No
2023-08-08 04:00:00,2304,Travel,UPI,50000,No
2023-07-01 13:00:00,502,Travel,Card,70000,Yes
2023-02-26 19:00:00,1468,Entertainment,Net Banking,70000,No
2024-02-01 19:00:00,803,Shopping,Cash,50000,No
2023-04-06 12:00:00,3422,Entertainment,Cash,30000,No
2023-03-06 02:00:00,2773,Groceries,Card,70000,No
2023-05-23 00:00:00,3060,Entertainment,Card,100000,No
2023-11-19 14:00:00,2961,Groceries,UPI,70000,Yes
2023-12-31 16:00:00,1275,Entertainment,Card,30000,No
2024-01-23 03:00:00,217,Transport,Cash,30000,Yes
2023-03-21 07:00:00,3735,Shopping,Cash,70000,No
2023-01-08 06:00:00,135,Transport,Cash,70000,No
2023-04-03 22:00:00,1727,Food,UPI,100000,No
2023-06-28 15:00:00,2032,Shopping,Net Banking,70000,Yes
2023-06-23 08:00:00,4994,Entertainment,Net Banking,30000,No
2023-10-24 02:00:00,1536,Travel,UPI,100000,No
2024-02-08 17:00:00,491,Food,Cash,70000,No
2023-05-13 03:00:00,320,Travel,Cash,100000,No
2023-03-07 07:00:00,393,Transport,UPI,100000,No
2023-02-17 23:00:00,1256,Shopping,UPI,30000,No
2023-11-14 11:00:00,3131,Food,Card,30000,Yes
2023-09-09 09:00:00,1307,Transport,UPI,50000,No
2023-12-23 16:00:00,2341,Entertainment,Net Banking,30000,Yes
2023-07-26 02:00:00,1582,Travel,UPI,50000,No
2023-12-10 02:00:00,3472,Entertainment,Cash,30000,No
2023-03-21 11:00:00,4412,Groceries,Cash,30000,No
2023-05-26 10:00:00,1703,Food,Cash,50000,No
2023-04-16 15:00:00,288,Travel,Net Banking,50000,No
2023-06-23 21:00:00,964,Shopping,Net Banking,50000,No
2023-02-23 21:00:00,1488,Shopping,Card,100000,No
2023-07-18 17:00:00,3066,Shopping,UPI,50000,No
2023-07-19 20:00:00,1510,Transport,Card,100000,No
2023-10-14 07:00:00,3129,Shopping,UPI,100000,No
2023-05-04 20:00:00,2308,Travel,UPI,50000,No
2023-06-13 10:00:00,416,Transport,Net Banking,50000,No
2023-07-28 05:00:00,3041,Groceries,Cash,50000,Yes
2023-10-21 00:00:00,3791,Shopping,UPI,30000,No
2023-02-11 08:00:00,135,Shopping,Net Banking,30000,Yes
2023-12-05 00:00:00,2543,Transport,Card,50000,Yes
2023-08-09 07:00:00,4765,Shopping,Cash,70000,No
2023-04-04 08:00:00,181,Groceries,Card,50000,No
2023-03-03 12:00:00,953,Transport,Card,70000,No
2023-09-25 18:00:00,3506,Transport,Net Banking,30000,No
2023-01-17 05:00:00,1271,Food,Cash,30000,No
2023-02-11 15:00:00,1813,Transport,UPI,70000,No
2023-03-19 07:00:00,2854,Shopping,Card,30000,No
2023-12-05 13:00:00,1276,Transport,UPI,50000,No
2024-01-04 18:00:00,1334,Shopping,Cash,70000,No
2023-04-26 03:00:00,739,Shopping,Net Banking,70000,No
2023-06-02 15:00:00,4832,Transport,Net Banking,100000,Yes
2023-07-27 18:00:00,4931,Food,Net Banking,30000,No
2023-03-03 17:00:00,4485,Shopping,UPI,70000,No
2023-10-30 08:00:00,4557,Food,UPI,70000,No
2023-06-05 11:00:00,2046,Food,Cash,70000,Yes
2023-10-30 14:00:00,4431,Transport,UPI,30000,No
2023-01-19 19:00:00,1159,Entertainment,Net Banking,70000,No
2024-02-10 09:00:00,4995,Entertainment,Card,70000,No
2023-05-09 21:00:00,479,Shopping,Card,50000,No
2023-02-06 18:00:00,4176,Travel,Card,50000,No
2023-07-03 16:00:00,3831,Entertainment,Net Banking,100000,No
2023-06-19 12:00:00,652,Transport,UPI,70000,Yes
2023-05-17 13:00:00,489,Transport,Card,30000,No
2023-12-23 22:00:00,1034,Entertainment,UPI,100000,Yes
2023-11-28 07:00:00,1968,Travel,UPI,100000,No
2023-07-15 10:00:00,4557,Groceries,Net Banking,100000,Yes
2023-07-11 11:00:00,577,Shopping,UPI,70000,No
2023-07-09 23:00:00,4455,Groceries,UPI,100000,No
2023-10-31 19:00:00,3046,Groceries,Net Banking,30000,No
2023-12-07 00:00:00,3517,Food,Cash,50000,Yes
2023-01-05 16:00:00,1411,Food,Card,50000,No
2023-08-02 19:00:00,753,Shopping,Card,70000,Yes
2023-05-14 05:00:00,712,Travel,UPI,30000,No
2023-01-06 19:00:00,414,Food,Cash,30000,No
2023-03-01 08:00:00,972,Entertainment,Net Banking,30000,Yes
2023-05-03 21:00:00,3906,Shopping,UPI,70000,Yes
2023-05-13 00:00:00,225,Transport,Net Banking,30000,No
2023-12-29 20:00:00,985,Groceries,Card,50000,No
2023-09-09 19:00:00,431,Shopping,Net Banking,30000,No
2023-10-19 05:00:00,355,Transport,Card,30000,No
2023-10-29 12:00:00,4747,Transport,Net Banking,70000,Yes
2023-09-18 21:00:00,2440,Food,Net Banking,100000,No
2023-02-06 23:00:00,2253,Transport,Cash,100000,No
2023-05-10 08:00:00,4857,Travel,Net Banking,70000,No
2023-01-03 01:00:00,1515,Transport,UPI,70000,No
2023-06-14 15:00:00,3321,Transport,Cash,70000,No
2023-05-29 08:00:00,452,Groceries,UPI,70000,Yes
2023-01-01 18:00:00,4759,Travel,Net Banking,30000,Yes
2023-07-20 21:00:00,2720,Shopping,Net Banking,30000,Yes
2023-09-22 04:00:00,1851,Travel,Cash,100000,Yes
2023-12-02 18:00:00,2700,Travel,Card,70000,No
2024-02-07 17:00:00,226,Shopping,Cash,70000,Yes
2023-04-19 14:00:00,4594,Groceries,Card,30000,No
2023-11-23 22:00:00,792,Transport,Card,70000,Yes
2023-12-27 03:00:00,2398,Travel,Net Banking,50000,Yes
2023-09-26 00:00:00,4452,Travel,UPI,30000,No
2023-06-06 21:00:00,800,Shopping,Cash,50000,No
2023-04-12 14:00:00,918,Entertainment,Cash,30000,No
2024-02-10 21:00:00,4112,Travel,Net Banking,30000,No
2023-09-22 22:00:00,4017,Food,Net Banking,30000,No
2023-12-13 15:00:00,263,Transport,Cash,100000,No
2023-09-05 13:00:00,1667,Transport,Cash,100000,No
2023-11-15 12:00:00,2580,Groceries,UPI,30000,Yes
2023-07-22 07:00:00,3383,Travel,Net Banking,30000,No
2023-09-30 19:00:00,1647,Shopping,UPI,30000,No
2023-10-27 20:00:00,561,Food,Net Banking,30000,No
2023-09-04 07:00:00,302,Shopping,Net Banking,70000,No
2023-09-28 01:00:00,4183,Travel,UPI,70000,No
2023-04-26 01:00:00,678,Food,Card,70000,Yes
2023-07-05 16:00:00,3526,Groceries,Card,100000,No
2024-02-05 07:00:00,1036,Groceries,Card,50000,No
2023-09-23 01:00:00,1775,Groceries,Net Banking,30000,No
2023-08-26 05:00:00,2143,Entertainment,UPI,70000,Yes
2023-08-30 04:00:00,1751,Shopping,Card,70000,No
2023-01-09 09:00:00,354,Travel,Cash,70000,Yes
2023-09-14 16:00:00,4128,Food,Card,30000,No
2023-01-22 13:00:00,2330,Transport,UPI,30000,No
2023-11-19 09:00:00,4390,Transport,Net Banking,50000,No
2024-02-02 05:00:00,2857,Shopping,UPI,100000,No
2023-03-24 20:00:00,2936,Travel,Net Banking,50000,No
2023-06-08 10:00:00,3504,Entertainment,UPI,30000,No
2023-08-31 00:00:00,1074,Travel,UPI,50000,No
2023-10-26 10:00:00,4362,Shopping,Cash,70000,No
2023-09-18 01:00:00,3025,Travel,Card,50000,Yes
2023-12-16 23:00:00,556,Transport,Card,70000,Yes
2023-08-23 17:00:00,4906,Transport,UPI,50000,No
2023-08-28 19:00:00,3001,Food,Card,70000,No
2023-09-20 21:00:00,1103,Entertainment,Cash,50000,No
2023-06-21 13:00:00,2724,Transport,UPI,100000,No
2023-12-14 17:00:00,2617,Food,Card,50000,No
2023-03-05 06:00:00,1954,Entertainment,Card,30000,No
2023-09-14 19:00:00,4420,Transport,Net Banking,30000,No
2023-04-19 08:00:00,4637,Entertainment,Card,70000,No
2023-04-02 11:00:00,4972,Travel,Card,30000,No
2023-05-29 02:00:00,2944,Food,Net Banking,70000,No
2023-04-29 17:00:00,1150,Entertainment,UPI,100000,No
2023-03-14 14:00:00,3711,Entertainment,UPI,30000,No
2023-02-24 10:00:00,1686,Travel,Cash,30000,No
2023-06-10 09:00:00,1505,Transport,Net Banking,70000,No
2023-11-10 07:00:00,3663,Transport,UPI,100000,Yes
2023-06-24 19:00:00,88,Shopping,Card,100000,No
2023-08-04 18:00:00,3134,Shopping,Card,50000,No
2023-04-17 11:00:00,4289,Transport,Card,70000,No
2023-04-07 01:00:00,2781,Groceries,Cash,70000,No
2023-11-14 11:00:00,2465,Groceries,UPI,100000,No
2024-01-22 16:00:00,808,Entertainment,Net Banking,70000,No
2023-04-21 02:00:00,4392,Transport,UPI,30000,No
2024-01-26 09:00:00,3166,Shopping,Net Banking,30000,No
2023-09-25 01:00:00,814,Entertainment,Net Banking,30000,No
2023-07-18 05:00:00,2472,Food,UPI,70000,No
2023-05-05 18:00:00,1364,Shopping,Card,50000,No
2023-12-31 15:00:00,4352,Shopping,Card,50000,No
2023-02-22 23:00:00,4045,Shopping,Net Banking,100000,No
2023-03-17 13:00:00,4079,Groceries,Card,70000,No
2024-01-02 17:00:00,3743,Travel,Cash,100000,Yes
2023-04-13 13:00:00,3235,Travel,Cash,70000,No
2023-06-21 16:00:00,2916,Groceries,Net Banking,50000,No
2023-09-13 04:00:00,1367,Transport,Card,30000,Yes
2023-12-20 03:00:00,750,Transport,Net Banking,70000,Yes
2023-07-03 04:00:00,4433,Groceries,Cash,50000,No
2024-01-22 19:00:00,2251,Groceries,Cash,50000,No
2023-02-04 00:00:00,1643,Transport,Cash,50000,No
2023-11-01 08:00:00,4037,Travel,UPI,30000,No
2023-11-02 11:00:00,4995,Entertainment,Cash,50000,No
2023-01-04 10:00:00,4195,Groceries,Card,100000,Yes
2023-03-22 00:00:00,1280,Entertainment,UPI,50000,No
2023-11-22 17:00:00,2662,Entertainment,Cash,50000,No
2023-03-29 05:00:00,3187,Food,Card,70000,No
2023-10-22 15:00:00,1958,Travel,Cash,70000,No
2023-11-28 23:00:00,1840,Entertainment,Card,70000,No
2023-12-15 15:00:00,2978,Travel,Card,50000,No
2023-08-09 05:00:00,1138,Travel,Cash,50000,Yes
2023-07-25 17:00:00,2431,Food,Cash,100000,No
2023-01-16 09:00:00,4177,Transport,UPI,30000,No
2023-03-17 18:00:00,2995,Travel,Cash,50000,Yes
2023-03-29 13:00:00,3619,Entertainment,Card,30000,No
2023-05-26 10:00:00,1215,Transport,Net Banking,50000,No
2023-03-16 03:00:00,650,Transport,UPI,30000,No
2023-11-16 18:00:00,2075,Shopping,Card,70000,No
2023-02-26 20:00:00,1634,Entertainment,Card,50000,Yes
2023-10-31 22:00:00,1037,Entertainment,Net Banking,100000,No
2023-06-03 04:00:00,2015,Travel,Cash,30000,Yes
2023-04-12 02:00:00,1489,Entertainment,Card,70000,Yes
2023-12-11 08:00:00,4665,Shopping,Net Banking,100000,No
2023-12-04 01:00:00,918,Travel,Net Banking,70000,No
2023-05-04 10:00:00,2113,Groceries,Cash,50000,No
2023-02-05 19:00:00,1179,Entertainment,Net Banking,100000,No
2023-06-22 10:00:00,4428,Entertainment,Net Banking,30000,No
2023-04-12 00:00:00,4506,Food,Net Banking,30000,No
2024-01-21 16:00:00,3779,Groceries,Net Banking,100000,Yes
2023-06-17 09:00:00,1984,Groceries,Net Banking,30000,No
2023-12-23 16:00:00,1126,Shopping,Net Banking,70000,No
2023-12-14 14:00:00,1689,Groceries,Card,100000,No
2023-02-17 06:00:00,1442,Food,UPI,30000,No
2023-08-04 06:00:00,80,Shopping,Cash,70000,No
2023-08-02 07:00:00,753,Groceries,UPI,30000,Yes
2023-08-26 06:00:00,918,Shopping,Cash,70000,No
2023-09-13 16:00:00,282,Groceries,UPI,50000,No
2023-08-17 13:00:00,1000,Groceries,Cash,70000,No
2023-06-23 12:00:00,108,Transport,Net Banking,30000,Yes
2023-04-08 18:00:00,2868,Groceries,UPI,70000,Yes
2023-07-29 23:00:00,3650,Entertainment,UPI,30000,No
2023-07-24 01:00:00,3199,Groceries,Cash,100000,No
2023-12-10 20:00:00,351,Entertainment,Cash,100000,No
2023-07-30 01:00:00,2900,Travel,Card,50000,No
2023-06-12 13:00:00,2994,Transport,Net Banking,70000,No
2023-02-25 17:00:00,1973,Food,Net Banking,50000,No
2023-02-19 08:00:00,366,Shopping,Card,100000,No
2023-07-04 10:00:00,1938,Shopping,Cash,70000,No
2023-03-06 15:00:00,2765,Travel,Net Banking,70000,Yes
2023-03-09 21:00:00,4835,Groceries,Cash,50000,Yes
2024-02-01 15:00:00,1931,Food,Net Banking,50000,No
2023-03-05 14:00:00,3948,Travel,UPI,70000,No
2024-02-16 01:00:00,4163,Travel,UPI,70000,No
2023-02-26 17:00:00,1228,Shopping,Net Banking,70000,No
2024-02-11 21:00:00,3905,Entertainment,Net Banking,50000,No
2023-07-02 02:00:00,4923,Entertainment,Net Banking,30000,Yes
2023-08-09 03:00:00,4505,Groceries,Card,100000,No
2023-11-14 02:00:00,381,Groceries,Net Banking,100000,No
2023-03-25 01:00:00,577,Travel,Card,50000,No
2023-02-06 05:00:00,2109,Groceries,Card,70000,No
2023-02-12 06:00:00,1148,Entertainment,UPI,100000,No
2023-01-26 02:00:00,261,Food,Net Banking,100000,No
2023-01-29 18:00:00,1764,Shopping,UPI,100000,No
2023-12-28 21:00:00,2738,Entertainment,UPI,100000,No
2023-01-21 09:00:00,2380,Transport,Card,70000,No
2023-10-14 00:00:00,3316,Groceries,Cash,50000,No
2023-10-29 16:00:00,1082,Shopping,Card,70000,No
2023-11-21 10:00:00,1382,Transport,UPI,70000,No
2023-12-01 08:00:00,1890,Shopping,Card,100000,No
2023-01-13 06:00:00,4736,Travel,Card,100000,No
2023-08-17 16:00:00,2188,Groceries,Card,70000,No
2023-06-17 19:00:00,4601,Travel,Net Banking,70000,No
2023-05-02 08:00:00,4141,Shopping,Card,70000,No
2024-02-17 21:00:00,493,Travel,UPI,30000,No
2023-07-17 16:00:00,4224,Groceries,Card,100000,No
2023-03-20 01:00:00,1548,Entertainment,Net Banking,50000,No
2023-05-16 18:00:00,976,Food,UPI,50000,Yes
2023-04-28 09:00:00,672,Transport,Card,50000,No
2023-12-26 20:00:00,1529,Entertainment,UPI,30000,No
2023-06-01 17:00:00,3087,Shopping,Net Banking,30000,Yes
2023-07-05 18:00:00,3435,Entertainment,Cash,50000,Yes
2023-08-10 03:00:00,3368,Travel,Net Banking,50000,No
2024-01-08 05:00:00,283,Groceries,Net Banking,50000,Yes
2023-03-27 01:00:00,1667,Entertainment,UPI,70000,No
2023-01-29 07:00:00,2741,Entertainment,UPI,100000,No
2023-08-28 02:00:00,2080,Groceries,Cash,30000,Yes
2023-08-25 04:00:00,436,Travel,Cash,30000,No
2024-02-02 22:00:00,1684,Food,Cash,70000,No
2023-11-17 17:00:00,4183,Entertainment,Net Banking,30000,Yes
2023-12-01 17:00:00,1234,Transport,Net Banking,50000,No
2023-01-03 14:00:00,2017,Shopping,Cash,30000,Yes
2023-11-23 05:00:00,290,Travel,Cash,70000,No
2023-11-03 08:00:00,611,Travel,Cash,100000,No
2023-10-16 03:00:00,2049,Entertainment,Card,50000,No
2023-12-13 22:00:00,4951,Transport,Card,30000,No
2023-06-01 20:00:00,1979,Groceries,Cash,50000,No
2023-07-27 02:00:00,4950,Entertainment,Net Banking,100000,No
2023-11-30 11:00:00,2829,Entertainment,UPI,30000,No
2023-05-17 14:00:00,1725,Groceries,Net Banking,50000,No
2023-11-01 00:00:00,2565,Shopping,UPI,70000,No
2024-01-11 14:00:00,1727,Groceries,Cash,70000,No
2023-05-09 02:00:00,4191,Entertainment,Card,100000,No
2023-12-13 08:00:00,3796,Food,Card,100000,No
2023-11-11 16:00:00,3406,Groceries,UPI,100000,Yes
2023-03-10 05:00:00,1701,Shopping,Cash,30000,No
2023-08-01 15:00:00,4227,Groceries,Card,100000,No
2024-01-15 20:00:00,3891,Groceries,Cash,30000,No
2023-01-27 20:00:00,2491,Travel,Cash,50000,No
2023-03-26 16:00:00,4935,Travel,UPI,70000,No
2023-04-26 01:00:00,644,Entertainment,Cash,50000,No
2023-03-28 04:00:00,2662,Entertainment,Cash,70000,No
2023-01-11 01:00:00,4146,Groceries,UPI,100000,No
2023-04-22 04:00:00,1546,Food,Card,50000,No
2023-02-03 10:00:00,3605,Transport,Net Banking,50000,No
2023-07-30 19:00:00,4911,Entertainment,Cash,100000,Yes
2023-01-09 03:00:00,4816,Groceries,UPI,50000,Yes
2023-04-02 03:00:00,3408,Groceries,Card,30000,No
2023-04-08 02:00:00,1651,Transport,Cash,70000,No
2023-07-21 17:00:00,964,Groceries,Net Banking,100000,No
2023-05-31 06:00:00,1894,Transport,Card,30000,No
2023-12-19 20:00:00,2045,Transport,UPI,30000,No
2023-01-03 12:00:00,144,Groceries,Cash,100000,Yes
2023-06-13 15:00:00,542,Groceries,UPI,50000,Yes
2023-09-20 08:00:00,3119,Travel,Net Banking,70000,Yes
2023-04-18 23:00:00,199,Transport,Net Banking,30000,No
2023-12-31 22:00:00,1096,Shopping,UPI,50000,No
2024-02-11 19:00:00,2853,Transport,Cash,100000,No
2023-09-13 01:00:00,448,Shopping,UPI,100000,No
2023-02-20 00:00:00,4526,Groceries,Card,70000,No
2023-04-29 22:00:00,601,Entertainment,UPI,100000,No
2023-10-20 16:00:00,344,Food,Net Banking,70000,Yes
2024-01-28 20:00:00,1193,Groceries,Cash,100000,No
2023-10-18 12:00:00,505,Food,Cash,100000,No
2023-01-06 16:00:00,1603,Travel,Net Banking,30000,No
2023-02-12 21:00:00,218,Shopping,Net Banking,50000,No
2023-04-19 02:00:00,4855,Travel,Card,30000,No
2023-10-28 06:00:00,1996,Entertainment,Net Banking,70000,No
2023-01-28 13:00:00,303,Entertainment,Net Banking,30000,Yes
2023-04-14 00:00:00,2426,Transport,Net Banking,100000,No
2023-01-04 14:00:00,1370,Groceries,Cash,100000,No
2023-09-17 03:00:00,2933,Transport,Net Banking,50000,Yes
2023-12-06 07:00:00,3657,Entertainment,UPI,70000,No
2023-10-18 08:00:00,2175,Entertainment,UPI,100000,No
2023-04-26 13:00:00,3546,Transport,Cash,50000,Yes
2023-03-12 20:00:00,2290,Travel,Card,50000,No
2023-04-23 12:00:00,450,Food,Card,100000,No
2023-10-11 23:00:00,2206,Shopping,Cash,100000,No
2023-03-10 15:00:00,2426,Entertainment,UPI,70000,No
2023-09-09 14:00:00,412,Transport,Cash,50000,No
2023-08-04 04:00:00,3988,Entertainment,Net Banking,50000,No
2023-08-19 00:00:00,3901,Travel,Cash,50000,No
2023-06-03 15:00:00,3462,Shopping,Card,70000,Yes
2023-01-25 20:00:00,2356,Travel,UPI,50000,No
2023-07-09 09:00:00,134,Food,Card,30000,Yes
2023-12-28 12:00:00,1874,Travel,Card,30000,Yes
2024-01-04 05:00:00,3935,Shopping,UPI,50000,No
2023-07-18 05:00:00,357,Shopping,Net Banking,30000,Yes
2023-07-02 16:00:00,4407,Entertainment,UPI,30000,No
2024-01-07 08:00:00,1971,Food,UPI,70000,No
2023-07-17 05:00:00,680,Groceries,Cash,50000,No
2023-10-23 01:00:00,4825,Entertainment,UPI,70000,Yes
2023-12-29 02:00:00,2421,Transport,Cash,50000,Yes
2023-10-24 13:00:00,3350,Travel,Card,100000,No
2023-07-17 01:00:00,3717,Travel,UPI,30000,No
2023-03-11 17:00:00,776,Shopping,Net Banking,70000,Yes
2023-12-13 02:00:00,1698,Transport,Cash,70000,No
2024-02-18 16:00:00,4362,Shopping,Cash,100000,Yes
2023-10-27 02:00:00,1319,Transport,Net Banking,100000,No
2023-04-06 14:00:00,4593,Shopping,Cash,30000,No
2023-06-01 06:00:00,368,Groceries,Cash,30000,No
2023-01-07 02:00:00,3525,Groceries,Net Banking,50000,No
2023-05-24 21:00:00,2828,Entertainment,Card,50000,Yes
2023-07-07 19:00:00,3108,Groceries,UPI,100000,Yes
2023-08-29 23:00:00,4184,Transport,UPI,30000,Yes
2023-11-19 23:00:00,1652,Shopping,UPI,30000,No
2023-08-23 12:00:00,2306,Transport,UPI,100000,No
2023-12-14 00:00:00,879,Entertainment,UPI,100000,No
2023-05-21 00:00:00,905,Entertainment,UPI,70000,Yes
2023-05-06 05:00:00,2698,Food,Cash,100000,No
2023-05-29 00:00:00,1908,Groceries,UPI,70000,No
2023-01-01 18:00:00,1152,Travel,Cash,50000,No
2023-04-04 10:00:00,2531,Travel,Net Banking,100000,No
2023-09-21 06:00:00,1870,Food,Card,100000,Yes
2023-08-01 09:00:00,4987,Shopping,Cash,100000,No
2023-12-27 00:00:00,2129,Food,Card,70000,No
2023-03-23 04:00:00,3208,Shopping,Net Banking,100000,No
2024-01-16 17:00:00,2490,Groceries,UPI,100000,No
2023-08-23 02:00:00,3734,Groceries,Card,30000,No
2023-06-26 12:00:00,1305,Entertainment,Card,30000,Yes
2023-10-15 13:00:00,3007,Entertainment,Net Banking,30000,No
2023-03-22 00:00:00,3701,Entertainment,Net Banking,100000,Yes
2023-06-24 12:00:00,2289,Entertainment,Net Banking,30000,No
2023-01-10 22:00:00,1989,Travel,Cash,50000,Yes
2023-01-09 12:00:00,319,Entertainment,Cash,30000,No
2023-08-20 08:00:00,4880,Entertainment,Card,100000,Yes
2023-07-25 07:00:00,4114,Entertainment,Net Banking,30000,No
2023-07-02 22:00:00,3825,Shopping,Card,30000,No
2023-04-22 23:00:00,1162,Transport,UPI,30000,No
2023-07-26 07:00:00,698,Entertainment,Net Banking,50000,Yes
2023-09-14 16:00:00,1229,Food,Cash,50000,No
2023-08-13 12:00:00,2192,Entertainment,Net Banking,70000,No
2024-02-02 12:00:00,66,Entertainment,Card,100000,No
2023-08-02 14:00:00,166,Travel,Cash,50000,Yes
2023-02-04 00:00:00,1595,Transport,UPI,50000,No
2024-01-11 12:00:00,3201,Entertainment,UPI,50000,No
2023-01-09 00:00:00,2743,Transport,Card,100000,No
2023-03-16 00:00:00,4139,Shopping,Net Banking,70000,No
2023-06-01 21:00:00,1326,Groceries,UPI,100000,No
2023-09-21 02:00:00,3290,Transport,Card,30000,No
2023-12-18 18:00:00,4992,Transport,Cash,70000,No
2023-03-16 12:00:00,3838,Entertainment,Cash,30000,No
2023-11-04 06:00:00,421,Entertainment,Card,50000,No
2023-06-04 04:00:00,2857,Entertainment,Net Banking,100000,No
2024-01-25 23:00:00,205,Travel,Net Banking,30000,No
2023-06-12 05:00:00,2711,Groceries,Net Banking,70000,No
2023-10-11 19:00:00,514,Travel,Net Banking,30000,Yes
2024-01-23 00:00:00,4928,Travel,Card,30000,No
2023-04-22 15:00:00,4949,Travel,Card,50000,No
2023-06-12 16:00:00,4365,Shopping,Cash,30000,Yes
2023-10-30 12:00:00,1823,Groceries,Cash,30000,No
2023-01-22 00:00:00,166,Shopping,Net Banking,50000,Yes
2024-02-13 21:00:00,2153,Shopping,UPI,70000,No
2024-02-04 03:00:00,1424,Groceries,UPI,50000,No
2023-10-10 05:00:00,3253,Shopping,Cash,30000,No
2023-06-09 00:00:00,4453,Groceries,Cash,100000,No
2023-01-30 21:00:00,3596,Transport,Card,50000,No
2023-07-04 18:00:00,4027,Transport,Cash,50000,No
2023-01-28 10:00:00,4367,Entertainment,Cash,30000,No
2023-07-30 17:00:00,1246,Travel,Net Banking,100000,No
2023-06-17 00:00:00,3461,Transport,UPI,70000,No
2023-07-28 02:00:00,846,Transport,UPI,100000,No
2023-06-26 10:00:00,3942,Shopping,Card,50000,No
2023-06-06 20:00:00,200,Groceries,UPI,100000,No
2023-07-13 05:00:00,3299,Food,Net Banking,70000,No
2023-03-29 16:00:00,161,Shopping,Net Banking,100000,No
2024-01-29 15:00:00,732,Shopping,Card,100000,No
2023-10-11 09:00:00,1211,Groceries,Cash,100000,No
2023-12-24 07:00:00,2429,Food,Cash,50000,No
2023-04-19 15:00:00,210,Food,Net Banking,30000,No
2023-12-16 09:00:00,1475,Entertainment,Card,30000,No
2023-06-04 23:00:00,3711,Shopping,Net Banking,100000,No
2023-04-18 13:00:00,327,Travel,UPI,50000,No
2023-04-17 21:00:00,3441,Transport,UPI,50000,No
2023-04-26 03:00:00,1606,Shopping,Net Banking,50000,No
2023-09-21 16:00:00,4642,Travel,Cash,30000,No
2023-09-07 15:00:00,1965,Travel,UPI,50000,No
2023-05-22 22:00:00,4800,Groceries,Card,100000,No
2024-01-07 19:00:00,3157,Shopping,Cash,30000,No
2023-07-19 04:00:00,352,Groceries,UPI,50000,No
2023-06-24 01:00:00,4583,Entertainment,Net Banking,100000,No
2023-09-27 20:00:00,2823,Travel,Cash,30000,No
2023-04-19 12:00:00,4331,Food,Cash,50000,Yes
2023-12-07 21:00:00,3295,Travel,UPI,70000,No
2023-04-10 06:00:00,4818,Entertainment,Card,100000,No
2023-01-23 03:00:00,1050,Travel,UPI,70000,No
2023-09-11 07:00:00,3884,Groceries,UPI,30000,No
2023-01-27 10:00:00,4056,Shopping,UPI,50000,Yes
2024-02-20 01:00:00,4828,Food,UPI,100000,No
2023-01-01 02:00:00,1768,Groceries,UPI,100000,No
2023-12-16 21:00:00,3880,Transport,Net Banking,100000,Yes
2023-09-05 23:00:00,3231,Shopping,UPI,70000,No
2023-08-23 10:00:00,2932,Food,Card,50000,No
2023-11-19 11:00:00,1048,Entertainment,Cash,50000,No
2023-09-08 03:00:00,334,Travel,Net Banking,50000,Yes
2023-05-01 10:00:00,470,Food,Card,70000,Yes
2023-09-17 23:00:00,2210,Transport,UPI,30000,Yes
2023-12-01 10:00:00,3115,Entertainment,Card,70000,Yes
2023-05-18 18:00:00,2325,Shopping,Cash,30000,No
2023-02-07 09:00:00,1544,Food,Card,70000,No
2024-01-22 13:00:00,3934,Entertainment,UPI,50000,No
2024-01-30 15:00:00,4673,Shopping,Cash,50000,No
2023-01-28 22:00:00,2593,Groceries,UPI,50000,No
2023-10-31 19:00:00,4176,Travel,UPI,70000,No
2023-03-04 17:00:00,4307,Entertainment,Net Banking,100000,No
2023-09-27 04:00:00,1891,Groceries,Cash,70000,No
2023-08-04 07:00:00,4850,Transport,Cash,30000,No
2023-08-07 23:00:00,771,Transport,UPI,70000,No
2023-01-11 09:00:00,1451,Shopping,Card,30000,No
2023-09-27 01:00:00,495,Food,Cash,70000,No
2023-03-20 20:00:00,2841,Travel,Card,100000,Yes
2023-05-24 07:00:00,4572,Shopping,Card,100000,No
2023-04-29 22:00:00,3817,Entertainment,Cash,50000,Yes
2024-02-08 23:00:00,2601,Travel,Card,100000,No
2023-06-08 00:00:00,2017,Groceries,Cash,70000,No
2023-08-11 02:00:00,3938,Travel,Net Banking,100000,No
2023-11-24 23:00:00,4866,Groceries,Cash,50000,Yes
2023-12-10 03:00:00,2781,Shopping,Cash,70000,No
2023-05-31 12:00:00,2679,Food,Cash,30000,No
2023-04-20 02:00:00,2014,Transport,Net Banking,70000,No
2023-07-14 22:00:00,1107,Travel,Card,50000,No
2023-05-12 19:00:00,4881,Food,Net Banking,100000,No
2024-01-31 00:00:00,807,Food,Card,100000,No
2023-05-03 14:00:00,1845,Transport,Cash,70000,No
2023-12-17 11:00:00,1693,Travel,Cash,30000,No
2023-03-22 05:00:00,4899,Travel,Net Banking,30000,No
2023-05-04 20:00:00,73,Food,Net Banking,30000,No
2023-02-11 06:00:00,1289,Entertainment,Net Banking,30000,No
2023-03-17 12:00:00,4200,Entertainment,Net Banking,70000,Yes
2024-01-10 19:00:00,3147,Travel,Cash,100000,No
2023-01-21 09:00:00,1354,Food,Cash,30000,No
2023-09-02 20:00:00,2592,Food,UPI,70000,Yes
2024-02-08 13:00:00,3762,Shopping,Net Banking,70000,No
2023-06-01 21:00:00,4005,Food,Net Banking,70000,No
2023-10-23 01:00:00,4579,Transport,Card,30000,No
2023-05-01 11:00:00,4353,Entertainment,Card,30000,No
2024-02-17 09:00:00,4278,Shopping,Cash,70000,No
2023-05-27 12:00:00,1355,Transport,UPI,70000,No
2023-05-20 04:00:00,4514,Entertainment,Net Banking,70000,No
2023-09-25 02:00:00,3224,Transport,UPI,100000,No
2023-01-03 05:00:00,3678,Groceries,UPI,100000,No
2023-04-18 07:00:00,831,Travel,Cash,50000,Yes
2023-01-26 15:00:00,616,Groceries,UPI,50000,No
2023-09-05 16:00:00,4672,Travel,Net Banking,30000,No
2023-11-05 12:00:00,4182,Entertainment,Cash,100000,No
2023-02-09 18:00:00,4323,Entertainment,UPI,50000,No
2023-03-09 21:00:00,688,Groceries,Cash,70000,No
2023-10-13 19:00:00,3750,Transport,Cash,70000,No
2024-01-04 09:00:00,4217,Travel,Card,30000,Yes
2023-05-17 14:00:00,2449,Travel,Cash,30000,No
2023-08-16 07:00:00,2720,Shopping,UPI,50000,No
2023-06-08 09:00:00,1222,Food,Card,70000,Yes
2023-04-17 17:00:00,1770,Transport,Net Banking,30000,No
2023-09-30 11:00:00,154,Transport,Net Banking,30000,No
2023-01-16 10:00:00,1732,Shopping,Net Banking,100000,No
2023-02-05 17:00:00,4366,Entertainment,Net Banking,50000,No
2023-07-23 14:00:00,1899,Groceries,Net Banking,30000,No
2023-11-08 21:00:00,912,Transport,UPI,50000,No
2023-01-16 23:00:00,3495,Travel,Cash,70000,No
2023-06-30 14:00:00,2615,Shopping,Card,50000,No
2023-06-28 18:00:00,348,Groceries,Cash,30000,No
2023-04-24 13:00:00,2958,Groceries,Cash,100000,Yes
2023-09-16 12:00:00,4187,Transport,UPI,50000,No
2023-09-12 15:00:00,820,Food,UPI,50000,No
2023-06-27 03:00:00,2589,Travel,UPI,70000,No
2023-02-08 10:00:00,1512,Groceries,Card,100000,Yes
2023-05-02 11:00:00,3904,Travel,UPI,50000,No
2023-11-28 13:00:00,3168,Transport,Cash,100000,No
2023-05-07 22:00:00,2182,Shopping,Card,30000,Yes
2024-01-17 22:00:00,1759,Groceries,UPI,100000,No
2023-02-21 06:00:00,1040,Transport,UPI,30000,No
2023-11-15 15:00:00,760,Groceries,UPI,70000,No
2023-07-25 13:00:00,4354,Shopping,Cash,70000,No
2024-02-03 03:00:00,88,Travel,UPI,70000,No
2023-06-14 04:00:00,1325,Travel,Cash,30000,No
2023-09-28 03:00:00,4907,Groceries,Card,50000,No
2023-01-09 11:00:00,1486,Transport,UPI,30000,Yes
2023-01-07 16:00:00,3043,Shopping,Net Banking,100000,Yes
2024-01-09 08:00:00,1519,Entertainment,Net Banking,100000,No
2023-06-06 04:00:00,2149,Travel,Cash,30000,Yes
2023-10-07 22:00:00,423,Entertainment,UPI,70000,No
2023-04-18 13:00:00,4301,Groceries,UPI,70000,No
2023-02-15 13:00:00,4075,Entertainment,Net Banking,100000,Yes
2023-07-07 12:00:00,1163,Transport,Card,100000,No
2024-01-02 15:00:00,2776,Transport,Card,50000,No
2023-08-26 22:00:00,2448,Entertainment,Cash,50000,Yes
2024-02-10 12:00:00,3284,Transport,Net Banking,50000,No
2023-04-30 19:00:00,1315,Travel,Cash,100000,No
2023-05-13 23:00:00,3173,Groceries,Cash,50000,No
2023-03-18 13:00:00,703,Entertainment,Card,100000,Yes
2023-01-29 17:00:00,4208,Travel,Net Banking,100000,No
2023-06-06 15:00:00,558,Entertainment,Cash,30000,No
2023-03-29 15:00:00,2389,Travel,Card,50000,No
2023-01-16 05:00:00,3212,Transport,Card,30000,No
2023-12-04 04:00:00,1737,Transport,UPI,30000,No
2023-06-23 20:00:00,1438,Groceries,Net Banking,50000,No
2023-09-09 09:00:00,2247,Transport,Net Banking,100000,No
2023-04-10 02:00:00,3961,Shopping,UPI,100000,No
2023-02-20 05:00:00,2978,Travel,Cash,100000,No
2023-07-27 20:00:00,4849,Travel,Card,50000,No
2023-08-25 05:00:00,565,Entertainment,Card,100000,No
2023-04-24 23:00:00,3708,Groceries,Card,30000,No
2024-02-16 03:00:00,1883,Food,UPI,70000,No
2023-12-20 18:00:00,79,Transport,Card,50000,Yes
2023-02-09 20:00:00,3264,Food,Cash,70000,No
2024-01-23 18:00:00,375,Shopping,Cash,30000,No
2023-10-03 23:00:00,3816,Groceries,UPI,70000,Yes
2023-03-03 10:00:00,4161,Travel,Cash,30000,No
2023-07-05 20:00:00,160,Food,Net Banking,70000,No
2023-10-19 18:00:00,156,Shopping,Net Banking,70000,No
2023-09-24 12:00:00,2476,Groceries,Card,100000,No
2023-04-28 20:00:00,4428,Shopping,Card,70000,No
2023-04-29 18:00:00,4414,Transport,Net Banking,30000,Yes
2023-05-04 12:00:00,2581,Food,Cash,30000,No
2023-07-11 10:00:00,3194,Entertainment,UPI,30000,Yes
2024-01-16 21:00:00,4743,Entertainment,Card,50000,No
2023-10-04 20:00:00,848,Groceries,Card,30000,No
2023-04-29 18:00:00,2487,Shopping,Net Banking,50000,Yes
2023-01-07 21:00:00,2061,Travel,Net Banking,30000,No
2023-02-08 07:00:00,475,Food,UPI,50000,No
2023-12-13 01:00:00,3094,Entertainment,Card,70000,No
2023-05-27 00:00:00,3338,Entertainment,Cash,70000,No
2023-02-11 07:00:00,2964,Shopping,Cash,30000,Yes
2023-09-09 23:00:00,1289,Entertainment,Net Banking,50000,No
2023-06-09 23:00:00,3441,Shopping,UPI,100000,No
2023-02-22 10:00:00,4263,Food,Net Banking,100000,No
2023-11-14 01:00:00,4047,Shopping,UPI,100000,No
2023-12-29 18:00:00,3056,Entertainment,Cash,70000,No
2023-07-20 04:00:00,3089,Shopping,UPI,70000,No
2023-01-03 19:00:00,648,Entertainment,Cash,50000,No
2024-02-12 20:00:00,2137,Transport,UPI,30000,Yes
2023-08-24 20:00:00,1234,Groceries,Net Banking,70000,No
2023-07-06 14:00:00,2800,Entertainment,Cash,30000,Yes
2023-12-09 02:00:00,2634,Entertainment,Card,100000,No
2023-05-27 17:00:00,4809,Entertainment,Card,100000,No
2023-01-24 20:00:00,3563,Groceries,Cash,30000,Yes
2023-10-23 02:00:00,4795,Transport,Card,50000,No
2023-11-23 08:00:00,4104,Travel,Cash,100000,No
2023-08-13 19:00:00,4433,Entertainment,Net Banking,50000,Yes
2023-04-05 02:00:00,3986,Travel,Net Banking,100000,Yes
2023-09-09 15:00:00,1749,Food,UPI,70000,No
2023-01-28 02:00:00,4557,Transport,Card,100000,No
2023-08-28 05:00:00,2625,Shopping,Card,50000,No
2023-10-12 22:00:00,185,Travel,Card,70000,Yes
2023-04-18 19:00:00,2075,Transport,Cash,100000,No
2023-11-25 04:00:00,3585,Food,Net Banking,70000,No
2023-05-16 22:00:00,4904,Transport,Card,70000,No
2023-02-25 18:00:00,2940,Shopping,UPI,100000,No
2023-07-28 04:00:00,2807,Entertainment,Card,30000,No
2023-08-29 20:00:00,3823,Entertainment,UPI,30000,No
2023-04-28 19:00:00,430,Entertainment,Card,50000,No
2023-08-07 00:00:00,1578,Groceries,Card,50000,No
2023-04-03 09:00:00,4951,Groceries,Net Banking,100000,Yes
2023-05-28 11:00:00,4621,Groceries,UPI,70000,No
2023-11-23 21:00:00,3678,Groceries,Card,70000,No
2024-01-20 13:00:00,898,Food,UPI,30000,No
2023-07-02 15:00:00,4177,Transport,UPI,30000,No
2023-05-04 09:00:00,1977,Food,Net Banking,70000,No
2023-05-15 10:00:00,2215,Entertainment,Net Banking,70000,No
2023-10-12 21:00:00,4336,Shopping,UPI,50000,No
2023-10-20 23:00:00,2171,Groceries,Net Banking,70000,No
2024-01-23 02:00:00,4768,Transport,Card,70000,No
2024-01-16 11:00:00,2968,Shopping,Card,100000,Yes
2023-06-04 20:00:00,4731,Food,Net Banking,70000,No
2023-05-23 06:00:00,522,Groceries,UPI,30000,Yes
2023-03-02 08:00:00,1837,Food,Card,30000,No
2023-01-24 18:00:00,163,Food,Cash,50000,No
2023-05-02 00:00:00,1386,Travel,UPI,50000,No
2023-04-15 09:00:00,388,Transport,UPI,100000,No
2023-02-08 05:00:00,2335,Food,Cash,50000,No
2023-10-18 22:00:00,1246,Entertainment,Cash,70000,No
2023-11-06 11:00:00,128,Food,UPI,70000,No
2023-09-22 00:00:00,4609,Groceries,Cash,100000,No
2023-03-11 22:00:00,2702,Entertainment,Net Banking,30000,No
2023-01-26 15:00:00,4707,Food,Net Banking,70000,No
2024-02-19 05:00:00,4430,Entertainment,UPI,70000,No
2023-10-23 06:00:00,4368,Food,Net Banking,100000,No
2023-07-17 21:00:00,2690,Transport,Card,30000,No
2023-05-27 01:00:00,1306,Entertainment,Net Banking,50000,No
2023-07-08 17:00:00,877,Shopping,Net Banking,70000,No
2023-02-17 07:00:00,2768,Travel,Cash,30000,No
2023-12-23 22:00:00,4973,Entertainment,Net Banking,100000,No
2023-10-29 02:00:00,2860,Groceries,UPI,100000,Yes
2023-08-04 02:00:00,3435,Travel,Net Banking,30000,No
2023-01-09 14:00:00,2015,Travel,Net Banking,100000,Yes
2023-07-23 03:00:00,2477,Food,UPI,50000,No
2023-02-24 23:00:00,2891,Entertainment,UPI,30000,No
2023-02-17 13:00:00,663,Transport,Cash,50000,No
2023-07-12 19:00:00,612,Travel,Card,100000,Yes
2023-11-04 21:00:00,4876,Groceries,Net Banking,50000,No
2023-04-23 02:00:00,4402,Transport,Card,50000,No
2023-11-02 03:00:00,234,Transport,Cash,50000,No
2023-05-16 15:00:00,2242,Groceries,UPI,50000,Yes
2023-12-12 01:00:00,4115,Groceries,UPI,30000,Yes
2023-08-06 05:00:00,295,Food,UPI,100000,Yes
2023-06-21 04:00:00,4136,Shopping,Cash,100000,Yes
2023-05-06 20:00:00,2284,Entertainment,Net Banking,70000,Yes
2023-03-19 09:00:00,915,Travel,Cash,50000,No
2024-01-10 20:00:00,2137,Entertainment,UPI,50000,Yes
2024-01-16 16:00:00,650,Transport,Net Banking,70000,Yes
2023-04-27 05:00:00,3083,Travel,UPI,70000,Yes
2023-06-11 11:00:00,2106,Food,UPI,50000,No
2023-11-13 21:00:00,2181,Entertainment,Cash,100000,No
2024-02-13 10:00:00,582,Food,Cash,70000,No
2023-12-05 23:00:00,2092,Food,Card,50000,No
2023-09-10 07:00:00,407,Entertainment,UPI,100000,No
2023-06-11 18:00:00,427,Entertainment,Net Banking,30000,Yes
2023-10-26 23:00:00,2269,Travel,UPI,70000,No
2023-10-25 01:00:00,4538,Transport,Net Banking,70000,No
2023-07-29 05:00:00,4847,Transport,Card,100000,No
2023-07-17 07:00:00,3357,Groceries,UPI,30000,No
2023-04-10 11:00:00,2646,Food,Net Banking,100000,Yes
2023-10-02 06:00:00,833,Transport,Net Banking,70000,Yes
2024-01-16 13:00:00,2429,Shopping,Card,30000,No
2023-09-02 10:00:00,3653,Travel,Cash,50000,No
2023-04-17 22:00:00,1032,Travel,Card,70000,No
2023-02-10 15:00:00,3992,Groceries,Net Banking,100000,No
2023-10-28 12:00:00,2640,Groceries,Card,100000,Yes
2024-01-17 02:00:00,1092,Food,Cash,100000,No
2023-02-22 14:00:00,2588,Travel,UPI,100000,Yes
2023-07-30 07:00:00,911,Travel,Card,100000,No
2024-01-16 15:00:00,1926,Shopping,Card,70000,No
2023-11-04 14:00:00,1885,Food,UPI,30000,No
2023-09-17 15:00:00,4258,Food,Card,100000,Yes
2023-05-19 15:00:00,3576,Transport,Cash,100000,No
2023-08-23 14:00:00,1735,Groceries,Net Banking,50000,No
2023-04-05 03:00:00,3451,Transport,Card,50000,Yes
2023-02-22 09:00:00,1672,Food,UPI,30000,No
2023-01-20 08:00:00,2707,Shopping,UPI,70000,No
2023-05-18 06:00:00,1982,Food,Card,70000,No
2023-10-10 06:00:00,557,Transport,UPI,30000,Yes
2023-11-06 15:00:00,4611,Entertainment,Net Banking,30000,No
2023-02-21 06:00:00,3528,Entertainment,Net Banking,30000,No
2024-01-14 04:00:00,2706,Shopping,UPI,100000,No
2023-06-08 13:00:00,1171,Groceries,Card,70000,No
2023-09-25 11:00:00,339,Travel,Card,30000,Yes
2023-08-28 14:00:00,2879,Food,UPI,50000,No
2023-06-10 16:00:00,2259,Transport,Net Banking,100000,No
2023-05-11 15:00:00,4862,Groceries,Net Banking,100000,No
2023-10-17 17:00:00,1450,Transport,Card,100000,No
2024-01-15 20:00:00,616,Groceries,Net Banking,100000,No
2023-09-09 10:00:00,1523,Food,Cash,30000,No
2023-07-11 05:00:00,2037,Travel,Net Banking,100000,Yes
2023-03-06 10:00:00,3837,Food,Card,50000,Yes
2023-09-10 17:00:00,3915,Travel,Net Banking,50000,No
2023-02-15 14:00:00,3310,Transport,Net Banking,30000,Yes
2023-04-11 11:00:00,3597,Shopping,UPI,100000,Yes
2023-04-20 01:00:00,3301,Travel,Cash,50000,No
2024-01-09 02:00:00,1766,Groceries,UPI,70000,No
2023-06-22 17:00:00,1062,Shopping,Net Banking,100000,Yes
2023-04-26 15:00:00,1360,Transport,Net Banking,30000,Yes
2023-10-04 04:00:00,4620,Entertainment,UPI,70000,No
2023-05-12 11:00:00,667,Shopping,Cash,100000,No
2023-06-15 10:00:00,4786,Travel,Card,70000,No
2023-11-29 04:00:00,4307,Shopping,UPI,100000,No
2024-01-01 15:00:00,2032,Transport,Net Banking,100000,Yes
2023-08-14 15:00:00,2278,Shopping,Net Banking,50000,No
2023-06-30 11:00:00,4870,Transport,Card,70000,No
2023-03-22 22:00:00,518,Entertainment,Net Banking,70000,Yes
2023-09-09 02:00:00,4166,Travel,Net Banking,30000,No
2023-12-12 21:00:00,4405,Groceries,Card,30000,No
2023-01-08 23:00:00,1189,Shopping,Net Banking,70000,No
2024-01-14 23:00:00,1486,Food,Net Banking,50000,Yes
2023-02-05 21:00:00,586,Groceries,Cash,50000,No
2023-10-07 15:00:00,1001,Shopping,UPI,100000,No
2024-01-22 11:00:00,2863,Groceries,Cash,30000,No
2023-01-28 01:00:00,3056,Food,Cash,30000,No
2023-06-22 06:00:00,4044,Groceries,Net Banking,30000,No
2023-11-13 03:00:00,1890,Groceries,UPI,100000,Yes
2024-01-03 20:00:00,900,Food,UPI,50000,Yes
2023-02-13 04:00:00,2021,Food,Net Banking,30000,Yes
2023-06-22 03:00:00,1241,Food,Cash,100000,No
2023-03-31 12:00:00,3970,Entertainment,Cash,70000,No
2023-08-16 09:00:00,4678,Transport,Cash,50000,No
2023-09-11 07:00:00,2112,Transport,UPI,70000,No
2023-04-12 06:00:00,3096,Food,Net Banking,30000,No
2023-03-20 07:00:00,4449,Transport,UPI,100000,No
2023-11-11 06:00:00,3608,Groceries,Cash,50000,No
2023-03-25 19:00:00,4561,Food,UPI,30000,No
2023-05-21 13:00:00,354,Shopping,UPI,50000,No
2023-11-03 13:00:00,4958,Food,Net Banking,100000,No
2023-02-23 17:00:00,2897,Food,Net Banking,100000,No
2023-03-02 07:00:00,2485,Transport,UPI,30000,No
2023-05-14 07:00:00,2854,Travel,Card,50000,No
2023-09-23 21:00:00,2034,Groceries,Net Banking,100000,No
2023-11-10 10:00:00,3986,Transport,Card,50000,No
2023-09-10 11:00:00,762,Groceries,Net Banking,50000,No
2023-05-13 15:00:00,2945,Shopping,Cash,70000,No
2023-08-16 14:00:00,1731,Entertainment,Card,30000,No
2023-05-15 00:00:00,1383,Travel,Cash,30000,No
2023-05-11 16:00:00,3248,Shopping,Cash,50000,No
2023-05-19 06:00:00,224,Shopping,UPI,70000,No
2023-04-26 22:00:00,3255,Groceries,Cash,50000,Yes
2024-01-18 14:00:00,1466,Travel,Cash,30000,No
2023-11-16 01:00:00,2037,Groceries,Cash,30000,Yes
2023-07-25 00:00:00,4903,Entertainment,Cash,50000,No
2023-09-21 12:00:00,1822,Groceries,UPI,50000,No
2023-09-21 15:00:00,4316,Food,UPI,50000,Yes
2023-12-17 17:00:00,1124,Groceries,Cash,30000,No
2023-02-02 08:00:00,4810,Food,Card,50000,Yes
2023-08-06 00:00:00,641,Shopping,Net Banking,50000,No
2023-01-29 15:00:00,3028,Entertainment,Card,100000,No
2023-01-23 01:00:00,4032,Transport,Cash,30000,No
2023-07-31 03:00:00,2460,Food,UPI,50000,No
2023-12-03 16:00:00,897,Entertainment,Cash,70000,Yes
2023-08-18 22:00:00,543,Groceries,Cash,30000,No
2023-03-31 17:00:00,595,Transport,UPI,50000,Yes
2024-01-31 06:00:00,2336,Groceries,Card,50000,No
2023-09-11 22:00:00,2747,Shopping,Net Banking,100000,No
2023-10-18 14:00:00,3887,Groceries,Cash,100000,No
2024-02-09 22:00:00,1590,Food,UPI,30000,No
2023-07-18 22:00:00,933,Shopping,Net Banking,100000,No
2023-11-17 12:00:00,4006,Entertainment,Net Banking,100000,No
2023-05-10 07:00:00,3144,Shopping,Net Banking,30000,No
2023-04-12 16:00:00,2415,Entertainment,UPI,70000,No
2023-06-22 07:00:00,3397,Travel,Cash,50000,No
2023-10-24 20:00:00,3121,Food,UPI,50000,No
2023-08-05 17:00:00,3725,Food,Cash,100000,Yes
2023-02-05 04:00:00,4765,Entertainment,Card,50000,No
2023-01-19 14:00:00,1002,Groceries,Net Banking,100000,No
2023-06-13 03:00:00,3350,Transport,Cash,30000,No
2023-05-10 13:00:00,3785,Groceries,Card,30000,No
2023-02-21 10:00:00,3229,Travel,UPI,30000,No
2023-10-02 11:00:00,3013,Entertainment,Net Banking,50000,No
2023-01-10 10:00:00,4077,Travel,Cash,100000,Yes
2023-06-22 15:00:00,3297,Entertainment,Net Banking,100000,No
2023-10-27 09:00:00,4465,Travel,Net Banking,50000,No
2023-08-20 14:00:00,3407,Entertainment,Net Banking,30000,Yes
2023-01-08 18:00:00,4898,Food,UPI,70000,No
2023-04-16 15:00:00,2754,Travel,Net Banking,100000,No
2023-03-22 12:00:00,1087,Travel,Cash,100000,No
2024-01-12 16:00:00,120,Entertainment,UPI,50000,No
2023-03-26 16:00:00,2924,Shopping,Card,70000,No
2023-02-22 04:00:00,155,Shopping,Cash,30000,No
2023-08-18 13:00:00,819,Food,UPI,100000,Yes
2023-07-31 10:00:00,2059,Groceries,Cash,50000,No
2023-03-20 09:00:00,2990,Groceries,Cash,70000,No
2023-01-12 05:00:00,2242,Food,Card,50000,No
2023-03-09 22:00:00,3545,Groceries,UPI,70000,Yes
2023-07-03 13:00:00,4361,Transport,Net Banking,50000,No
2023-09-13 19:00:00,4405,Transport,Cash,70000,Yes
2023-03-07 14:00:00,983,Transport,Cash,100000,No
2023-03-12 15:00:00,624,Transport,Cash,70000,No
2023-05-16 18:00:00,3980,Entertainment,Cash,30000,No
2023-05-16 22:00:00,4430,Shopping,Cash,100000,No
2023-03-02 05:00:00,4137,Food,UPI,30000,Yes
2023-09-18 23:00:00,2581,Entertainment,Cash,100000,No
2023-12-17 11:00:00,2469,Transport,Cash,70000,No
2023-01-03 04:00:00,119,Food,Cash,100000,Yes
2024-02-19 13:00:00,4524,Shopping,Net Banking,50000,No
2023-08-21 02:00:00,1352,Groceries,Net Banking,70000,No
2023-11-12 19:00:00,3864,Entertainment,UPI,50000,No
2023-03-11 10:00:00,2399,Shopping,Cash,50000,No
2023-10-15 13:00:00,304,Food,Cash,50000,No
2023-04-27 01:00:00,1757,Travel,Card,50000,No
2023-01-30 23:00:00,4837,Entertainment,Net Banking,30000,No
2023-12-25 05:00:00,883,Food,Card,70000,No
2023-10-13 15:00:00,2814,Food,Cash,50000,No
2023-04-06 14:00:00,2521,Shopping,Cash,30000,No
2023-12-11 07:00:00,3792,Food,Card,100000,No
2024-01-28 13:00:00,2085,Entertainment,UPI,50000,Yes
2024-02-11 15:00:00,2017,Transport,UPI,50000,No
2023-07-06 18:00:00,149,Entertainment,Card,30000,Yes
2023-01-30 02:00:00,1902,Food,Cash,100000,No
2023-10-29 19:00:00,3233,Shopping,Card,100000,No
2024-01-11 18:00:00,2405,Entertainment,Net Banking,30000,No
2023-09-04 14:00:00,161,Travel,UPI,50000,No
2023-01-15 12:00:00,3208,Transport,Card,70000,No
2023-08-12 22:00:00,232,Groceries,UPI,30000,No
2023-11-24 21:00:00,3902,Shopping,Net Banking,70000,No
2023-01-13 19:00:00,214,Shopping,Cash,50000,No
2023-05-23 08:00:00,2187,Groceries,Cash,50000,No
2023-07-20 20:00:00,2073,Groceries,Cash,100000,Yes
2023-05-29 06:00:00,504,Entertainment,UPI,50000,No
2023-07-06 14:00:00,2335,Food,Net Banking,100000,No
2023-09-30 03:00:00,4872,Food,Card,100000,No
2023-07-12 12:00:00,591,Travel,Cash,50000,No
2023-05-05 09:00:00,2715,Transport,UPI,100000,No
2023-12-05 00:00:00,2499,Food,Cash,50000,No
2023-12-19 19:00:00,4987,Travel,Net Banking,100000,No
2023-04-17 03:00:00,3983,Travel,Card,100000,No
2023-01-15 00:00:00,2936,Shopping,Cash,50000,No
2023-05-05 03:00:00,4664,Shopping,Net Banking,70000,No
2023-06-15 08:00:00,4342,Transport,UPI,30000,Yes
2023-02-07 22:00:00,3954,Entertainment,Net Banking,50000,No
2023-03-25 04:00:00,1738,Groceries,UPI,100000,No
2023-05-11 09:00:00,1687,Groceries,Cash,30000,No
2023-08-15 23:00:00,4778,Transport,Cash,70000,No
2023-09-13 09:00:00,4720,Travel,Net Banking,50000,Yes
2023-09-01 18:00:00,4132,Transport,UPI,100000,No
2023-06-25 04:00:00,1940,Groceries,Net Banking,100000,No
2023-11-07 06:00:00,3255,Travel,Net Banking,50000,Yes
2023-12-21 23:00:00,527,Groceries,Cash,100000,No
2024-02-21 07:00:00,2416,Entertainment,Cash,30000,No
2023-01-14 02:00:00,2576,Shopping,Cash,100000,No
2023-02-17 06:00:00,416,Shopping,Net Banking,30000,No
2023-07-23 04:00:00,1886,Travel,Net Banking,30000,No
2023-12-04 14:00:00,1765,Transport,Card,50000,No
2024-02-09 16:00:00,62,Groceries,Card,100000,No
2023-12-14 19:00:00,585,Food,Net Banking,30000,No
2023-08-22 00:00:00,3289,Entertainment,Card,100000,No
2023-03-13 20:00:00,2367,Groceries,Net Banking,30000,No
2023-05-20 07:00:00,4092,Food,Cash,70000,No
2023-02-06 22:00:00,425,Entertainment,UPI,50000,No
2023-01-31 01:00:00,1774,Entertainment,Cash,50000,No
2023-11-16 22:00:00,306,Shopping,Net Banking,50000,No
2024-01-15 08:00:00,2314,Travel,Cash,30000,No
2023-05-20 21:00:00,499,Groceries,Net Banking,70000,No
2023-02-06 06:00:00,943,Entertainment,Net Banking,30000,Yes
2023-10-09 07:00:00,3262,Groceries,Card,50000,No
2023-01-21 17:00:00,1234,Entertainment,Net Banking,30000,No
2023-03-15 04:00:00,3273,Transport,UPI,50000,Yes
2023-02-16 13:00:00,1358,Shopping,Card,100000,No
2023-04-28 20:00:00,4755,Travel,UPI,30000,No
2023-03-10 15:00:00,966,Food,Net Banking,100000,No
2023-10-19 08:00:00,197,Food,Cash,30000,Yes
2023-10-10 03:00:00,4801,Transport,Net Banking,50000,No
2023-01-06 22:00:00,2164,Shopping,Net Banking,100000,No
2023-04-26 01:00:00,4066,Entertainment,Cash,30000,No
2023-05-24 03:00:00,3990,Shopping,Cash,50000,Yes
2023-10-03 22:00:00,4121,Travel,UPI,30000,No
2023-10-22 13:00:00,2845,Food,Card,100000,Yes
2023-07-08 00:00:00,492,Groceries,Card,30000,No
2023-03-19 00:00:00,2994,Food,Card,30000,No
2023-04-23 08:00:00,3986,Travel,UPI,100000,No
2023-03-13 13:00:00,448,Entertainment,UPI,50000,No
2023-05-09 00:00:00,1201,Shopping,Cash,30000,No
2024-01-21 19:00:00,3842,Food,Card,30000,No
2023-04-27 02:00:00,3045,Food,Net Banking,70000,No
2023-06-07 23:00:00,2266,Groceries,UPI,70000,No
2024-01-31 00:00:00,1757,Shopping,Net Banking,50000,No
2023-06-11 07:00:00,3381,Groceries,Card,100000,No
2023-03-17 06:00:00,2037,Groceries,Card,50000,Yes
2023-03-04 16:00:00,4652,Entertainment,UPI,50000,No
2023-05-18 20:00:00,2618,Food,UPI,50000,No
2023-10-24 13:00:00,210,Transport,Cash,30000,No
2023-07-30 08:00:00,4485,Shopping,Net Banking,30000,No
2023-12-11 07:00:00,3954,Entertainment,Cash,50000,No
2023-03-12 10:00:00,3623,Transport,Cash,50000,No
2024-02-02 08:00:00,3227,Entertainment,Net Banking,70000,No
2023-05-18 15:00:00,1875,Entertainment,Card,100000,No
2023-05-10 17:00:00,3974,Travel,Net Banking,50000,Yes
2024-01-14 02:00:00,1673,Travel,Card,70000,Yes
2023-11-24 02:00:00,1226,Entertainment,Cash,50000,No
2023-09-25 08:00:00,4968,Travel,Card,100000,No
2023-03-04 16:00:00,3770,Shopping,Card,50000,No
2024-01-07 20:00:00,4930,Food,Card,100000,No
2024-02-19 04:00:00,3270,Transport,Net Banking,30000,No
2023-06-13 12:00:00,3309,Shopping,Card,100000,No
2023-12-25 23:00:00,180,Food,Net Banking,50000,No
2024-02-12 15:00:00,3612,Travel,UPI,70000,Yes
2023-07-06 21:00:00,1549,Transport,UPI,30000,No
2023-12-04 12:00:00,2838,Shopping,Cash,70000,No
2023-12-28 20:00:00,4926,Groceries,Cash,50000,No
2023-01-08 23:00:00,3758,Entertainment,Net Banking,30000,No
2023-12-29 02:00:00,1757,Food,Card,70000,No
2023-07-24 21:00:00,1819,Food,Card,50000,No
2023-08-31 23:00:00,1368,Groceries,UPI,70000,No
2024-01-29 16:00:00,3429,Groceries,Net Banking,100000,No
2023-06-30 02:00:00,2823,Entertainment,Card,100000,No
2023-10-19 15:00:00,3040,Travel,Card,50000,Yes
2024-01-11 08:00:00,3094,Shopping,Net Banking,70000,No
2023-10-31 10:00:00,425,Shopping,Cash,50000,No
2024-02-07 17:00:00,3086,Shopping,Net Banking,70000,No
2024-01-22 14:00:00,710,Travel,Net Banking,30000,Yes
2023-03-20 02:00:00,1453,Entertainment,Card,50000,No
2024-01-13 14:00:00,790,Shopping,UPI,50000,No
2023-07-18 11:00:00,353,Food,Card,70000,No
2023-12-19 16:00:00,1135,Food,Card,50000,No
2024-01-20 05:00:00,4931,Food,Card,30000,No
2023-02-13 19:00:00,3229,Groceries,Net Banking,70000,No
2024-02-11 21:00:00,1260,Groceries,Net Banking,70000,No
2023-11-11 02:00:00,3084,Travel,Card,70000,Yes
2023-11-05 19:00:00,278,Shopping,Card,30000,Yes
2023-09-21 08:00:00,3169,Groceries,UPI,30000,No
2023-03-29 17:00:00,1904,Food,Cash,50000,No
2023-01-13 19:00:00,317,Groceries,Card,70000,No
2023-11-19 09:00:00,2824,Food,Net Banking,30000,No
2023-05-20 23:00:00,2899,Shopping,Cash,100000,No
2023-05-13 08:00:00,4399,Travel,Cash,50000,No
2023-02-22 03:00:00,2184,Entertainment,UPI,30000,No
2023-08-12 14:00:00,3509,Entertainment,Cash,30000,Yes
2023-03-05 05:00:00,2319,Food,Card,30000,Yes
2023-09-17 10:00:00,1039,Groceries,Card,50000,No
2023-08-10 01:00:00,4542,Groceries,Net Banking,30000,No
2024-02-03 18:00:00,987,Food,Card,30000,No
2023-09-02 13:00:00,489,Shopping,Card,100000,No
2023-12-01 23:00:00,2408,Food,UPI,100000,Yes
2023-07-23 19:00:00,2057,Shopping,Cash,100000,No
2023-07-28 00:00:00,3395,Travel,UPI,30000,No
2023-03-23 17:00:00,4180,Travel,Cash,100000,Yes
2023-04-30 07:00:00,4866,Food,UPI,70000,Yes
2023-10-03 03:00:00,3793,Travel,Net Banking,100000,No
2023-07-10 07:00:00,568,Groceries,UPI,100000,No
2023-09-29 09:00:00,318,Shopping,UPI,30000,Yes
2023-06-16 21:00:00,4783,Entertainment,Net Banking,70000,No
2024-01-15 18:00:00,4235,Entertainment,Card,100000,Yes
2023-01-08 15:00:00,1438,Travel,Card,30000,No
2023-11-20 03:00:00,1744,Shopping,Net Banking,70000,No
2023-05-20 22:00:00,3323,Groceries,Net Banking,100000,No
2023-10-03 15:00:00,1439,Entertainment,UPI,30000,No
2024-02-04 14:00:00,3915,Groceries,Net Banking,70000,Yes
2023-10-11 05:00:00,3079,Groceries,Net Banking,100000,No
2023-12-30 16:00:00,2385,Entertainment,Cash,70000,No
2023-11-16 22:00:00,3724,Entertainment,Cash,70000,No
2023-08-26 10:00:00,4626,Travel,Card,30000,No
2023-02-23 01:00:00,550,Shopping,Net Banking,50000,No
2023-10-05 05:00:00,1711,Food,UPI,70000,No
2023-02-15 16:00:00,2149,Shopping,Card,70000,No
2024-01-31 17:00:00,152,Food,Card,70000,No
2024-01-15 11:00:00,2796,Entertainment,Card,70000,No
2023-11-30 10:00:00,3326,Groceries,Net Banking,70000,Yes
2023-06-26 23:00:00,3135,Shopping,Net Banking,50000,No
2024-01-20 04:00:00,3587,Groceries,UPI,30000,Yes
2023-08-10 10:00:00,1377,Shopping,UPI,50000,No
2023-05-20 18:00:00,2524,Transport,Card,30000,No
2023-01-12 06:00:00,1729,Shopping,Net Banking,50000,No
2023-02-19 10:00:00,3796,Groceries,UPI,30000,No
2023-09-20 17:00:00,2612,Transport,Cash,100000,Yes
2023-04-10 22:00:00,4213,Travel,Cash,70000,No
2023-10-19 11:00:00,3367,Entertainment,Card,30000,No
2023-11-01 03:00:00,2486,Travel,Cash,30000,No
2023-06-24 06:00:00,357,Travel,Card,70000,No
2024-02-17 15:00:00,4046,Shopping,Net Banking,100000,No
2023-04-03 22:00:00,1139,Entertainment,Card,70000,No
2023-09-29 07:00:00,4605,Transport,Card,30000,No
2023-01-06 08:00:00,2444,Shopping,Net Banking,30000,No
2024-01-30 05:00:00,4054,Food,UPI,70000,Yes
2023-06-03 00:00:00,716,Shopping,UPI,50000,No
2024-02-13 01:00:00,4213,Transport,UPI,70000,No
2023-07-18 13:00:00,2284,Groceries,UPI,30000,No
2023-06-15 10:00:00,1286,Shopping,Card,30000,Yes
2023-11-11 09:00:00,1673,Food,UPI,30000,No
2023-08-20 08:00:00,1424,Shopping,Cash,100000,Yes
2023-01-27 03:00:00,3361,Transport,Cash,70000,No
2023-10-02 13:00:00,226,Food,UPI,100000,No
2023-03-27 04:00:00,1403,Entertainment,Cash,70000,No
2023-04-08 13:00:00,2978,Transport,Cash,100000,No
2023-09-03 04:00:00,675,Shopping,Net Banking,50000,Yes
2023-12-08 01:00:00,2704,Food,Net Banking,30000,No
2023-01-11 09:00:00,3658,Transport,UPI,30000,No
2023-05-02 21:00:00,3765,Entertainment,Card,70000,No
2023-07-30 03:00:00,4324,Groceries,Card,30000,No
2023-02-10 14:00:00,444,Travel,Net Banking,100000,No
2024-02-01 13:00:00,1218,Food,Net Banking,50000,No
2023-10-27 16:00:00,247,Groceries,Card,100000,No
2024-01-18 07:00:00,1018,Entertainment,UPI,100000,No
2024-01-14 08:00:00,3958,Groceries,Card,70000,No
2023-04-22 08:00:00,3205,Shopping,Card,30000,No
2023-10-31 07:00:00,4814,Travel,Cash,100000,No
2023-11-10 19:00:00,2554,Food,Card,70000,No
2024-02-01 14:00:00,1326,Transport,Net Banking,100000,No
2023-12-27 22:00:00,4217,Entertainment,UPI,100000,No
2023-03-24 19:00:00,4368,Travel,Card,100000,No
2023-01-04 18:00:00,1319,Entertainment,Cash,70000,No
2023-12-30 09:00:00,1414,Groceries,Net Banking,50000,No
2023-06-19 03:00:00,973,Entertainment,Net Banking,100000,No
2023-04-26 13:00:00,520,Entertainment,Cash,100000,No
2024-02-16 14:00:00,3066,Groceries,Net Banking,70000,No
2023-12-16 07:00:00,2104,Groceries,Cash,30000,Yes
2023-11-05 17:00:00,4333,Travel,Net Banking,50000,Yes
2023-07-05 00:00:00,2101,Food,Net Banking,70000,No
2023-11-03 03:00:00,3004,Groceries,Net Banking,30000,No
2023-02-12 00:00:00,1198,Travel,Net Banking,70000,Yes
2023-06-07 15:00:00,3136,Entertainment,Cash,70000,No
2023-10-04 22:00:00,1009,Entertainment,Card,50000,Yes
2023-06-29 02:00:00,679,Transport,Net Banking,50000,No
2023-07-14 12:00:00,824,Shopping,Cash,50000,No
2023-06-28 15:00:00,409,Groceries,Cash,50000,No
2023-03-27 12:00:00,567,Travel,Cash,30000,No
2023-09-08 09:00:00,1393,Transport,Card,100000,Yes
2023-03-13 12:00:00,2019,Travel,UPI,70000,No
2023-01-13 22:00:00,3277,Food,Cash,50000,No
2023-07-09 02:00:00,2949,Transport,Cash,100000,No
2023-02-22 12:00:00,984,Travel,Cash,30000,No
2023-06-13 20:00:00,2036,Groceries,Card,50000,No
2023-01-25 08:00:00,426,Travel,Net Banking,70000,Yes
2023-11-14 08:00:00,3610,Shopping,Card,100000,Yes
2023-12-23 07:00:00,1824,Entertainment,Cash,50000,Yes
2023-04-30 10:00:00,1555,Entertainment,UPI,70000,No
2023-09-03 18:00:00,2704,Transport,Cash,100000,No
2023-03-25 19:00:00,1060,Travel,Net Banking,70000,No
2023-09-18 11:00:00,3527,Travel,UPI,30000,No
2023-07-25 19:00:00,1280,Travel,UPI,50000,No
2023-06-16 22:00:00,1227,Travel,Card,50000,No
2023-03-09 17:00:00,3907,Shopping,Card,70000,Yes
2023-02-07 02:00:00,2145,Groceries,Net Banking,100000,No
2023-09-11 06:00:00,1722,Shopping,Card,50000,No
2023-10-21 04:00:00,1978,Shopping,Net Banking,70000,No
2024-01-07 19:00:00,3889,Shopping,UPI,30000,Yes
2023-06-15 01:00:00,3228,Entertainment,UPI,50000,No
2023-04-15 08:00:00,4318,Shopping,UPI,70000,No
2024-01-02 22:00:00,2603,Travel,Net Banking,100000,No
2023-06-08 14:00:00,2495,Shopping,Card,50000,Yes
2023-09-12 04:00:00,4439,Travel,Card,50000,No
2023-03-13 15:00:00,601,Transport,Card,30000,No
2023-10-06 14:00:00,2947,Groceries,Cash,70000,No
2023-03-08 03:00:00,1089,Entertainment,UPI,100000,No
2023-10-19 16:00:00,934,Groceries,UPI,30000,No
2024-02-13 11:00:00,3101,Transport,Cash,30000,No
2023-02-07 08:00:00,4279,Groceries,UPI,30000,No
2023-08-20 14:00:00,4916,Entertainment,UPI,70000,No
2023-12-19 21:00:00,3647,Travel,Cash,70000,No
2023-07-13 15:00:00,2605,Transport,UPI,50000,Yes
2024-02-14 12:00:00,1139,Transport,Card,70000,No
2023-04-12 08:00:00,4625,Travel,Cash,30000,No
2023-06-12 16:00:00,508,Travel,UPI,70000,No
2023-10-12 21:00:00,4771,Entertainment,Card,100000,No
2023-03-02 09:00:00,4304,Shopping,Net Banking,50000,Yes
2023-07-07 12:00:00,2057,Food,UPI,30000,Yes
2023-08-16 06:00:00,1970,Shopping,Cash,50000,Yes
2024-01-28 16:00:00,4577,Shopping,Card,70000,No
2023-06-21 13:00:00,1053,Groceries,Net Banking,50000,No
2024-01-05 13:00:00,3133,Food,Net Banking,50000,No
2023-03-26 12:00:00,2164,Travel,UPI,70000,No
2023-10-13 05:00:00,2639,Shopping,Net Banking,50000,No
2023-06-06 14:00:00,2193,Entertainment,Cash,70000,Yes
2023-09-04 00:00:00,4360,Shopping,Net Banking,30000,No
2023-07-12 16:00:00,2291,Travel,UPI,50000,No
2024-01-04 16:00:00,2136,Shopping,Net Banking,100000,No
2023-01-07 21:00:00,988,Transport,UPI,100000,No
2023-07-11 07:00:00,4351,Groceries,Net Banking,30000,Yes
2023-01-25 13:00:00,4020,Groceries,Card,70000,No
2023-07-08 12:00:00,4049,Shopping,UPI,70000,No
2023-04-28 13:00:00,4700,Groceries,Cash,50000,No
2023-09-29 05:00:00,3458,Entertainment,Cash,50000,No
2023-11-17 13:00:00,820,Food,Net Banking,100000,No
2024-01-29 22:00:00,298,Shopping,Card,100000,No
2023-01-03 23:00:00,422,Entertainment,Net Banking,70000,No
2023-05-30 04:00:00,2976,Transport,Net Banking,100000,No
2023-11-28 18:00:00,3907,Entertainment,Card,70000,No
2023-01-12 04:00:00,4980,Entertainment,UPI,30000,No
2024-02-20 08:00:00,751,Transport,Cash,30000,No
2023-04-13 14:00:00,2235,Travel,Card,100000,No
2024-01-30 04:00:00,991,Shopping,Net Banking,50000,Yes
2023-02-12 07:00:00,3964,Shopping,UPI,100000,No
2024-01-22 11:00:00,843,Shopping,Net Banking,100000,Yes
2023-11-29 16:00:00,727,Food,UPI,100000,No
2023-01-17 22:00:00,1611,Entertainment,Cash,50000,No
2023-11-04 16:00:00,4103,Shopping,Cash,100000,Yes
2023-09-10 01:00:00,502,Groceries,UPI,50000,No
2023-09-15 01:00:00,2516,Travel,Cash,100000,Yes
2023-11-29 14:00:00,3706,Transport,Net Banking,50000,No
2023-02-11 01:00:00,4196,Transport,UPI,50000,Yes
2023-07-06 21:00:00,3804,Food,Net Banking,50000,No
2024-01-06 21:00:00,259,Transport,UPI,50000,No
2023-04-20 02:00:00,1976,Travel,Net Banking,50000,No
2023-09-20 01:00:00,4995,Entertainment,Cash,30000,No
2024-02-05 03:00:00,4016,Transport,Card,70000,No
2023-10-16 16:00:00,1927,Transport,Net Banking,70000,No
2023-08-12 16:00:00,676,Groceries,UPI,50000,No
2023-07-12 13:00:00,2776,Entertainment,Cash,70000,No
2024-02-08 05:00:00,1508,Shopping,UPI,50000,No
2023-11-12 06:00:00,2874,Travel,Net Banking,100000,No
2023-07-14 14:00:00,1300,Transport,UPI,30000,No
2023-11-16 02:00:00,4808,Groceries,UPI,100000,No
2023-02-11 19:00:00,4413,Travel,Net Banking,100000,No
2023-11-09 16:00:00,2213,Food,Cash,50000,No
2023-04-13 18:00:00,1673,Groceries,Cash,100000,Yes
2023-03-22 19:00:00,1903,Food,Net Banking,30000,No
2023-03-10 03:00:00,803,Transport,Cash,100000,No
2024-02-17 02:00:00,1918,Groceries,Card,30000,No
2023-12-04 07:00:00,231,Shopping,UPI,30000,No
2023-09-19 01:00:00,1563,Travel,Net Banking,50000,No
2023-03-20 23:00:00,952,Travel,Card,30000,No
2023-09-29 20:00:00,3394,Entertainment,UPI,100000,No
2023-02-14 17:00:00,3503,Groceries,Net Banking,50000,No
2023-08-05 00:00:00,3657,Groceries,Cash,30000,No
2023-04-11 02:00:00,2606,Food,Net Banking,30000,Yes
2023-07-23 23:00:00,2189,Groceries,Net Banking,70000,No
2023-11-02 11:00:00,4294,Travel,UPI,50000,No
2024-01-25 07:00:00,2214,Groceries,UPI,70000,No
2023-03-23 12:00:00,2662,Entertainment,UPI,30000,No
2023-10-20 15:00:00,2071,Entertainment,Card,70000,No
2023-06-12 19:00:00,2871,Travel,Cash,100000,No
2023-02-03 15:00:00,2331,Travel,Net Banking,100000,No
2023-12-16 02:00:00,1620,Travel,Net Banking,30000,No
2023-07-21 03:00:00,2022,Groceries,Cash,70000,Yes
2023-07-08 12:00:00,4036,Groceries,Net Banking,70000,No
2024-01-31 19:00:00,2294,Shopping,UPI,50000,No
2023-04-06 04:00:00,2492,Transport,Net Banking,100000,No
2023-08-10 09:00:00,763,Transport,Cash,100000,No
2023-02-01 13:00:00,3595,Food,Card,50000,No
2023-07-23 15:00:00,272,Groceries,Card,100000,No
2023-06-10 14:00:00,913,Shopping,Cash,70000,No
2023-05-29 06:00:00,4675,Shopping,Net Banking,70000,No
2024-02-12 04:00:00,1475,Entertainment,Net Banking,100000,No
2023-02-10 01:00:00,2354,Groceries,Card,50000,Yes
2023-06-10 07:00:00,703,Shopping,Net Banking,30000,No
2023-10-08 06:00:00,1209,Entertainment,Card,30000,No
2023-05-29 23:00:00,1892,Food,Cash,30000,No
2024-01-13 19:00:00,493,Entertainment,Cash,30000,Yes
2023-04-11 18:00:00,2515,Food,Net Banking,70000,Yes
2023-06-24 22:00:00,4719,Transport,UPI,30000,No
2023-02-11 17:00:00,4486,Transport,UPI,70000,No
2023-08-07 12:00:00,2907,Travel,Card,70000,Yes
2023-10-24 15:00:00,1330,Travel,Cash,30000,No
2023-06-19 10:00:00,3089,Entertainment,Card,30000,No
2023-04-29 13:00:00,3845,Travel,Cash,30000,Yes
2024-02-08 01:00:00,3687,Groceries,Card,100000,No
2024-01-04 17:00:00,3808,Entertainment,Card,100000,No
2023-08-10 12:00:00,149,Shopping,Card,50000,Yes
2023-01-18 14:00:00,2136,Groceries,Net Banking,70000,Yes
2023-10-07 19:00:00,2360,Entertainment,UPI,30000,Yes
2023-06-27 18:00:00,4295,Transport,Cash,100000,No
2023-11-11 13:00:00,2787,Food,Card,50000,Yes
2023-09-21 04:00:00,1657,Travel,UPI,70000,No
2023-04-23 22:00:00,3003,Travel,Card,70000,No
2023-12-27 04:00:00,4031,Travel,Card,70000,Yes
2023-12-03 05:00:00,3244,Entertainment,Cash,100000,No
2023-03-11 01:00:00,4389,Groceries,Net Banking,30000,No
2023-04-16 21:00:00,4732,Food,Card,30000,No
2023-10-09 19:00:00,3142,Travel,Cash,70000,No
2023-05-09 03:00:00,3012,Groceries,Net Banking,70000,No
2023-05-12 20:00:00,2712,Shopping,Net Banking,50000,No
2023-03-27 13:00:00,905,Transport,UPI,50000,No
2023-12-20 07:00:00,2196,Shopping,UPI,70000,No
2023-08-28 01:00:00,4975,Food,Card,50000,No
2023-05-15 01:00:00,1436,Travel,UPI,100000,No
2023-03-02 07:00:00,1766,Shopping,Cash,70000,No
2023-09-08 09:00:00,4201,Transport,Cash,50000,No
2023-01-26 07:00:00,1775,Groceries,UPI,70000,No
2023-07-09 16:00:00,2003,Groceries,Cash,30000,No
2023-03-15 12:00:00,234,Shopping,Cash,100000,Yes
2024-01-28 09:00:00,571,Travel,Card,70000,No
2024-01-28 19:00:00,2361,Transport,Card,30000,No
2024-01-20 05:00:00,1298,Food,Cash,70000,Yes
2023-04-22 07:00:00,1708,Travel,UPI,30000,No
2023-09-29 15:00:00,1052,Entertainment,Cash,50000,No
2023-06-15 02:00:00,3277,Shopping,Net Banking,30000,No
2023-05-13 09:00:00,3188,Entertainment,Net Banking,100000,No
2023-06-05 02:00:00,1978,Shopping,Net Banking,100000,Yes
2023-07-24 10:00:00,443,Food,Card,50000,Yes
2023-10-30 15:00:00,1667,Travel,UPI,70000,No
2023-07-30 14:00:00,3691,Transport,Cash,100000,No
2024-02-07 19:00:00,710,Travel,UPI,50000,No
2023-02-03 16:00:00,4214,Shopping,UPI,100000,Yes
2024-01-18 02:00:00,369,Groceries,UPI,50000,No
2023-01-31 05:00:00,2274,Entertainment,Net Banking,100000,No
2023-11-17 21:00:00,633,Transport,Cash,50000,No
2023-02-20 16:00:00,3650,Transport,Card,100000,No
2023-06-18 19:00:00,631,Travel,UPI,70000,No
2023-04-02 13:00:00,3746,Travel,UPI,30000,No
2023-04-27 22:00:00,1817,Shopping,Net Banking,100000,No
2024-01-09 18:00:00,1606,Groceries,Net Banking,50000,No
2023-02-10 12:00:00,1848,Entertainment,Cash,70000,No
2023-08-23 18:00:00,4256,Groceries,Card,100000,No
2023-11-08 19:00:00,1048,Transport,Card,50000,No
2023-03-30 11:00:00,807,Groceries,Net Banking,30000,Yes
2024-01-02 06:00:00,332,Shopping,Cash,50000,No
2023-01-10 08:00:00,4946,Groceries,UPI,100000,No
2024-01-12 08:00:00,180,Entertainment,Cash,50000,No
2023-03-17 14:00:00,1343,Transport,Card,50000,No
2023-02-16 02:00:00,110,Food,Net Banking,30000,No
2023-01-06 04:00:00,2261,Transport,UPI,100000,No
2023-05-16 06:00:00,1598,Food,UPI,100000,No
2023-05-03 03:00:00,4417,Entertainment,Card,30000,No
2023-05-04 19:00:00,1831,Transport,UPI,70000,Yes
2023-03-26 01:00:00,87,Transport,Cash,50000,No
2023-11-05 23:00:00,3681,Transport,Card,50000,No
2023-04-11 15:00:00,2714,Transport,Card,50000,No
2023-05-10 00:00:00,523,Shopping,UPI,100000,No
2023-03-09 01:00:00,108,Travel,Card,100000,Yes
2023-01-30 21:00:00,2686,Transport,Net Banking,50000,No
2023-05-29 09:00:00,2664,Shopping,Cash,100000,No
2024-01-19 16:00:00,2664,Entertainment,Card,30000,No
2023-10-10 14:00:00,4528,Transport,Net Banking,30000,No
2023-02-13 16:00:00,1461,Groceries,UPI,100000,No
2024-02-02 21:00:00,134,Transport,Card,50000,No
2023-12-13 03:00:00,1583,Transport,Net Banking,50000,No
2023-11-26 09:00:00,3847,Food,UPI,50000,No
2024-02-21 09:00:00,2724,Groceries,Net Banking,50000,Yes
2023-08-21 10:00:00,2923,Transport,UPI,100000,Yes
2023-03-09 12:00:00,3170,Transport,Cash,70000,No
2023-09-30 20:00:00,1140,Transport,Card,70000,Yes
2023-11-04 13:00:00,2884,Shopping,Cash,50000,Yes
2023-07-19 04:00:00,4274,Entertainment,Cash,50000,No
2023-06-08 00:00:00,2126,Food,Card,50000,No
2023-05-03 13:00:00,3240,Transport,Cash,70000,No
2023-08-26 07:00:00,4837,Entertainment,Cash,30000,No
2023-09-24 17:00:00,4278,Food,Net Banking,70000,Yes
2024-01-18 01:00:00,1258,Food,UPI,100000,No
2023-09-16 05:00:00,3627,Food,Cash,70000,No
2023-08-16 02:00:00,4791,Transport,Card,100000,Yes
2024-01-09 23:00:00,2631,Shopping,Net Banking,50000,No
2023-12-18 08:00:00,3837,Transport,UPI,100000,No
2023-09-02 18:00:00,565,Transport,Cash,50000,Yes
2023-03-06 17:00:00,2262,Entertainment,Cash,30000,Yes
2023-02-12 04:00:00,3024,Travel,Card,50000,No
2023-12-16 02:00:00,982,Travel,Cash,50000,No
2023-03-20 09:00:00,1713,Travel,Card,30000,No
2023-10-11 07:00:00,606,Entertainment,Cash,50000,No
2023-07-11 02:00:00,1721,Groceries,Cash,50000,No
2023-12-26 06:00:00,1042,Entertainment,Card,50000,No
2023-12-18 06:00:00,1678,Food,UPI,70000,No
2023-09-26 15:00:00,1741,Transport,Net Banking,100000,No
2023-04-08 17:00:00,4902,Groceries,Card,50000,No
2023-01-04 03:00:00,1154,Food,UPI,70000,No
2024-02-02 20:00:00,1320,Transport,UPI,50000,No
2023-09-02 21:00:00,2952,Transport,Card,100000,Yes
2023-10-10 17:00:00,4794,Food,Net Banking,50000,No
2023-07-25 02:00:00,1459,Entertainment,Card,100000,No
2023-12-04 02:00:00,3696,Travel,Cash,70000,No
2023-04-08 02:00:00,1380,Groceries,Cash,70000,No
2023-07-15 06:00:00,4773,Transport,UPI,50000,No
2023-03-21 06:00:00,2104,Shopping,Cash,30000,No
2023-07-14 14:00:00,1003,Transport,Net Banking,100000,No
2023-10-25 15:00:00,1892,Travel,Card,50000,Yes
2023-03-27 19:00:00,2852,Transport,Net Banking,70000,No
2023-01-06 20:00:00,59,Shopping,UPI,50000,No
2023-03-16 13:00:00,2659,Entertainment,Cash,100000,No
2023-01-01 16:00:00,171,Transport,Cash,50000,No
2023-01-20 08:00:00,4832,Groceries,Card,100000,Yes
2023-07-06 07:00:00,2610,Entertainment,Net Banking,70000,No
2023-03-18 03:00:00,3087,Shopping,Net Banking,30000,No
2023-12-29 23:00:00,490,Food,Card,30000,No
2023-09-06 04:00:00,2799,Transport,Cash,70000,No
2023-01-04 17:00:00,640,Entertainment,UPI,70000,No
2023-07-20 15:00:00,1418,Transport,UPI,50000,No
2023-04-29 19:00:00,2039,Groceries,Card,70000,No
2023-04-29 11:00:00,1411,Transport,Card,70000,No
2024-01-15 21:00:00,3823,Entertainment,Card,100000,No
2023-09-30 15:00:00,2114,Travel,Net Banking,50000,Yes
2023-09-03 21:00:00,2465,Entertainment,Cash,100000,No
2023-02-10 09:00:00,3001,Shopping,Cash,50000,No
2023-02-15 14:00:00,2818,Entertainment,Card,50000,Yes
2023-09-13 04:00:00,3466,Groceries,UPI,30000,No
2023-11-03 03:00:00,1626,Entertainment,Net Banking,30000,No
2023-05-14 03:00:00,164,Entertainment,Card,70000,Yes
2023-02-28 12:00:00,1418,Groceries,Net Banking,50000,No
2023-10-17 04:00:00,188,Entertainment,Card,70000,Yes
2023-06-28 18:00:00,4973,Groceries,Net Banking,100000,No
2023-06-15 22:00:00,4991,Shopping,UPI,70000,No
2023-08-20 11:00:00,3423,Groceries,UPI,100000,No
2023-11-28 10:00:00,1365,Shopping,UPI,30000,No
2023-07-16 09:00:00,123,Shopping,UPI,30000,No
2023-05-09 20:00:00,3896,Groceries,Cash,100000,No
2023-06-23 07:00:00,533,Entertainment,Cash,100000,No
2023-09-20 20:00:00,4161,Transport,Net Banking,100000,Yes
2023-11-08 14:00:00,1599,Travel,Card,70000,No
2023-12-20 04:00:00,1409,Transport,Cash,100000,No
2023-07-25 13:00:00,1946,Groceries,Card,50000,No
2023-07-25 06:00:00,4274,Entertainment,Net Banking,100000,No
2024-01-26 19:00:00,560,Shopping,Card,30000,No
2023-06-15 09:00:00,472,Food,UPI,100000,No
2023-05-04 13:00:00,2482,Travel,UPI,30000,No
2023-06-29 23:00:00,1956,Transport,Cash,30000,No
2024-01-09 23:00:00,4377,Entertainment,Net Banking,70000,No
2023-10-24 04:00:00,1008,Travel,Cash,100000,No
2024-01-16 21:00:00,874,Food,Cash,30000,No
2023-06-14 03:00:00,114,Food,Cash,50000,No
2023-01-02 20:00:00,4978,Food,Net Banking,100000,No
2023-03-17 10:00:00,4760,Transport,UPI,100000,No
2023-07-10 06:00:00,3398,Groceries,UPI,30000,No
2024-01-11 21:00:00,850,Travel,Cash,70000,No
2023-03-21 13:00:00,327,Groceries,Card,70000,No
2023-09-23 04:00:00,1767,Food,UPI,100000,No
2023-04-18 13:00:00,2463,Entertainment,UPI,100000,No
2023-01-29 19:00:00,1288,Food,Net Banking,70000,No
2023-02-08 19:00:00,4573,Groceries,UPI,70000,No
2023-11-26 14:00:00,1536,Food,UPI,50000,Yes
2023-09-23 22:00:00,4731,Food,Cash,100000,No
2023-05-22 22:00:00,3348,Groceries,Cash,100000,Yes
2023-12-14 11:00:00,4520,Groceries,Net Banking,100000,Yes
2023-02-13 00:00:00,3045,Entertainment,Net Banking,70000,No
2023-02-24 15:00:00,142,Groceries,Card,30000,No
2023-12-24 11:00:00,3581,Entertainment,UPI,50000,No
2023-05-11 01:00:00,1890,Shopping,Cash,70000,No
2023-03-20 01:00:00,3577,Shopping,Cash,70000,No
2024-01-15 11:00:00,1671,Groceries,UPI,50000,No
2023-10-10 13:00:00,1611,Food,Net Banking,100000,No
2023-06-06 04:00:00,1466,Travel,Cash,30000,No
2023-01-12 13:00:00,3014,Food,Net Banking,50000,No
2023-03-19 11:00:00,4240,Groceries,Cash,30000,No
2023-09-05 01:00:00,1180,Entertainment,Cash,100000,No
2023-10-11 00:00:00,1463,Food,Card,30000,No
2023-07-16 09:00:00,3647,Shopping,Cash,100000,No
2023-07-14 19:00:00,3794,Transport,UPI,70000,No
2023-02-18 18:00:00,2168,Groceries,UPI,100000,No
2023-12-28 17:00:00,713,Food,UPI,50000,Yes
2024-01-26 14:00:00,2684,Transport,Net Banking,50000,Yes
2023-08-10 04:00:00,2824,Food,Cash,100000,No
2023-04-13 14:00:00,4019,Entertainment,Net Banking,100000,Yes
2024-02-14 06:00:00,3540,Entertainment,Card,70000,No
2023-01-12 23:00:00,1621,Entertainment,Cash,70000,No
2023-09-06 01:00:00,1573,Transport,UPI,100000,No
2023-06-28 10:00:00,1037,Travel,Card,30000,No
2023-03-21 11:00:00,3288,Transport,Card,70000,No
2023-02-18 09:00:00,3895,Groceries,Cash,50000,No
2023-01-06 09:00:00,3743,Groceries,UPI,70000,No
2023-09-22 01:00:00,148,Shopping,Net Banking,70000,No
2023-04-09 11:00:00,2338,Shopping,Cash,70000,No
2023-12-06 15:00:00,1564,Groceries,UPI,70000,No
2023-09-07 07:00:00,4347,Food,Card,100000,Yes
2023-01-06 23:00:00,683,Groceries,Cash,70000,No
2023-12-08 23:00:00,4891,Travel,Card,30000,No
2023-11-08 05:00:00,4635,Shopping,UPI,70000,No
2023-01-11 04:00:00,628,Shopping,Net Banking,70000,No
2023-02-08 14:00:00,4009,Transport,Net Banking,50000,No
2023-05-13 10:00:00,322,Shopping,Card,70000,Yes
2023-04-01 16:00:00,4931,Groceries,Card,50000,No
2023-07-28 10:00:00,4004,Shopping,Card,50000,No
2023-02-06 22:00:00,3977,Shopping,Cash,100000,Yes
2023-12-22 12:00:00,502,Transport,UPI,50000,No
2023-05-22 14:00:00,1225,Groceries,Card,50000,Yes
2023-12-21 01:00:00,4961,Food,Card,30000,No
2024-01-15 03:00:00,463,Shopping,Card,30000,No
2023-04-21 14:00:00,1600,Shopping,Net Banking,50000,No
2023-11-05 00:00:00,4576,Shopping,Card,100000,Yes
2023-02-27 03:00:00,1996,Travel,UPI,30000,Yes
2023-10-25 07:00:00,241,Groceries,Net Banking,30000,No
2023-01-14 08:00:00,90,Shopping,UPI,100000,No
2023-07-13 22:00:00,1909,Travel,Net Banking,70000,No
2023-08-09 20:00:00,1382,Food,Net Banking,30000,No
2023-10-09 17:00:00,3499,Food,Cash,50000,Yes
2023-10-13 14:00:00,185,Transport,Net Banking,50000,No
2023-08-18 09:00:00,4251,Transport,Net Banking,50000,No
2024-01-24 11:00:00,4664,Transport,UPI,100000,Yes
2023-10-01 01:00:00,1991,Travel,UPI,50000,No
2023-06-18 10:00:00,1615,Food,Card,70000,No
2024-01-11 09:00:00,4271,Transport,Cash,100000,No
2023-11-09 10:00:00,438,Entertainment,Net Banking,30000,No
2023-10-04 12:00:00,1608,Transport,Cash,100000,No
2023-11-03 18:00:00,2171,Food,Card,50000,No
2023-01-01 11:00:00,1078,Entertainment,Cash,100000,No
2023-01-09 02:00:00,3584,Travel,Net Banking,100000,Yes
2023-04-16 17:00:00,131,Entertainment,UPI,100000,No
2023-04-29 10:00:00,825,Food,Cash,100000,No
2023-04-03 21:00:00,3088,Shopping,Net Banking,70000,No
2023-05-06 09:00:00,4423,Entertainment,Card,100000,No
2023-11-29 16:00:00,2937,Food,Net Banking,50000,No
2023-03-28 13:00:00,1928,Transport,Cash,30000,No
2023-11-23 21:00:00,2321,Shopping,Net Banking,70000,No
2023-06-11 03:00:00,1657,Travel,Net Banking,100000,No
2023-07-23 01:00:00,3189,Travel,Cash,30000,No
2023-12-26 19:00:00,655,Groceries,Cash,70000,No
2023-01-13 09:00:00,4785,Travel,Card,50000,No
2023-09-02 00:00:00,3464,Groceries,Net Banking,50000,No
2024-01-12 12:00:00,3715,Travel,UPI,30000,No
2023-02-12 07:00:00,2194,Travel,Cash,100000,No
2023-02-27 16:00:00,4320,Travel,Net Banking,30000,No
2024-02-04 13:00:00,3815,Groceries,UPI,70000,Yes
2023-12-31 09:00:00,1426,Transport,UPI,30000,No
2023-04-08 22:00:00,3512,Groceries,Net Banking,30000,Yes
2023-02-22 21:00:00,397,Entertainment,Net Banking,100000,Yes
2023-02-22 12:00:00,50,Food,Net Banking,50000,Yes
2023-11-17 21:00:00,112,Food,UPI,100000,No
2023-12-16 00:00:00,1833,Transport,Net Banking,50000,No
2023-07-10 03:00:00,3864,Food,Cash,100000,No
2023-10-15 09:00:00,275,Travel,UPI,50000,No
2023-08-25 08:00:00,1092,Transport,Cash,100000,No
2023-08-22 01:00:00,894,Food,Cash,50000,No
2023-09-14 11:00:00,2730,Groceries,Net Banking,50000,Yes
2023-08-19 23:00:00,4169,Entertainment,Cash,50000,No
2023-10-29 16:00:00,1284,Shopping,Net Banking,50000,Yes
2023-07-15 03:00:00,2034,Entertainment,UPI,100000,No
2023-03-20 09:00:00,4306,Food,Cash,70000,No
2023-12-30 01:00:00,1328,Transport,Net Banking,50000,No
2023-06-08 17:00:00,1644,Food,Card,50000,Yes
2023-08-30 23:00:00,2601,Groceries,Net Banking,50000,No
2023-07-23 11:00:00,2002,Entertainment,Card,50000,No
2023-10-28 06:00:00,1745,Groceries,Net Banking,50000,No
2023-06-23 03:00:00,1004,Groceries,Card,30000,No
2023-07-14 17:00:00,3341,Shopping,Cash,30000,No
2023-02-28 17:00:00,406,Groceries,Card,50000,No
2024-02-16 22:00:00,3645,Groceries,Cash,50000,Yes
2023-08-05 13:00:00,1018,Shopping,Cash,50000,Yes
2023-11-07 12:00:00,291,Travel,Net Banking,70000,No
2023-12-30 06:00:00,3496,Travel,Cash,100000,No
2023-04-01 12:00:00,4284,Transport,UPI,50000,No
2023-01-12 15:00:00,2194,Shopping,Card,70000,No
2023-06-15 17:00:00,196,Transport,Net Banking,70000,No
2023-04-22 05:00:00,592,Transport,Cash,50000,No
2023-11-23 01:00:00,741,Groceries,Card,100000,No
2024-02-19 07:00:00,1075,Transport,Card,30000,No
2023-06-15 21:00:00,4100,Food,UPI,50000,No
2023-07-18 17:00:00,4055,Entertainment,Card,50000,Yes
2023-08-07 15:00:00,3409,Food,Net Banking,30000,Yes
2023-07-04 11:00:00,3001,Food,Net Banking,100000,No
2023-09-13 15:00:00,779,Groceries,Cash,30000,No
2023-08-21 05:00:00,4549,Entertainment,Cash,50000,No
2023-06-22 03:00:00,2605,Transport,Net Banking,50000,No
2024-02-17 12:00:00,1200,Entertainment,Card,70000,No
2023-10-27 13:00:00,1785,Transport,Card,30000,No
2023-07-08 23:00:00,1088,Travel,UPI,70000,No
2023-04-26 16:00:00,2962,Shopping,Cash,70000,No
2024-01-23 23:00:00,4890,Groceries,Card,70000,Yes
2023-11-17 17:00:00,2590,Transport,Card,70000,No
2023-12-16 10:00:00,4464,Transport,Cash,30000,No
2023-01-28 14:00:00,1292,Entertainment,Net Banking,30000,No
2023-12-28 07:00:00,822,Groceries,Card,30000,Yes
2023-12-02 04:00:00,1966,Transport,UPI,50000,No
2023-06-25 18:00:00,3462,Travel,Card,100000,No
2024-02-05 15:00:00,2549,Food,Card,70000,No
2023-07-30 20:00:00,3490,Transport,UPI,50000,No
2023-09-02 18:00:00,3595,Entertainment,Net Banking,30000,No
2023-08-21 13:00:00,1263,Travel,UPI,30000,No
2023-03-25 22:00:00,2981,Groceries,UPI,50000,No
2023-06-07 21:00:00,468,Transport,Cash,70000,No
2024-01-15 07:00:00,3831,Travel,Card,30000,No
2023-10-25 20:00:00,838,Travel,Net Banking,70000,No
2023-11-20 14:00:00,1921,Travel,Card,70000,No
2023-04-09 12:00:00,4640,Travel,Net Banking,100000,No
2023-06-01 05:00:00,2075,Travel,UPI,30000,No
2023-09-04 15:00:00,2496,Travel,Cash,50000,No
2023-08-25 11:00:00,4873,Shopping,UPI,100000,No
2024-01-05 16:00:00,610,Groceries,Card,70000,No
2023-10-04 14:00:00,2701,Food,Cash,50000,No
2023-07-13 19:00:00,3954,Groceries,Cash,100000,No
2023-01-26 09:00:00,589,Entertainment,Card,100000,No
2023-11-27 20:00:00,4805,Entertainment,Net Banking,100000,No
2023-06-11 02:00:00,3186,Groceries,Cash,70000,Yes
2023-01-16 11:00:00,3339,Travel,Net Banking,70000,No
2023-10-19 14:00:00,2660,Shopping,Net Banking,30000,No
2023-01-26 15:00:00,4962,Food,Net Banking,100000,No
2023-10-15 23:00:00,1994,Transport,Cash,50000,No
2023-09-08 10:00:00,3195,Transport,UPI,70000,No
2023-04-04 21:00:00,2808,Travel,Cash,100000,No
2023-07-25 22:00:00,3310,Groceries,UPI,50000,No
2023-02-06 00:00:00,4157,Transport,Cash,70000,No
2023-02-22 20:00:00,1945,Groceries,UPI,50000,Yes
2023-11-07 14:00:00,2550,Shopping,UPI,50000,No
2024-01-10 00:00:00,2879,Shopping,Cash,30000,No
2023-07-10 11:00:00,3923,Groceries,Net Banking,70000,No
2023-08-06 21:00:00,97,Travel,Net Banking,70000,No
2023-04-04 05:00:00,2414,Travel,UPI,70000,No
2023-06-18 22:00:00,2306,Travel,Card,70000,No
2023-02-08 23:00:00,4722,Transport,Card,30000,No
2023-09-24 10:00:00,803,Food,Cash,30000,No
2023-11-25 19:00:00,2852,Food,Cash,100000,No
2023-01-14 13:00:00,4699,Travel,Cash,70000,No
2024-02-10 06:00:00,3702,Groceries,Card,50000,No
2023-11-20 22:00:00,452,Shopping,Net Banking,30000,Yes
2023-06-10 21:00:00,2136,Entertainment,Cash,50000,No
2023-03-24 17:00:00,2277,Shopping,Cash,50000,Yes
2023-07-25 12:00:00,3460,Shopping,Net Banking,50000,No
2023-07-11 19:00:00,3040,Entertainment,UPI,100000,No
2023-04-26 18:00:00,4693,Travel,Cash,100000,No
2024-01-30 06:00:00,1199,Shopping,Card,70000,No
2024-01-04 00:00:00,112,Entertainment,Card,30000,No
2023-11-20 02:00:00,4989,Transport,Cash,70000,No
2023-06-19 22:00:00,3203,Groceries,Card,100000,No
2023-02-26 23:00:00,1058,Groceries,Net Banking,100000,No
2023-06-18 10:00:00,2081,Groceries,UPI,50000,No
2023-04-18 07:00:00,1372,Travel,UPI,70000,No
2023-10-09 10:00:00,2131,Shopping,Cash,50000,No
2023-03-07 21:00:00,801,Shopping,Cash,100000,No
2023-03-24 18:00:00,4194,Food,UPI,70000,Yes
2023-04-04 08:00:00,707,Groceries,UPI,70000,No
2023-06-15 06:00:00,1710,Travel,Cash,30000,No
2023-11-13 20:00:00,750,Entertainment,Card,100000,No
2023-12-13 16:00:00,1130,Travel,Cash,100000,Yes
2023-09-06 16:00:00,2206,Shopping,Net Banking,30000,No
2024-01-12 19:00:00,1590,Groceries,Cash,100000,No
2023-11-09 05:00:00,3082,Food,Cash,50000,No
2023-06-20 23:00:00,2033,Transport,Cash,50000,No
2023-03-28 12:00:00,364,Travel,Cash,50000,No
2023-08-06 23:00:00,3131,Food,Cash,70000,No
2023-05-05 18:00:00,4783,Shopping,Cash,50000,No
2023-06-06 00:00:00,2364,Entertainment,Card,100000,No
2023-08-22 02:00:00,2185,Travel,Cash,30000,No
2023-11-10 19:00:00,1699,Transport,UPI,50000,No
2023-11-04 03:00:00,3269,Shopping,Cash,50000,No
2023-03-10 12:00:00,3850,Groceries,Card,70000,Yes
2023-05-12 00:00:00,2528,Travel,Net Banking,100000,Yes
2023-01-11 02:00:00,4117,Food,UPI,30000,No
2023-06-20 05:00:00,1825,Travel,Cash,100000,No
2023-11-28 10:00:00,2016,Shopping,Cash,50000,No
2023-10-30 21:00:00,1817,Shopping,UPI,100000,No
2023-10-25 02:00:00,3865,Food,Cash,30000,No
2023-10-12 12:00:00,291,Transport,Card,50000,No
2023-12-15 10:00:00,4847,Shopping,Cash,100000,Yes
2024-01-04 12:00:00,2999,Travel,Net Banking,30000,Yes
2023-09-21 19:00:00,4886,Transport,Card,50000,No
2023-05-27 08:00:00,4926,Food,Cash,50000,No
2023-03-04 11:00:00,2306,Shopping,Net Banking,100000,No
2023-03-31 22:00:00,4161,Shopping,UPI,70000,No
2023-08-04 02:00:00,3418,Travel,Card,70000,No
2023-06-18 07:00:00,416,Shopping,Cash,30000,No
2023-03-26 19:00:00,2877,Travel,Cash,100000,No
2023-11-29 09:00:00,1302,Groceries,UPI,30000,No
2023-02-05 17:00:00,2537,Transport,UPI,100000,No
2023-06-09 07:00:00,4835,Travel,Card,30000,No
2023-10-10 02:00:00,3653,Entertainment,Card,30000,Yes
2024-01-21 01:00:00,3571,Shopping,Card,100000,No
2023-01-13 10:00:00,4992,Groceries,Cash,70000,Yes
2023-10-29 20:00:00,4567,Transport,Cash,30000,No
2023-02-08 11:00:00,1693,Food,Card,100000,No
2023-06-26 08:00:00,1262,Entertainment,Cash,100000,No
2023-06-29 10:00:00,4753,Food,UPI,100000,Yes
2023-04-27 15:00:00,69,Entertainment,Net Banking,50000,No
2023-10-02 02:00:00,725,Groceries,Cash,100000,No
2023-07-23 03:00:00,4527,Transport,Card,100000,No
2023-08-10 22:00:00,658,Groceries,Cash,50000,No
2023-10-02 06:00:00,111,Groceries,UPI,50000,Yes
2023-03-17 02:00:00,1315,Entertainment,Card,70000,No
2023-04-21 17:00:00,2335,Travel,Net Banking,100000,Yes
2023-05-20 10:00:00,1204,Transport,Card,30000,No
2024-02-07 15:00:00,1678,Food,Card,50000,No
2023-05-03 21:00:00,1676,Travel,Card,50000,Yes
2023-02-09 05:00:00,3766,Travel,Cash,70000,No
2023-03-21 11:00:00,1492,Shopping,Net Banking,70000,Yes
2023-07-21 13:00:00,1703,Food,UPI,70000,No
2023-12-04 17:00:00,2552,Entertainment,Cash,100000,No
2023-02-21 19:00:00,3319,Shopping,Net Banking,100000,No
2023-08-26 08:00:00,331,Shopping,Net Banking,100000,No
2023-03-03 02:00:00,1074,Groceries,Cash,50000,No
2023-06-14 21:00:00,4868,Entertainment,Card,70000,Yes
2023-03-23 22:00:00,3453,Travel,Net Banking,50000,No
2023-01-16 15:00:00,1285,Transport,UPI,30000,No
2023-01-11 22:00:00,4232,Travel,Cash,100000,Yes
2023-07-01 18:00:00,4810,Travel,Net Banking,50000,No
2023-09-28 22:00:00,835,Groceries,UPI,30000,No
2023-11-23 09:00:00,3367,Travel,UPI,50000,No
2023-03-20 21:00:00,1717,Food,UPI,30000,Yes
2023-12-04 18:00:00,3058,Travel,UPI,50000,No
2023-03-10 20:00:00,3244,Travel,Cash,50000,No
2023-08-19 20:00:00,4839,Food,UPI,100000,Yes
2023-06-12 04:00:00,3825,Groceries,Cash,50000,No
2023-01-25 23:00:00,2496,Shopping,UPI,50000,No
2023-07-20 15:00:00,3840,Entertainment,UPI,70000,No
2023-03-21 16:00:00,583,Groceries,Cash,50000,No
2024-01-31 04:00:00,451,Travel,Card,100000,No
2024-01-02 08:00:00,3713,Shopping,Net Banking,50000,No
2023-12-24 04:00:00,179,Entertainment,Net Banking,100000,Yes
2023-06-25 13:00:00,2389,Entertainment,Cash,70000,No
2023-06-01 13:00:00,4421,Entertainment,UPI,100000,No
2024-01-23 02:00:00,3009,Food,Cash,70000,No
2023-08-22 07:00:00,1908,Food,UPI,70000,No
2023-09-26 16:00:00,3023,Shopping,Cash,70000,No
2023-12-23 13:00:00,4200,Travel,Net Banking,70000,No
2023-11-04 14:00:00,3699,Shopping,Cash,70000,No
2024-01-10 06:00:00,2836,Travel,Net Banking,100000,No
2023-05-29 17:00:00,3147,Groceries,Net Banking,70000,No
2023-11-18 03:00:00,3562,Entertainment,Net Banking,70000,No
2023-02-01 02:00:00,4910,Entertainment,Cash,70000,No
2023-12-21 08:00:00,1270,Food,Card,70000,No
2023-07-13 01:00:00,691,Groceries,Cash,70000,No
2023-02-08 08:00:00,3364,Transport,Cash,30000,No
2024-01-22 05:00:00,773,Groceries,Card,50000,No
2023-10-20 00:00:00,4947,Travel,Card,50000,No
2023-04-10 05:00:00,787,Groceries,Net Banking,70000,No
2023-05-31 18:00:00,4903,Food,UPI,70000,No
2024-01-10 13:00:00,1349,Travel,UPI,30000,No
2023-07-05 03:00:00,3530,Shopping,Net Banking,70000,No
2023-01-12 08:00:00,389,Travel,Cash,30000,Yes
2023-03-15 21:00:00,202,Shopping,UPI,50000,Yes
2023-04-17 03:00:00,1471,Transport,Cash,100000,No
2023-05-12 20:00:00,3101,Travel,Card,50000,No
2023-07-19 04:00:00,476,Entertainment,Card,100000,No
2023-02-09 10:00:00,3608,Transport,Net Banking,100000,No
2023-01-22 02:00:00,1185,Shopping,Cash,100000,No
2023-10-07 23:00:00,2422,Food,Net Banking,70000,No
2023-12-18 11:00:00,3379,Transport,UPI,30000,Yes
2023-12-29 09:00:00,999,Transport,UPI,100000,No
2023-09-23 00:00:00,1423,Transport,UPI,30000,No
2023-11-16 01:00:00,1006,Shopping,Cash,50000,No
2023-05-30 14:00:00,1751,Shopping,Net Banking,100000,No
2023-02-19 16:00:00,2991,Travel,Net Banking,50000,No
2023-03-03 00:00:00,2532,Entertainment,UPI,30000,No
2023-01-17 06:00:00,1353,Transport,Net Banking,30000,No
2023-08-22 23:00:00,420,Travel,Card,50000,No
2023-09-12 10:00:00,3030,Travel,Card,30000,No
2024-01-05 08:00:00,2346,Entertainment,Card,50000,No
2023-04-17 16:00:00,4848,Travel,Card,30000,No
2023-09-02 11:00:00,2175,Entertainment,Net Banking,70000,No
2023-02-20 11:00:00,3016,Food,Card,50000,Yes
2024-01-16 01:00:00,4195,Entertainment,Card,100000,No
2023-03-06 03:00:00,2792,Groceries,Card,100000,No
2024-01-15 08:00:00,4071,Entertainment,Card,100000,No
2023-01-27 19:00:00,2414,Entertainment,Card,30000,Yes
2023-12-29 05:00:00,812,Groceries,Cash,50000,No
2024-01-07 17:00:00,4112,Entertainment,Cash,30000,No
2023-02-23 11:00:00,1054,Shopping,Card,100000,No
2023-11-17 00:00:00,3805,Travel,Card,70000,No
2023-11-03 01:00:00,2896,Travel,Net Banking,100000,No
2023-07-02 18:00:00,399,Food,Card,100000,No
2023-02-08 07:00:00,3014,Food,UPI,100000,No
2023-04-08 11:00:00,736,Groceries,Cash,70000,No
2024-01-08 19:00:00,4687,Shopping,Card,70000,No
2023-09-05 02:00:00,3176,Food,Cash,50000,No
2023-08-14 02:00:00,4506,Travel,Card,70000,No
2023-08-24 23:00:00,2805,Food,UPI,50000,No
2023-08-08 19:00:00,3574,Food,Card,70000,No
2023-01-22 03:00:00,3674,Entertainment,Cash,50000,No
2023-03-01 20:00:00,2782,Food,Cash,100000,No
2023-12-31 14:00:00,1743,Groceries,Cash,70000,Yes
2023-11-03 10:00:00,2942,Travel,Net Banking,30000,No
2023-07-08 04:00:00,3861,Groceries,Cash,30000,No
2023-05-31 22:00:00,4230,Groceries,Card,50000,Yes
2023-07-03 07:00:00,734,Transport,UPI,70000,No
2023-07-29 21:00:00,4390,Shopping,UPI,70000,No
2023-12-04 23:00:00,2969,Transport,Card,30000,Yes
2023-06-04 19:00:00,3806,Transport,Net Banking,70000,No
2023-11-23 13:00:00,3333,Entertainment,Card,70000,No
2023-02-24 05:00:00,4741,Groceries,Cash,50000,Yes
2023-11-04 02:00:00,4076,Shopping,Net Banking,100000,No
2023-08-05 01:00:00,1206,Travel,Card,30000,No
2023-03-31 19:00:00,3111,Travel,Net Banking,100000,No
2023-09-25 03:00:00,4495,Shopping,UPI,70000,No
2023-09-23 05:00:00,2379,Groceries,Card,70000,No
2023-01-29 20:00:00,1342,Groceries,Card,50000,No
2023-03-03 14:00:00,1934,Entertainment,UPI,100000,Yes
2023-09-24 12:00:00,1610,Entertainment,Net Banking,100000,No
2023-12-19 00:00:00,1033,Transport,UPI,50000,No
2023-01-19 09:00:00,2117,Travel,Net Banking,100000,No
2023-04-21 06:00:00,1913,Entertainment,Card,50000,No
2023-08-06 01:00:00,2029,Shopping,Net Banking,50000,No
2023-09-30 05:00:00,1786,Travel,Net Banking,70000,No
2023-07-14 21:00:00,2502,Groceries,Cash,70000,Yes
2023-10-28 11:00:00,1968,Travel,Cash,70000,Yes
2024-02-18 15:00:00,750,Food,Cash,50000,No
2023-04-21 05:00:00,4096,Travel,UPI,70000,No
2023-12-09 02:00:00,2123,Entertainment,UPI,30000,No
2024-01-24 04:00:00,4711,Shopping,Cash,30000,No
2023-11-27 13:00:00,3803,Groceries,Card,70000,No
2023-08-17 04:00:00,444,Groceries,Card,50000,Yes
2023-11-27 08:00:00,2006,Entertainment,Card,30000,No
2023-03-28 16:00:00,3098,Entertainment,UPI,70000,No
2023-09-11 17:00:00,3502,Entertainment,Net Banking,30000,No
2023-11-05 04:00:00,572,Food,UPI,30000,No
2024-02-10 19:00:00,1612,Shopping,Cash,30000,Yes
2023-11-21 21:00:00,2959,Food,Net Banking,100000,Yes
2023-02-05 21:00:00,2899,Entertainment,Card,30000,No
2023-12-14 18:00:00,599,Shopping,UPI,70000,No
2023-05-26 14:00:00,1518,Entertainment,UPI,30000,No
2023-02-07 16:00:00,882,Shopping,Cash,70000,No
2023-02-22 21:00:00,4532,Groceries,Card,30000,Yes
2023-01-17 20:00:00,1471,Food,UPI,30000,No
2024-01-12 11:00:00,335,Transport,UPI,100000,No
2024-02-20 14:00:00,2795,Entertainment,Net Banking,30000,No
2024-02-11 12:00:00,3815,Entertainment,UPI,70000,Yes
2023-02-19 08:00:00,4514,Travel,Net Banking,100000,No
2024-01-08 10:00:00,1495,Transport,UPI,100000,No
2023-03-13 21:00:00,1516,Groceries,Card,30000,Yes
2023-12-19 14:00:00,1826,Entertainment,Cash,30000,No
2023-08-31 03:00:00,3705,Food,Card,50000,No
2023-08-22 14:00:00,964,Groceries,Cash,30000,No
2023-06-14 20:00:00,337,Entertainment,UPI,50000,No
2023-01-08 03:00:00,4240,Food,Card,70000,No
2023-12-19 17:00:00,2138,Travel,Net Banking,30000,No
2023-04-07 02:00:00,4476,Travel,Cash,30000,No
2024-01-25 14:00:00,1854,Food,Cash,50000,No
2024-02-17 10:00:00,1228,Groceries,UPI,50000,No
2024-02-20 03:00:00,2601,Food,Cash,100000,No
2023-01-18 13:00:00,4420,Transport,Cash,100000,No
2023-08-19 20:00:00,1638,Food,Cash,30000,Yes
2024-01-27 17:00:00,2006,Travel,UPI,70000,No
2023-07-14 19:00:00,1825,Travel,Card,100000,Yes
2024-01-14 10:00:00,4912,Travel,UPI,100000,No
2023-10-09 04:00:00,1037,Transport,Net Banking,100000,No
2023-09-12 07:00:00,1253,Entertainment,Cash,50000,No
2023-03-03 09:00:00,3380,Transport,Cash,30000,No
2023-05-16 03:00:00,1169,Entertainment,Card,50000,No
2023-04-01 21:00:00,246,Transport,Cash,70000,Yes
2024-02-06 17:00:00,4025,Shopping,Card,50000,No
2023-05-10 00:00:00,575,Entertainment,Cash,30000,No
2023-10-04 22:00:00,4777,Groceries,Cash,50000,No
2024-02-12 14:00:00,1460,Groceries,UPI,70000,No
2023-09-03 02:00:00,4553,Travel,UPI,30000,No
2023-09-07 06:00:00,1342,Transport,Net Banking,30000,No
2023-08-30 14:00:00,1244,Food,Card,30000,No
2024-02-06 03:00:00,1998,Travel,Net Banking,30000,Yes
2023-12-17 15:00:00,3705,Food,UPI,70000,No
2023-12-17 11:00:00,4836,Transport,Card,30000,No
2024-02-15 06:00:00,2267,Travel,UPI,70000,No
2023-12-19 08:00:00,4304,Travel,Card,70000,No
2024-01-17 01:00:00,3630,Groceries,Cash,50000,No
2023-07-08 12:00:00,1067,Food,Net Banking,50000,Yes
2023-10-01 07:00:00,3203,Shopping,Net Banking,30000,No
2023-11-14 12:00:00,3640,Shopping,Card,100000,No
2023-04-26 14:00:00,4257,Travel,Net Banking,100000,No
2023-08-25 09:00:00,4119,Transport,UPI,30000,Yes
2023-05-11 04:00:00,97,Travel,Net Banking,70000,No
2023-12-28 07:00:00,3713,Groceries,Card,50000,No
2023-02-26 09:00:00,4521,Food,Net Banking,30000,No
2024-01-14 09:00:00,877,Travel,Net Banking,30000,No
2023-06-10 14:00:00,4772,Transport,UPI,70000,No
2023-12-05 22:00:00,2139,Shopping,Cash,50000,Yes
2023-02-08 12:00:00,2106,Food,UPI,100000,No
2023-04-01 10:00:00,868,Travel,Net Banking,100000,No
2023-08-18 10:00:00,4802,Food,Net Banking,30000,No
2023-04-10 19:00:00,4034,Groceries,Cash,30000,No
2023-12-09 12:00:00,3730,Shopping,Cash,30000,No
2023-12-09 18:00:00,1861,Transport,UPI,30000,No
2023-08-18 19:00:00,4935,Food,Cash,30000,No
2023-04-22 06:00:00,3164,Shopping,UPI,100000,No
2023-05-21 05:00:00,1679,Travel,Card,30000,No
2023-01-25 12:00:00,1593,Transport,Net Banking,50000,No
2023-05-11 18:00:00,3629,Transport,Cash,70000,Yes
2024-01-14 23:00:00,1954,Entertainment,Card,100000,No
2023-10-05 15:00:00,1486,Food,Card,70000,No
2023-06-20 06:00:00,3367,Shopping,UPI,70000,No
2023-12-22 11:00:00,3570,Food,UPI,30000,No
2023-06-27 22:00:00,3109,Travel,Cash,70000,No
2023-09-08 19:00:00,4166,Travel,UPI,50000,No
2024-02-17 18:00:00,1048,Transport,Card,30000,No
2023-01-24 04:00:00,1481,Transport,Card,100000,No
2023-12-01 06:00:00,4602,Shopping,Net Banking,50000,Yes
2023-08-16 04:00:00,3111,Groceries,Card,100000,No
2023-05-29 15:00:00,314,Food,Cash,30000,No
2023-06-12 11:00:00,3781,Food,Net Banking,30000,No
2023-09-27 21:00:00,2324,Travel,UPI,100000,No
2023-11-09 12:00:00,3925,Food,Net Banking,70000,Yes
2023-02-12 08:00:00,3367,Shopping,Card,100000,No
2023-09-27 14:00:00,2096,Entertainment,Cash,50000,Yes
2023-03-27 22:00:00,3194,Transport,UPI,70000,No
2024-01-12 06:00:00,3271,Travel,UPI,30000,No
2024-02-14 13:00:00,3190,Transport,Card,50000,Yes
2023-06-30 01:00:00,4950,Transport,Cash,50000,Yes
2023-05-26 16:00:00,1303,Transport,Card,30000,Yes
2023-03-17 13:00:00,772,Entertainment,Card,70000,No
2023-09-18 16:00:00,133,Food,Cash,30000,No
2024-02-06 19:00:00,4885,Groceries,Card,50000,Yes
2023-04-07 09:00:00,3420,Transport,Cash,50000,No
2024-02-09 10:00:00,3869,Shopping,Cash,50000,No
2023-02-21 07:00:00,3414,Transport,Card,30000,No
2024-02-14 21:00:00,1807,Transport,Card,100000,No
2023-08-31 23:00:00,4368,Food,Net Banking,50000,No
2023-05-05 23:00:00,2830,Shopping,UPI,50000,No
2023-05-24 08:00:00,3337,Food,UPI,70000,No
2023-06-19 00:00:00,2502,Transport,Cash,100000,Yes
2023-01-13 17:00:00,378,Food,Net Banking,70000,No
2024-02-18 03:00:00,475,Food,Cash,50000,No
2023-03-12 09:00:00,819,Travel,Net Banking,100000,No
2024-02-09 13:00:00,4025,Entertainment,Cash,70000,No
2023-06-13 05:00:00,657,Groceries,UPI,30000,No
2023-10-23 00:00:00,1902,Entertainment,Net Banking,70000,No
2023-12-25 19:00:00,2722,Entertainment,Card,100000,No
2023-05-03 08:00:00,2174,Shopping,Card,70000,No
2023-06-10 22:00:00,1350,Travel,UPI,100000,No
2024-02-06 18:00:00,515,Travel,Net Banking,100000,No
2023-08-24 09:00:00,2014,Food,Card,70000,No
2023-05-16 21:00:00,1995,Entertainment,Card,70000,No
2024-01-25 20:00:00,2589,Groceries,Card,30000,Yes
2023-03-17 19:00:00,2410,Shopping,UPI,70000,No
2023-02-25 22:00:00,2089,Travel,Cash,100000,No
2023-08-20 16:00:00,1234,Food,Card,50000,No
2023-04-03 18:00:00,3984,Groceries,Card,70000,No
2023-02-14 23:00:00,3267,Entertainment,Cash,70000,No
2023-06-25 06:00:00,2832,Groceries,Card,100000,No
2023-09-19 16:00:00,827,Travel,Net Banking,50000,Yes
2023-10-29 11:00:00,3429,Shopping,Card,30000,No
2023-02-03 21:00:00,2468,Entertainment,Cash,50000,Yes
2023-08-01 01:00:00,4127,Shopping,UPI,100000,No
2023-03-26 15:00:00,4312,Transport,UPI,100000,No
2023-12-21 18:00:00,2489,Groceries,Net Banking,100000,No
2024-01-14 23:00:00,4881,Groceries,Card,100000,No
2024-02-10 13:00:00,2039,Food,Card,50000,Yes
2023-09-04 07:00:00,1116,Entertainment,Cash,50000,No
2023-04-21 13:00:00,994,Groceries,Cash,50000,Yes
2023-05-20 04:00:00,78,Travel,Net Banking,70000,No
2023-11-25 04:00:00,1947,Transport,Net Banking,100000,No
2023-02-17 13:00:00,1747,Travel,Card,70000,No
2024-01-12 17:00:00,2864,Shopping,Card,70000,No
2023-12-23 14:00:00,3415,Transport,Net Banking,70000,No
2023-05-01 17:00:00,2538,Transport,UPI,30000,No
2024-01-22 17:00:00,1715,Travel,UPI,70000,No
2023-06-18 09:00:00,4669,Groceries,UPI,100000,Yes
2023-03-26 22:00:00,1620,Travel,UPI,70000,Yes
2023-06-27 22:00:00,1783,Entertainment,Net Banking,100000,No
2023-07-15 03:00:00,809,Shopping,Cash,30000,No
2023-01-21 14:00:00,2207,Transport,UPI,50000,No
2023-10-24 12:00:00,1401,Entertainment,Net Banking,100000,No
2023-03-16 08:00:00,3526,Groceries,UPI,70000,No
2023-05-27 06:00:00,1318,Groceries,Card,100000,No
2023-06-07 18:00:00,1835,Travel,UPI,70000,Yes
2023-08-08 10:00:00,3999,Food,Net Banking,50000,No
2024-01-18 22:00:00,2657,Transport,Card,100000,No
2023-08-15 04:00:00,448,Transport,Card,70000,No
2023-10-06 09:00:00,2680,Food,UPI,100000,No
2023-10-15 05:00:00,2496,Groceries,UPI,50000,No
2024-02-06 19:00:00,1719,Groceries,Card,50000,No
2024-02-19 07:00:00,288,Transport,Cash,50000,Yes
2023-07-14 02:00:00,3586,Shopping,Net Banking,100000,No
2023-10-23 02:00:00,3911,Transport,Net Banking,100000,No
2023-10-14 05:00:00,3153,Groceries,Net Banking,70000,No
2023-11-13 23:00:00,1196,Groceries,Net Banking,50000,No
2023-11-16 13:00:00,1607,Shopping,Net Banking,70000,No
2023-09-17 03:00:00,3788,Entertainment,Card,100000,Yes
2023-07-08 22:00:00,2207,Entertainment,Net Banking,30000,No
2023-09-07 03:00:00,3501,Shopping,Cash,50000,Yes
2024-01-06 10:00:00,349,Shopping,Cash,70000,No
2023-02-24 16:00:00,3748,Entertainment,UPI,50000,No
2023-05-04 10:00:00,4103,Entertainment,UPI,70000,Yes
2023-05-03 10:00:00,4909,Entertainment,UPI,70000,No
2023-05-14 05:00:00,298,Entertainment,UPI,30000,No
2023-08-09 16:00:00,2618,Transport,Card,100000,No
2023-10-28 04:00:00,4179,Transport,Cash,50000,No
2023-08-27 18:00:00,4373,Travel,Card,100000,No
2023-01-06 06:00:00,4730,Shopping,Cash,70000,No
2023-08-22 10:00:00,2910,Food,Card,100000,No
2023-02-19 15:00:00,773,Travel,Cash,30000,No
2023-04-20 23:00:00,619,Food,UPI,100000,Yes
2023-02-26 22:00:00,269,Food,Cash,70000,Yes
2024-01-19 19:00:00,1444,Groceries,UPI,70000,No
2023-09-26 21:00:00,2884,Shopping,Cash,30000,No
2023-10-05 23:00:00,2172,Transport,Card,50000,Yes
2023-10-06 11:00:00,4281,Travel,Net Banking,30000,Yes
2023-07-09 03:00:00,4050,Shopping,Cash,50000,Yes
2024-01-05 20:00:00,4399,Entertainment,Card,70000,No
2023-05-01 07:00:00,3139,Shopping,Net Banking,100000,No
2024-02-07 06:00:00,99,Food,Card,70000,No
2023-06-20 06:00:00,564,Transport,Net Banking,30000,No
2023-04-05 05:00:00,2841,Entertainment,UPI,30000,No
2023-06-24 04:00:00,2828,Shopping,Cash,100000,No
2023-04-29 09:00:00,2668,Shopping,Card,30000,No
2024-02-19 23:00:00,1887,Transport,Cash,70000,Yes
2023-09-09 16:00:00,4721,Food,UPI,100000,No
2023-05-29 08:00:00,1215,Entertainment,UPI,50000,Yes
2023-07-18 06:00:00,2299,Food,Cash,30000,No
2023-01-27 02:00:00,464,Transport,Card,50000,No
2023-07-28 22:00:00,2318,Shopping,Card,100000,No
2023-02-27 07:00:00,1154,Travel,Card,30000,No
2023-02-19 05:00:00,4908,Travel,Cash,100000,Yes
2023-08-26 20:00:00,4708,Groceries,Card,30000,No
2023-01-21 10:00:00,3406,Travel,Card,30000,No
2023-06-05 09:00:00,2466,Transport,Net Banking,30000,No
2023-09-06 22:00:00,1984,Transport,Card,100000,No
2023-05-28 06:00:00,253,Transport,UPI,100000,No
2023-05-18 08:00:00,118,Entertainment,Card,70000,No
2023-03-22 20:00:00,565,Groceries,Cash,70000,No
2023-07-28 22:00:00,3613,Entertainment,Cash,100000,No
2023-03-20 10:00:00,4506,Travel,Card,100000,No
2023-07-24 12:00:00,1514,Travel,Cash,30000,No
2023-05-05 11:00:00,1702,Shopping,Cash,70000,Yes
2023-08-21 17:00:00,756,Entertainment,Card,70000,No
2023-05-12 15:00:00,1675,Food,Net Banking,100000,No
2023-07-08 18:00:00,4802,Shopping,Net Banking,70000,No
2023-01-29 09:00:00,3835,Entertainment,Net Banking,100000,No
2023-08-07 22:00:00,1395,Transport,Net Banking,70000,No
2023-02-14 17:00:00,393,Groceries,UPI,50000,Yes
2023-04-10 11:00:00,3836,Entertainment,Card,50000,No
2023-04-23 05:00:00,585,Groceries,Cash,70000,No
2024-02-03 10:00:00,404,Groceries,Cash,100000,No
2023-06-30 20:00:00,3592,Travel,Card,50000,No
2023-03-31 20:00:00,1032,Food,Cash,30000,No
2023-11-28 22:00:00,1395,Entertainment,UPI,100000,Yes
2023-04-18 12:00:00,3059,Food,Net Banking,50000,No
2023-10-30 09:00:00,576,Groceries,Card,30000,Yes
2023-03-31 23:00:00,980,Travel,Cash,50000,No
2023-10-10 04:00:00,2806,Food,UPI,50000,Yes
2023-03-09 19:00:00,2332,Shopping,Cash,30000,No
2023-12-09 11:00:00,1996,Groceries,UPI,30000,No
2023-10-23 00:00:00,3977,Shopping,Cash,70000,No
2023-03-24 17:00:00,2591,Transport,Net Banking,50000,Yes
2024-02-09 17:00:00,1966,Food,Card,30000,No
2023-12-20 16:00:00,3410,Food,Net Banking,70000,No
2023-04-01 21:00:00,1643,Food,Net Banking,30000,No
2023-04-06 16:00:00,2975,Transport,Cash,70000,No
2023-10-26 12:00:00,3675,Entertainment,Net Banking,70000,No
2023-04-19 05:00:00,1273,Groceries,Card,30000,No
2023-02-07 13:00:00,2009,Groceries,UPI,30000,No
2023-09-10 12:00:00,1015,Groceries,UPI,50000,No
2024-01-23 02:00:00,3728,Entertainment,Cash,50000,No
2023-03-11 21:00:00,4362,Food,Card,70000,No
2023-05-01 01:00:00,672,Food,Card,30000,No
2023-08-23 06:00:00,4498,Transport,UPI,50000,No
2023-12-02 12:00:00,4837,Shopping,UPI,70000,Yes
2023-02-27 10:00:00,4776,Entertainment,Net Banking,50000,No
2023-02-22 00:00:00,2422,Travel,Cash,70000,No
2023-08-24 10:00:00,2998,Entertainment,UPI,50000,No
2023-09-11 07:00:00,3349,Transport,UPI,30000,No
2024-01-30 00:00:00,1218,Shopping,Card,100000,No
2023-10-21 04:00:00,4799,Shopping,Card,100000,No
2023-09-28 07:00:00,441,Shopping,Card,70000,No
2023-02-14 02:00:00,3859,Food,UPI,100000,No
2023-03-27 08:00:00,2457,Travel,Cash,100000,No
2023-09-12 19:00:00,4914,Shopping,Net Banking,70000,No
2023-06-27 00:00:00,4942,Groceries,Cash,100000,No
2023-04-14 04:00:00,4310,Food,UPI,50000,No
2023-07-11 19:00:00,4878,Travel,Net Banking,50000,Yes
2023-05-29 01:00:00,630,Groceries,Cash,50000,Yes
2024-02-19 17:00:00,870,Travel,UPI,30000,No
2023-01-10 04:00:00,1297,Transport,Cash,50000,No
2023-07-20 18:00:00,173,Travel,UPI,100000,No
2023-10-27 16:00:00,4489,Groceries,Card,100000,No
2023-07-12 15:00:00,1924,Entertainment,Cash,50000,No
2023-11-03 05:00:00,573,Travel,Card,30000,No
2023-08-23 02:00:00,3173,Entertainment,Card,50000,No
2024-02-15 16:00:00,4274,Travel,Net Banking,30000,No
2023-10-28 09:00:00,3248,Transport,Net Banking,30000,No
2023-07-10 16:00:00,2835,Groceries,Cash,50000,No
2023-03-19 23:00:00,2168,Travel,UPI,30000,Yes
2023-11-26 19:00:00,1260,Shopping,Net Banking,100000,No
2023-03-02 22:00:00,1076,Transport,Net Banking,50000,No
2023-08-19 01:00:00,4167,Shopping,Card,100000,No
2023-12-22 16:00:00,4311,Transport,Card,30000,Yes
2023-12-10 04:00:00,547,Transport,UPI,70000,No
2023-11-22 13:00:00,4579,Travel,Net Banking,50000,No
2023-03-28 04:00:00,2855,Groceries,Net Banking,70000,No
2023-08-28 17:00:00,4982,Groceries,UPI,70000,No
2023-10-29 13:00:00,1743,Food,Net Banking,70000,Yes
2023-10-20 08:00:00,4808,Groceries,Cash,70000,No
2023-09-15 23:00:00,774,Entertainment,Cash,100000,No
2023-03-05 02:00:00,425,Travel,UPI,50000,Yes
2023-04-19 06:00:00,4448,Shopping,Card,100000,No
2023-02-11 17:00:00,2502,Groceries,UPI,30000,No
2023-02-13 01:00:00,3909,Shopping,Cash,50000,No
2023-10-15 11:00:00,1736,Food,Net Banking,50000,No
2023-12-19 17:00:00,4853,Travel,Net Banking,100000,No
2023-07-30 11:00:00,306,Groceries,Card,30000,No
2024-02-20 11:00:00,4544,Shopping,Card,70000,No
2023-07-06 12:00:00,3650,Transport,Cash,30000,No
2023-01-20 22:00:00,100,Groceries,Card,100000,No
2023-01-22 11:00:00,644,Food,UPI,100000,No
2023-02-19 15:00:00,4963,Transport,Cash,100000,No
2023-09-20 09:00:00,4781,Shopping,Net Banking,70000,No
2024-02-05 03:00:00,3923,Shopping,Net Banking,50000,No
2023-01-12 07:00:00,3486,Travel,Net Banking,30000,No
2023-12-14 06:00:00,1122,Travel,Card,30000,No
2023-11-21 02:00:00,1526,Shopping,Cash,70000,No
2023-09-08 08:00:00,4920,Transport,Card,100000,No
2023-11-29 19:00:00,3070,Travel,UPI,30000,No
2023-05-19 20:00:00,1714,Shopping,Cash,50000,No
2023-02-02 19:00:00,4542,Transport,Card,30000,No
2023-09-17 06:00:00,2780,Entertainment,Net Banking,100000,No
2024-02-16 09:00:00,1445,Groceries,Net Banking,30000,No
2023-01-26 22:00:00,3947,Entertainment,UPI,100000,No
2023-06-10 01:00:00,4674,Entertainment,UPI,50000,No
2023-06-03 04:00:00,4830,Groceries,UPI,70000,No
2023-04-18 04:00:00,4095,Shopping,Net Banking,100000,Yes
2023-10-16 03:00:00,2710,Shopping,Card,100000,No
2023-07-29 17:00:00,2283,Travel,Net Banking,30000,No
2023-11-21 12:00:00,3372,Food,Net Banking,70000,Yes
2023-08-06 06:00:00,4247,Shopping,Net Banking,100000,No
2023-07-16 08:00:00,4268,Groceries,Card,30000,No
2023-01-03 18:00:00,2151,Food,Net Banking,50000,Yes
2023-11-10 21:00:00,1356,Groceries,UPI,70000,No
2023-07-12 08:00:00,1687,Groceries,UPI,30000,No
2023-02-17 12:00:00,1190,Groceries,UPI,70000,No
2023-08-27 18:00:00,665,Food,UPI,100000,Yes
2023-11-08 01:00:00,4702,Entertainment,Net Banking,30000,No
2024-01-26 19:00:00,4259,Transport,Net Banking,50000,No
2023-07-06 07:00:00,1616,Groceries,Net Banking,50000,Yes
2023-05-20 03:00:00,1026,Travel,UPI,30000,No
2023-01-23 20:00:00,4846,Shopping,Card,30000,No
2023-11-16 19:00:00,1366,Transport,Cash,70000,No
2023-12-11 08:00:00,2389,Shopping,Cash,30000,No
2023-01-09 06:00:00,4406,Shopping,Cash,70000,Yes
2024-02-20 13:00:00,2146,Food,Card,100000,No
2023-01-24 19:00:00,428,Travel,Net Banking,30000,No
2023-02-02 22:00:00,3515,Travel,Cash,100000,No
2024-02-14 14:00:00,2321,Transport,Cash,50000,No
2023-02-18 22:00:00,1096,Travel,Net Banking,70000,No
2023-01-08 10:00:00,1057,Travel,Cash,70000,No
2023-04-04 12:00:00,159,Travel,Net Banking,50000,No
2023-06-20 06:00:00,2821,Transport,Cash,100000,No
2023-01-31 14:00:00,3933,Entertainment,Net Banking,70000,Yes
2023-09-17 16:00:00,2650,Travel,UPI,50000,No
2023-02-03 06:00:00,3293,Travel,Card,50000,No
2023-11-13 17:00:00,1055,Food,Cash,50000,Yes
2024-01-10 03:00:00,4843,Food,Net Banking,30000,No
2023-04-27 11:00:00,355,Travel,UPI,100000,No
2023-07-11 04:00:00,1008,Entertainment,Net Banking,50000,No
2023-11-01 01:00:00,1003,Travel,Cash,100000,No
2023-05-09 12:00:00,2718,Travel,Cash,70000,Yes
2023-01-31 11:00:00,3588,Travel,Cash,30000,No
2023-02-17 01:00:00,2727,Groceries,Cash,50000,No
2023-03-08 21:00:00,1680,Entertainment,Cash,50000,No
2023-05-03 05:00:00,1841,Shopping,UPI,50000,Yes
2024-01-27 23:00:00,2653,Travel,Net Banking,70000,No
2023-12-21 20:00:00,2021,Shopping,Net Banking,30000,No
2023-07-31 10:00:00,116,Entertainment,Cash,100000,No
2023-10-23 19:00:00,884,Travel,Net Banking,100000,No
2023-03-04 02:00:00,255,Shopping,UPI,100000,Yes
2023-02-07 05:00:00,2883,Transport,Cash,100000,No
2023-02-27 22:00:00,4300,Shopping,Card,100000,No
2023-05-22 05:00:00,1764,Entertainment,UPI,100000,No
2023-06-26 15:00:00,1582,Travel,Cash,100000,No
2023-07-06 15:00:00,3195,Groceries,Net Banking,30000,No
2023-04-05 07:00:00,3170,Entertainment,UPI,30000,Yes
2023-05-24 00:00:00,757,Groceries,Cash,70000,No
2023-04-09 19:00:00,228,Travel,Net Banking,50000,No
2023-06-29 16:00:00,162,Shopping,Net Banking,30000,No
2023-03-05 03:00:00,806,Transport,Cash,50000,No
2023-09-21 14:00:00,946,Transport,UPI,70000,No
2023-10-23 08:00:00,2918,Entertainment,Cash,30000,Yes
2023-08-21 18:00:00,208,Entertainment,Cash,70000,No
2023-05-02 13:00:00,835,Entertainment,Cash,30000,No
2023-08-27 19:00:00,1853,Food,Cash,30000,No
2023-11-17 06:00:00,1889,Transport,Cash,100000,No
2023-02-18 15:00:00,3218,Transport,Net Banking,50000,No
2023-12-12 22:00:00,2348,Travel,Cash,70000,No
2023-08-01 21:00:00,4128,Food,UPI,100000,No
2023-06-30 07:00:00,1592,Entertainment,Card,30000,No
2023-08-31 02:00:00,4258,Entertainment,Cash,30000,No
2023-06-02 07:00:00,4404,Groceries,UPI,70000,No
2023-06-08 01:00:00,2204,Food,Card,50000,No
2024-02-19 11:00:00,624,Shopping,UPI,70000,No
2023-10-08 18:00:00,3088,Transport,Net Banking,30000,Yes
2023-03-07 17:00:00,1431,Travel,Net Banking,100000,No
2024-01-31 08:00:00,1272,Shopping,Card,70000,No
2023-04-03 12:00:00,2524,Shopping,Card,100000,No
2024-01-17 20:00:00,1551,Travel,Card,50000,No
2023-02-12 22:00:00,908,Entertainment,Net Banking,50000,No
2023-10-06 19:00:00,3624,Transport,Net Banking,100000,Yes
2023-06-16 08:00:00,3779,Groceries,UPI,50000,No
2023-02-08 01:00:00,3015,Entertainment,Net Banking,100000,No
2023-09-22 22:00:00,3241,Entertainment,Card,100000,No
2023-04-01 21:00:00,1646,Food,Cash,100000,No
2023-05-14 05:00:00,1611,Shopping,Cash,50000,Yes
2023-09-09 16:00:00,2572,Shopping,Card,100000,Yes
2023-03-02 22:00:00,2649,Transport,Net Banking,50000,No
2023-10-21 05:00:00,2441,Shopping,Card,100000,No
2024-01-31 19:00:00,2725,Groceries,Net Banking,100000,No
2023-07-28 02:00:00,2233,Groceries,Cash,50000,No
2024-01-26 21:00:00,326,Groceries,UPI,100000,Yes
2023-08-10 04:00:00,3932,Travel,Net Banking,100000,No
2023-09-17 05:00:00,3654,Transport,UPI,50000,No
2023-10-23 10:00:00,2128,Groceries,Cash,30000,No
2023-11-20 17:00:00,4392,Food,UPI,70000,No
2023-01-29 15:00:00,4556,Food,UPI,50000,No
2023-07-14 05:00:00,4127,Entertainment,Card,100000,No
2024-01-27 15:00:00,4218,Entertainment,UPI,70000,No
2023-03-20 22:00:00,1170,Transport,Cash,70000,Yes
2023-11-04 21:00:00,4818,Entertainment,Net Banking,100000,No
2023-07-25 02:00:00,2573,Entertainment,UPI,100000,No
2023-09-21 10:00:00,3420,Food,Net Banking,30000,No
2023-05-13 15:00:00,4432,Entertainment,Card,100000,No
2023-06-08 05:00:00,1958,Food,Cash,70000,No
2023-08-04 18:00:00,3570,Groceries,Cash,100000,No
2024-02-14 20:00:00,4357,Groceries,Net Banking,70000,No
2023-06-15 08:00:00,4546,Transport,Cash,50000,No
2023-04-24 04:00:00,4800,Travel,Card,50000,Yes
2023-01-08 22:00:00,3155,Entertainment,Net Banking,70000,No
2023-02-25 15:00:00,547,Groceries,Cash,50000,No
2023-12-07 21:00:00,3637,Groceries,Card,30000,No
2023-01-16 18:00:00,4243,Transport,Card,70000,No
2023-06-09 13:00:00,2463,Shopping,UPI,70000,Yes
2023-09-23 20:00:00,3850,Shopping,Cash,100000,No
2023-01-26 15:00:00,512,Transport,Net Banking,30000,Yes
2023-04-08 02:00:00,2810,Food,UPI,100000,No
2023-03-15 02:00:00,3507,Travel,Net Banking,30000,No
2023-01-20 07:00:00,322,Transport,UPI,30000,No
2024-01-17 14:00:00,1200,Shopping,Card,30000,No
2023-06-27 19:00:00,3439,Travel,UPI,70000,No
2023-05-12 14:00:00,68,Groceries,UPI,50000,No
2023-06-01 00:00:00,1666,Transport,UPI,50000,No
2023-07-25 18:00:00,3228,Food,Cash,100000,No
2023-08-14 17:00:00,4131,Travel,UPI,100000,No
2023-09-08 04:00:00,461,Shopping,Card,50000,Yes
2024-01-06 01:00:00,791,Groceries,Net Banking,50000,Yes
2023-08-22 11:00:00,2721,Transport,Cash,30000,No
2023-04-03 04:00:00,2829,Entertainment,Card,100000,No
2023-09-13 00:00:00,2674,Groceries,Cash,100000,Yes
2023-08-31 10:00:00,564,Shopping,Net Banking,100000,Yes
2023-01-16 22:00:00,256,Transport,Net Banking,100000,No
2023-04-05 00:00:00,997,Shopping,Net Banking,50000,Yes
2023-02-28 20:00:00,2491,Entertainment,Cash,50000,Yes
2024-02-12 07:00:00,1878,Groceries,Cash,70000,No
2023-09-14 02:00:00,3648,Travel,Net Banking,70000,No
2023-01-16 11:00:00,2217,Travel,Net Banking,50000,No
2023-08-30 22:00:00,1706,Groceries,Card,30000,No
2023-08-20 21:00:00,651,Travel,Net Banking,50000,No
2024-01-02 18:00:00,761,Transport,UPI,30000,Yes
2023-12-13 03:00:00,1253,Groceries,Cash,100000,No
2023-11-06 21:00:00,1441,Groceries,Card,70000,No
2023-01-19 14:00:00,2746,Shopping,Cash,30000,No
2023-02-27 23:00:00,3322,Food,Net Banking,100000,Yes
2023-02-25 20:00:00,4975,Shopping,UPI,50000,No
2023-05-03 11:00:00,3181,Travel,Net Banking,70000,No
2023-09-06 17:00:00,3780,Food,Cash,50000,No
2024-01-22 01:00:00,2716,Groceries,Card,100000,No
2023-07-20 13:00:00,599,Travel,Cash,100000,No
2023-05-29 17:00:00,4791,Entertainment,Card,50000,No
2023-08-16 06:00:00,4032,Travel,UPI,100000,No
2023-05-12 06:00:00,1294,Food,Net Banking,100000,No
2024-02-13 05:00:00,3936,Food,Net Banking,30000,No
2023-09-25 06:00:00,4062,Groceries,UPI,50000,No
2023-07-14 01:00:00,2599,Transport,Cash,50000,Yes
2023-10-17 11:00:00,3254,Entertainment,UPI,70000,Yes
2023-11-27 23:00:00,895,Groceries,Net Banking,30000,No
2023-06-02 14:00:00,4595,Entertainment,Card,30000,No
2023-07-06 18:00:00,93,Entertainment,Net Banking,100000,No
2023-07-19 21:00:00,708,Groceries,Cash,70000,Yes
2023-07-31 04:00:00,4873,Travel,Card,70000,No
2023-08-17 08:00:00,3980,Shopping,Cash,30000,Yes
2023-12-01 17:00:00,2917,Entertainment,Net Banking,70000,No
2023-02-10 23:00:00,3697,Food,Net Banking,30000,No
2023-08-22 15:00:00,2832,Groceries,Card,70000,No
2023-12-22 23:00:00,1741,Transport,Cash,30000,No
2024-02-18 04:00:00,2275,Travel,Card,30000,No
2024-01-30 15:00:00,3116,Entertainment,Card,100000,No
2023-03-21 11:00:00,1997,Transport,Cash,100000,No
2023-10-16 12:00:00,1415,Travel,Card,70000,No
2024-01-20 00:00:00,3180,Groceries,UPI,100000,No
2023-12-31 01:00:00,4583,Transport,Card,50000,No
2023-06-23 22:00:00,4571,Food,Net Banking,50000,Yes
2024-01-14 08:00:00,1017,Entertainment,Cash,70000,No
2023-10-30 17:00:00,1454,Entertainment,Net Banking,30000,No
2024-01-23 09:00:00,535,Transport,UPI,100000,Yes
2023-03-24 22:00:00,1805,Travel,UPI,70000,No
2023-08-22 04:00:00,3680,Groceries,Card,50000,No
2023-06-16 14:00:00,3018,Shopping,Net Banking,30000,No
2023-06-07 07:00:00,1629,Entertainment,Card,100000,No
2024-01-15 16:00:00,2845,Food,Card,30000,No
2023-07-13 13:00:00,100,Entertainment,Net Banking,30000,No
2023-03-27 21:00:00,1709,Entertainment,UPI,100000,Yes
2023-07-06 23:00:00,4350,Shopping,UPI,100000,No
2023-07-04 19:00:00,2837,Shopping,UPI,50000,Yes
2023-04-21 04:00:00,4678,Groceries,Cash,50000,No
2023-02-13 13:00:00,2205,Entertainment,Cash,30000,No
2023-11-28 07:00:00,4396,Entertainment,Card,30000,No
2023-09-26 17:00:00,4280,Travel,Cash,50000,No
2023-04-22 17:00:00,3211,Travel,Cash,50000,No
2023-05-14 07:00:00,1664,Transport,Net Banking,30000,No
2023-10-10 00:00:00,2786,Transport,Card,70000,No
2024-01-16 10:00:00,456,Food,Card,70000,No
2023-11-07 00:00:00,3429,Food,Net Banking,70000,Yes
2023-12-26 17:00:00,4247,Travel,UPI,100000,No
2023-04-17 06:00:00,1434,Transport,Net Banking,50000,No
2023-06-26 01:00:00,3745,Food,UPI,70000,No
2023-01-25 20:00:00,4549,Entertainment,Card,70000,No
2023-09-10 06:00:00,4959,Transport,Card,50000,No
2023-03-04 17:00:00,2952,Shopping,Cash,100000,Yes
2024-01-13 05:00:00,1679,Transport,Cash,70000,No
2023-09-27 12:00:00,3312,Entertainment,Net Banking,100000,No
2023-10-29 12:00:00,1076,Travel,Cash,100000,No
2023-03-06 15:00:00,3039,Groceries,Card,30000,No
2024-02-18 16:00:00,2274,Groceries,Card,50000,No
2023-10-13 12:00:00,2970,Travel,UPI,30000,Yes
2023-03-02 09:00:00,4365,Entertainment,Cash,70000,No
2023-09-06 01:00:00,4318,Food,UPI,30000,Yes
2023-12-19 08:00:00,2833,Transport,Card,50000,Yes
2023-12-02 02:00:00,1463,Transport,Cash,100000,Yes
2023-04-21 19:00:00,4647,Food,UPI,100000,No
2023-11-09 21:00:00,3698,Groceries,Card,70000,No
2023-11-25 21:00:00,2858,Travel,UPI,50000,No
2023-11-07 05:00:00,3381,Travel,Cash,100000,No
2023-04-24 09:00:00,2228,Shopping,UPI,70000,No
2024-02-07 06:00:00,847,Groceries,UPI,50000,No
2024-02-06 13:00:00,2896,Travel,Card,50000,No
2023-05-02 21:00:00,979,Shopping,Cash,30000,No
2024-02-14 08:00:00,4868,Food,Net Banking,100000,No
2023-10-24 00:00:00,3141,Groceries,Net Banking,50000,No
2023-09-18 00:00:00,2312,Groceries,UPI,100000,No
2023-01-22 08:00:00,1383,Travel,Card,100000,No
2023-01-09 23:00:00,1324,Travel,Cash,50000,No
2023-11-01 03:00:00,4633,Entertainment,Card,100000,No
2023-05-12 09:00:00,3530,Food,Cash,30000,No
2023-11-07 10:00:00,3392,Food,Card,70000,No
2023-03-13 02:00:00,1267,Transport,Net Banking,70000,No
2023-03-07 07:00:00,1514,Shopping,Net Banking,50000,Yes
2023-02-17 00:00:00,4458,Shopping,Net Banking,30000,Yes
2023-05-27 06:00:00,4224,Entertainment,Card,70000,Yes
2023-11-24 19:00:00,4820,Transport,Card,30000,No
2023-04-09 13:00:00,63,Food,UPI,50000,No
2023-08-21 15:00:00,2343,Shopping,Net Banking,30000,Yes
2023-07-24 01:00:00,2095,Food,UPI,50000,No
2023-08-27 06:00:00,1087,Food,Card,70000,No
2023-09-08 01:00:00,4178,Transport,Cash,70000,No
2023-07-10 07:00:00,1509,Shopping,Net Banking,70000,No
2024-01-22 07:00:00,306,Travel,Net Banking,70000,No
2023-04-25 05:00:00,4179,Travel,Net Banking,100000,No
2023-05-06 20:00:00,4123,Transport,Net Banking,30000,No
2023-09-18 16:00:00,1333,Shopping,Net Banking,30000,No
2023-01-10 12:00:00,3537,Entertainment,Card,30000,Yes
2023-12-15 10:00:00,2234,Groceries,Net Banking,50000,No
2023-01-13 06:00:00,408,Transport,Net Banking,70000,No
2023-06-28 12:00:00,3841,Food,UPI,70000,No
2023-12-26 01:00:00,4899,Transport,Cash,100000,No
2023-10-11 09:00:00,3237,Groceries,Net Banking,100000,No
2023-02-08 06:00:00,4549,Transport,UPI,70000,No
2023-01-21 18:00:00,1275,Shopping,Card,30000,No
2023-04-28 01:00:00,2347,Food,UPI,30000,No
2023-07-26 17:00:00,327,Groceries,Net Banking,70000,No
2024-01-11 17:00:00,4257,Travel,UPI,50000,No
2023-06-07 11:00:00,2036,Entertainment,UPI,30000,No
2023-03-30 06:00:00,3594,Transport,Card,70000,No
2023-09-24 07:00:00,2843,Transport,UPI,70000,No
2023-01-07 01:00:00,441,Groceries,Card,100000,No
2023-11-27 22:00:00,1018,Entertainment,Card,100000,No
2023-07-10 05:00:00,2240,Transport,UPI,70000,Yes
2023-01-09 00:00:00,2278,Travel,Net Banking,50000,No
2023-08-05 03:00:00,2676,Groceries,Cash,70000,Yes
2023-10-04 13:00:00,2895,Shopping,UPI,30000,No
2023-12-10 11:00:00,4414,Food,UPI,50000,No
2023-04-11 10:00:00,3357,Travel,UPI,50000,Yes
2023-03-17 20:00:00,2650,Entertainment,Cash,100000,No
2023-05-04 12:00:00,2730,Entertainment,Cash,70000,No
2023-04-16 01:00:00,4420,Travel,Card,100000,No
2023-04-18 00:00:00,4888,Shopping,Cash,30000,No
2023-09-03 02:00:00,135,Transport,Cash,100000,No
2023-03-19 19:00:00,3184,Shopping,UPI,30000,Yes
2023-11-08 01:00:00,4549,Transport,Card,70000,No
2023-11-13 18:00:00,2289,Transport,Net Banking,70000,No
2023-05-14 07:00:00,3414,Entertainment,Card,100000,No
2023-09-12 07:00:00,2095,Transport,Cash,100000,No
2023-01-11 00:00:00,1104,Travel,Cash,100000,No
2023-05-24 08:00:00,3451,Transport,UPI,30000,Yes
2023-07-12 23:00:00,3779,Travel,Net Banking,50000,Yes
2024-02-04 23:00:00,2719,Food,Net Banking,50000,No
2023-12-11 18:00:00,325,Entertainment,Net Banking,100000,No
2023-07-31 13:00:00,4796,Shopping,Cash,100000,No
2023-06-07 00:00:00,4140,Groceries,Cash,70000,Yes
2024-01-16 22:00:00,1155,Shopping,Card,100000,No
2023-11-30 03:00:00,4731,Shopping,Cash,70000,No
2024-01-02 18:00:00,2982,Groceries,Net Banking,30000,No
2023-09-25 21:00:00,178,Entertainment,Net Banking,30000,No
2023-05-31 05:00:00,4401,Transport,Net Banking,30000,No
2023-04-01 13:00:00,4376,Food,UPI,30000,No
2024-02-09 18:00:00,3618,Shopping,Card,100000,No
2023-10-01 16:00:00,2452,Transport,Card,100000,No
2023-04-19 09:00:00,1697,Shopping,Cash,70000,No
2023-04-21 17:00:00,3606,Entertainment,UPI,100000,Yes
2023-09-11 08:00:00,3941,Entertainment,Card,70000,No
2023-11-02 05:00:00,2243,Travel,UPI,30000,No
2023-03-31 23:00:00,2097,Entertainment,UPI,70000,Yes
2023-06-09 14:00:00,3154,Entertainment,Cash,70000,No
2023-12-13 09:00:00,4405,Shopping,UPI,100000,No
2023-07-02 00:00:00,2184,Food,Card,30000,No
2023-02-24 21:00:00,892,Shopping,Cash,50000,No
2023-07-07 05:00:00,2021,Transport,Card,100000,No
2023-02-21 06:00:00,4410,Entertainment,UPI,100000,No
2023-02-17 05:00:00,3953,Travel,UPI,50000,No
2023-11-13 23:00:00,3663,Food,Net Banking,30000,No
2023-02-24 05:00:00,441,Travel,Cash,50000,No
2023-03-21 14:00:00,2329,Groceries,Cash,70000,No
2023-12-03 18:00:00,950,Travel,Net Banking,50000,No
2023-12-04 19:00:00,4733,Travel,Card,30000,No
2024-02-09 01:00:00,2544,Transport,Card,30000,No
2023-11-29 02:00:00,1202,Entertainment,UPI,50000,No
2023-03-21 20:00:00,1344,Transport,Cash,100000,No
2023-10-19 12:00:00,515,Entertainment,UPI,50000,No
2023-04-25 21:00:00,2225,Transport,Net Banking,70000,No
2023-09-27 08:00:00,3295,Entertainment,UPI,50000,No
2023-01-08 10:00:00,537,Entertainment,Card,50000,No
2024-01-14 16:00:00,2988,Entertainment,Card,50000,No
2023-09-23 02:00:00,2676,Travel,Net Banking,70000,No
2024-02-10 23:00:00,999,Groceries,Card,50000,No
2023-12-28 19:00:00,4551,Entertainment,Net Banking,100000,Yes
2023-01-03 12:00:00,1099,Groceries,Cash,70000,No
2024-01-22 05:00:00,4125,Groceries,Net Banking,100000,No
2023-10-06 09:00:00,4509,Shopping,Net Banking,70000,Yes
2023-05-01 15:00:00,1440,Shopping,Net Banking,30000,No
2023-01-25 09:00:00,1133,Food,Card,30000,No
2023-08-31 15:00:00,4696,Transport,Cash,70000,No
2023-01-23 06:00:00,1708,Shopping,UPI,70000,No
2023-05-25 06:00:00,4437,Entertainment,Cash,70000,No
2023-06-17 03:00:00,1867,Groceries,Card,30000,Yes
2023-05-22 14:00:00,240,Transport,Cash,70000,No
2023-03-31 19:00:00,510,Food,Cash,30000,No
2023-09-06 14:00:00,2571,Shopping,Net Banking,30000,No
2023-11-02 09:00:00,3526,Travel,Net Banking,70000,Yes
2023-10-17 21:00:00,2755,Transport,Card,70000,Yes
2024-01-19 04:00:00,4416,Food,Net Banking,70000,No
2023-08-10 21:00:00,1207,Entertainment,Card,30000,Yes
2023-12-21 22:00:00,4316,Transport,UPI,50000,No
2023-07-15 23:00:00,77,Groceries,Cash,70000,No
2023-04-23 18:00:00,4281,Entertainment,UPI,50000,No
2023-01-01 01:00:00,3022,Entertainment,UPI,50000,No
2024-01-20 09:00:00,3074,Transport,Cash,50000,Yes
2023-12-13 12:00:00,1314,Travel,Net Banking,100000,No
2023-02-16 00:00:00,905,Travel,UPI,50000,No
2023-03-19 13:00:00,4075,Transport,Cash,50000,Yes
2023-08-08 13:00:00,1301,Transport,UPI,30000,No
2023-10-17 07:00:00,4654,Transport,UPI,100000,Yes
2023-12-13 16:00:00,3920,Groceries,Cash,30000,No
2023-01-19 05:00:00,1376,Shopping,Net Banking,30000,Yes
2023-07-21 22:00:00,1075,Entertainment,Card,50000,No
2023-05-11 09:00:00,411,Transport,Cash,30000,No
2024-01-28 05:00:00,1268,Shopping,Card,70000,Yes
2023-12-03 17:00:00,655,Groceries,Cash,50000,No
2023-02-07 13:00:00,1720,Entertainment,Cash,70000,No
2023-08-13 22:00:00,4861,Shopping,Card,50000,Yes
2023-10-06 06:00:00,2347,Entertainment,Card,50000,No
2023-08-19 09:00:00,2244,Travel,Net Banking,50000,No
2023-10-03 04:00:00,4493,Transport,Cash,100000,Yes
2023-06-13 06:00:00,1327,Travel,Cash,50000,No
2023-02-14 11:00:00,448,Food,Cash,70000,No
2023-01-02 02:00:00,2222,Groceries,Net Banking,50000,No
2023-10-17 01:00:00,2860,Transport,Card,50000,No
2023-10-30 16:00:00,2702,Shopping,Cash,30000,No
2023-10-24 14:00:00,2989,Entertainment,Card,50000,No
2023-01-23 19:00:00,871,Food,Net Banking,50000,No
2023-12-31 22:00:00,994,Groceries,UPI,50000,No
2024-01-06 15:00:00,3528,Groceries,Card,50000,No
2023-08-11 10:00:00,2829,Groceries,Net Banking,50000,No
2023-05-11 20:00:00,4479,Shopping,UPI,50000,No
2023-11-30 04:00:00,4500,Transport,Cash,100000,No
2023-03-08 06:00:00,1246,Travel,Cash,70000,No
2023-11-21 00:00:00,1262,Food,Card,100000,No
2023-07-25 23:00:00,873,Shopping,UPI,70000,No
2024-01-10 21:00:00,1946,Entertainment,Net Banking,100000,No
2023-11-21 22:00:00,4313,Shopping,Cash,50000,Yes
2023-06-07 23:00:00,2465,Entertainment,Cash,100000,No
2023-02-26 13:00:00,585,Entertainment,UPI,70000,Yes
2023-12-04 04:00:00,3060,Groceries,Net Banking,30000,No
2023-05-15 09:00:00,2677,Shopping,Cash,30000,No
2023-04-13 12:00:00,3827,Travel,Cash,50000,Yes
2023-12-31 01:00:00,999,Entertainment,Card,50000,Yes
2023-04-24 16:00:00,3558,Groceries,Net Banking,70000,No
2023-10-08 06:00:00,4352,Travel,Cash,30000,No
2023-11-08 17:00:00,593,Shopping,UPI,50000,Yes
2023-09-25 22:00:00,3950,Travel,Cash,100000,No
2023-05-10 18:00:00,3803,Shopping,Net Banking,100000,No
2023-01-26 16:00:00,4274,Entertainment,Card,30000,No
2023-06-01 20:00:00,2132,Food,Cash,70000,No
2023-09-25 05:00:00,2916,Food,UPI,50000,No
2023-02-20 03:00:00,2296,Transport,Cash,50000,No
2024-02-19 15:00:00,1886,Transport,UPI,50000,No
2023-04-17 21:00:00,126,Entertainment,Net Banking,30000,No
2023-05-13 06:00:00,418,Travel,Card,100000,No
2023-05-09 09:00:00,4671,Shopping,Net Banking,70000,No
2023-04-20 14:00:00,398,Food,Cash,30000,No
2023-05-12 17:00:00,4651,Shopping,Cash,30000,No
2023-06-30 01:00:00,4788,Entertainment,Card,50000,Yes
2024-01-05 05:00:00,4383,Travel,UPI,100000,No
2023-09-19 05:00:00,1505,Shopping,Net Banking,70000,No
2023-10-23 19:00:00,2235,Travel,UPI,70000,No
2023-11-04 08:00:00,3861,Food,Cash,50000,No
2023-06-19 22:00:00,3322,Shopping,UPI,70000,No
2023-08-30 17:00:00,3732,Groceries,Net Banking,100000,No
2023-06-22 23:00:00,1896,Food,UPI,50000,No
2024-01-07 07:00:00,1904,Travel,Cash,50000,No
2023-04-19 08:00:00,3035,Entertainment,Net Banking,100000,No
2023-09-15 07:00:00,4500,Groceries,UPI,70000,No
2023-01-28 18:00:00,2675,Transport,UPI,100000,No
2023-01-12 19:00:00,2944,Shopping,Net Banking,70000,No
2023-09-01 08:00:00,608,Transport,Cash,70000,No
2023-05-29 13:00:00,2946,Food,Net Banking,70000,No
2023-07-11 09:00:00,1967,Shopping,Cash,100000,No
2023-03-03 01:00:00,1304,Shopping,UPI,100000,No
2023-12-13 17:00:00,1731,Groceries,Net Banking,30000,No
2023-07-17 06:00:00,1864,Groceries,Cash,100000,No
2023-09-18 17:00:00,712,Groceries,Net Banking,50000,Yes
2023-11-03 22:00:00,4166,Groceries,UPI,50000,Yes
2023-06-03 00:00:00,3375,Entertainment,Net Banking,50000,No
2023-11-04 14:00:00,1291,Travel,UPI,50000,No
2023-10-02 11:00:00,3193,Groceries,UPI,30000,No
2023-02-11 08:00:00,3087,Food,UPI,100000,No
2023-10-13 18:00:00,211,Shopping,Cash,100000,Yes
2023-03-30 09:00:00,4275,Transport,Cash,70000,Yes
2023-04-03 15:00:00,2000,Groceries,Card,100000,No
2023-07-08 10:00:00,4370,Food,Cash,70000,No
2023-05-13 20:00:00,1831,Entertainment,Card,70000,No
2023-05-15 21:00:00,4725,Food,Net Banking,50000,No
2023-06-22 08:00:00,1527,Transport,UPI,30000,Yes
2023-01-15 07:00:00,3080,Transport,Cash,30000,No
2023-07-16 00:00:00,4036,Food,UPI,100000,No
2023-07-20 23:00:00,156,Entertainment,Card,70000,No
2023-07-25 00:00:00,2718,Transport,Cash,50000,No
2023-05-14 09:00:00,4985,Entertainment,Cash,70000,No
2023-08-16 23:00:00,1214,Shopping,Cash,50000,No
2023-02-07 00:00:00,1207,Groceries,Cash,70000,No
2024-02-02 05:00:00,2296,Transport,UPI,100000,Yes
2023-10-24 23:00:00,716,Food,Cash,100000,No
2023-06-05 00:00:00,2176,Travel,Card,70000,Yes
2023-05-01 03:00:00,2991,Travel,Cash,30000,No
2023-06-25 12:00:00,561,Shopping,Card,50000,No
2023-10-18 01:00:00,299,Travel,Card,30000,No
2023-04-11 15:00:00,938,Shopping,UPI,30000,No
2024-01-23 21:00:00,1073,Groceries,Cash,70000,Yes
2023-05-06 01:00:00,4744,Shopping,Card,50000,No
2023-03-14 10:00:00,4898,Entertainment,Cash,50000,No
2023-02-26 20:00:00,649,Entertainment,UPI,100000,No
2023-04-23 20:00:00,3072,Entertainment,UPI,70000,No
2023-02-08 12:00:00,2580,Transport,Cash,70000,No
2023-01-07 07:00:00,2933,Entertainment,Card,70000,No
2024-01-01 17:00:00,2114,Entertainment,Net Banking,100000,No
2023-12-02 04:00:00,1808,Entertainment,Net Banking,100000,No
2023-02-08 00:00:00,3619,Entertainment,UPI,50000,No
2023-04-07 17:00:00,1292,Transport,Card,100000,No
2023-01-21 15:00:00,4379,Entertainment,Net Banking,70000,Yes
2023-03-31 12:00:00,2345,Entertainment,Card,70000,No
2023-01-24 04:00:00,1975,Groceries,Cash,30000,No
2023-03-06 16:00:00,2112,Transport,UPI,100000,No
2023-03-30 08:00:00,3445,Entertainment,Cash,70000,No
2023-05-09 13:00:00,490,Shopping,Cash,70000,Yes
2023-05-27 00:00:00,2793,Groceries,Cash,50000,No
2023-01-07 12:00:00,56,Transport,Card,100000,No
2024-01-07 22:00:00,1636,Travel,Net Banking,70000,No
2023-11-09 17:00:00,875,Food,Cash,50000,Yes
2023-10-26 10:00:00,3874,Transport,UPI,30000,Yes
2023-08-19 03:00:00,1318,Groceries,Card,30000,No
2023-11-11 07:00:00,3486,Entertainment,Net Banking,50000,Yes
2023-12-02 15:00:00,3488,Groceries,Cash,100000,No
2023-07-13 22:00:00,1360,Food,UPI,70000,No
2023-09-18 10:00:00,4083,Food,Cash,100000,Yes
2023-10-29 22:00:00,1677,Transport,Net Banking,50000,No
2023-01-07 10:00:00,1086,Entertainment,Net Banking,70000,No
2023-11-28 06:00:00,527,Entertainment,Cash,70000,No
2023-02-11 12:00:00,2728,Shopping,Cash,70000,Yes
2023-07-12 18:00:00,764,Food,Card,100000,Yes
2023-05-02 01:00:00,1726,Entertainment,Net Banking,100000,No
2024-01-26 09:00:00,2212,Food,Net Banking,50000,No
2023-01-07 09:00:00,558,Shopping,Cash,30000,No
2023-11-24 05:00:00,431,Travel,UPI,50000,No
2023-09-28 01:00:00,1230,Food,Cash,70000,No
2023-08-22 07:00:00,1895,Shopping,Cash,50000,Yes
2023-03-13 12:00:00,4420,Shopping,Net Banking,30000,Yes
2023-02-02 18:00:00,1768,Shopping,Card,50000,No
2023-07-02 00:00:00,1150,Groceries,Cash,30000,No
2023-12-04 08:00:00,1910,Transport,UPI,30000,No
2023-06-28 00:00:00,2141,Entertainment,UPI,70000,No
2023-06-06 23:00:00,767,Food,Cash,30000,Yes
2024-01-04 02:00:00,367,Transport,UPI,100000,No
2023-09-07 18:00:00,4679,Groceries,UPI,50000,No
2023-10-28 16:00:00,1826,Food,Cash,50000,No
2024-01-05 01:00:00,2334,Transport,UPI,100000,No
2023-05-23 18:00:00,1294,Groceries,UPI,100000,No
2023-06-07 15:00:00,1383,Entertainment,Cash,70000,Yes
2023-08-15 03:00:00,3719,Shopping,Net Banking,50000,No
2023-10-20 03:00:00,1250,Transport,Card,100000,Yes
2023-12-02 12:00:00,1844,Transport,Card,70000,No
2023-06-04 05:00:00,2751,Food,Net Banking,50000,No
2024-01-21 21:00:00,1504,Shopping,Cash,50000,No
2023-04-08 21:00:00,1983,Entertainment,Net Banking,100000,Yes
2023-10-20 03:00:00,796,Food,Card,30000,No
2023-10-21 23:00:00,890,Travel,Card,30000,No
2023-02-20 12:00:00,2545,Travel,Card,100000,No
2023-10-18 05:00:00,1138,Travel,Card,30000,No
2024-01-25 08:00:00,842,Entertainment,Cash,50000,No
2023-10-07 08:00:00,1317,Travel,Card,70000,No
2023-11-06 17:00:00,1600,Transport,Card,70000,No
2023-04-15 15:00:00,2740,Food,Cash,100000,Yes
2023-01-06 23:00:00,342,Transport,Net Banking,70000,No
2023-11-03 23:00:00,4072,Travel,Cash,100000,No
2023-05-15 12:00:00,1454,Food,Card,30000,No
2023-07-10 22:00:00,1698,Transport,UPI,50000,No
2023-09-09 07:00:00,2866,Entertainment,Cash,30000,No
2023-06-26 19:00:00,3960,Shopping,Cash,100000,No
2024-02-02 21:00:00,2968,Transport,Net Banking,50000,No
2023-04-24 01:00:00,1447,Groceries,Card,50000,No
2023-06-24 09:00:00,1743,Travel,UPI,50000,No
2024-02-02 21:00:00,1087,Groceries,Cash,30000,No
2023-11-02 08:00:00,3902,Shopping,Cash,50000,No
2023-07-13 01:00:00,1612,Entertainment,Cash,30000,No
2023-05-14 00:00:00,1162,Transport,UPI,30000,No
2023-01-13 12:00:00,1341,Entertainment,Cash,50000,No
2023-01-31 03:00:00,1211,Shopping,Cash,100000,Yes
2023-08-26 06:00:00,1079,Groceries,UPI,50000,No
2023-05-06 10:00:00,4387,Transport,Cash,50000,Yes
2023-08-20 11:00:00,4307,Travel,UPI,30000,No
2023-01-03 19:00:00,2789,Food,Net Banking,50000,No
2023-04-15 10:00:00,1028,Entertainment,UPI,100000,No
2023-03-06 01:00:00,567,Shopping,Net Banking,50000,Yes
2023-01-17 13:00:00,832,Transport,UPI,100000,No
2023-08-25 16:00:00,2881,Groceries,Card,70000,Yes
2024-01-25 19:00:00,4230,Travel,Cash,70000,No
2023-07-21 01:00:00,187,Groceries,Net Banking,70000,No
2023-12-31 11:00:00,803,Travel,Cash,50000,No
2023-09-10 00:00:00,3003,Transport,Cash,30000,No
2023-06-02 13:00:00,4858,Food,UPI,100000,Yes
2024-02-19 07:00:00,2505,Food,Card,70000,No
2023-05-03 13:00:00,2884,Shopping,UPI,100000,Yes
2023-10-22 11:00:00,629,Shopping,Cash,30000,No
2023-08-01 03:00:00,3305,Travel,UPI,100000,No
2023-03-08 17:00:00,3316,Travel,Net Banking,100000,No
2023-03-03 16:00:00,4699,Travel,Card,70000,No
2023-09-17 14:00:00,445,Travel,Cash,100000,No
2024-01-23 06:00:00,1987,Transport,UPI,70000,No
2023-05-17 12:00:00,4955,Transport,Net Banking,30000,No
2023-09-26 15:00:00,2639,Food,Card,70000,Yes
2023-08-18 03:00:00,3084,Shopping,UPI,100000,No
2023-09-19 09:00:00,219,Shopping,UPI,30000,No
2023-02-24 03:00:00,2387,Entertainment,Cash,50000,No
2023-08-31 10:00:00,3289,Shopping,Net Banking,50000,No
2023-10-07 05:00:00,3465,Shopping,Card,30000,No
2023-07-28 02:00:00,3618,Groceries,UPI,30000,No
2023-11-09 01:00:00,3266,Groceries,Card,100000,Yes
2024-02-10 07:00:00,3534,Entertainment,Net Banking,50000,No
2023-12-11 13:00:00,4885,Travel,Cash,30000,No
2023-04-28 23:00:00,1891,Entertainment,Cash,50000,No
2023-04-24 09:00:00,3810,Entertainment,Cash,50000,Yes
2023-03-05 20:00:00,4602,Food,Card,100000,No
2023-12-18 05:00:00,3076,Transport,Card,30000,Yes
2023-08-07 21:00:00,4015,Shopping,UPI,70000,No
2023-03-25 04:00:00,1651,Food,Net Banking,30000,No
2023-08-10 07:00:00,1196,Transport,Net Banking,50000,No
2023-01-12 13:00:00,4376,Shopping,Net Banking,70000,No
2023-05-09 17:00:00,2734,Entertainment,Card,70000,No
2023-01-22 19:00:00,161,Shopping,Cash,50000,No
2023-06-28 03:00:00,642,Travel,Net Banking,70000,No
2023-08-12 13:00:00,2489,Travel,UPI,70000,No
2023-05-11 02:00:00,1288,Entertainment,Card,30000,No
2023-12-07 07:00:00,2844,Groceries,Cash,50000,Yes
2023-08-05 06:00:00,2464,Travel,Net Banking,100000,No
2023-07-10 15:00:00,2179,Entertainment,Cash,70000,No
2023-11-18 23:00:00,2903,Food,UPI,50000,No
2023-03-16 21:00:00,2919,Groceries,Net Banking,30000,No
2023-03-30 19:00:00,3648,Travel,Net Banking,30000,Yes
2023-11-02 02:00:00,3853,Entertainment,Cash,30000,No
2023-09-28 20:00:00,1576,Entertainment,Card,70000,No
2023-02-03 23:00:00,2019,Food,Cash,100000,No
2023-12-26 18:00:00,1001,Food,UPI,30000,No
2023-10-05 18:00:00,1552,Groceries,Cash,100000,No
2023-01-06 22:00:00,4517,Transport,Cash,50000,No
2023-02-28 18:00:00,3386,Travel,Net Banking,30000,No
2023-01-23 06:00:00,159,Entertainment,Card,70000,No
2024-02-17 20:00:00,4036,Groceries,Card,30000,Yes
2023-05-21 04:00:00,2404,Groceries,Card,70000,No
2023-02-13 00:00:00,275,Food,Card,50000,Yes
2023-05-20 06:00:00,3061,Entertainment,Cash,100000,No
2024-02-05 02:00:00,4176,Shopping,Net Banking,100000,No
2023-09-11 13:00:00,663,Transport,Net Banking,100000,No
2023-07-07 12:00:00,148,Transport,Card,30000,No
2023-02-18 20:00:00,860,Food,Cash,30000,Yes
2024-01-14 08:00:00,3387,Entertainment,Card,50000,No
2023-07-08 05:00:00,2749,Groceries,Card,100000,No
2023-11-30 15:00:00,4959,Transport,Net Banking,50000,No
2023-03-10 09:00:00,1069,Groceries,Net Banking,70000,No
2023-01-20 15:00:00,3075,Travel,Card,30000,No
2023-05-03 12:00:00,3578,Shopping,Cash,100000,Yes
2023-12-31 02:00:00,3936,Food,Card,30000,Yes
2023-07-16 22:00:00,3029,Transport,Net Banking,100000,No
2023-11-16 14:00:00,3390,Travel,Net Banking,100000,No
2023-06-05 03:00:00,846,Travel,Cash,30000,No
2023-01-16 03:00:00,2007,Shopping,Card,30000,No
2023-05-18 21:00:00,3116,Food,Card,50000,No
2023-01-23 17:00:00,3070,Food,UPI,30000,Yes
2023-05-16 00:00:00,2730,Groceries,Card,30000,Yes
2023-10-05 17:00:00,4491,Food,Cash,30000,No
2023-03-22 16:00:00,4869,Travel,Net Banking,70000,Yes
2024-01-17 10:00:00,2998,Groceries,UPI,70000,No
2023-02-06 18:00:00,3781,Food,Cash,70000,No
2023-06-10 00:00:00,1151,Shopping,Cash,50000,Yes
2023-10-16 11:00:00,1087,Travel,UPI,50000,Yes
2024-01-13 14:00:00,4281,Entertainment,Card,100000,No
2023-07-12 03:00:00,841,Shopping,UPI,50000,Yes
2024-01-13 09:00:00,4224,Shopping,Cash,30000,No
2023-08-05 20:00:00,1828,Food,Card,100000,No
2023-10-31 16:00:00,4850,Groceries,Net Banking,30000,No
2023-05-14 11:00:00,1031,Groceries,UPI,100000,No
2023-04-04 12:00:00,1315,Travel,Cash,50000,No
2023-01-01 18:00:00,793,Food,Card,70000,No
2023-01-27 17:00:00,2481,Groceries,Cash,30000,No
2023-05-09 11:00:00,424,Transport,Card,100000,No
2023-08-05 16:00:00,1803,Entertainment,Card,70000,No
2023-12-22 01:00:00,3947,Transport,UPI,30000,No
2023-02-06 01:00:00,2586,Food,Net Banking,30000,No
2023-02-02 05:00:00,2041,Food,Card,70000,No
2023-07-17 04:00:00,2978,Groceries,Cash,50000,Yes
2023-05-27 14:00:00,3496,Shopping,Card,70000,No
2023-10-11 03:00:00,641,Food,Net Banking,50000,No
2023-10-19 00:00:00,4678,Shopping,Cash,100000,No
2023-04-17 23:00:00,2619,Travel,Card,50000,No
2023-03-11 18:00:00,2922,Travel,Card,100000,No
2023-01-31 19:00:00,1226,Groceries,UPI,100000,Yes
2023-03-06 09:00:00,1385,Travel,Net Banking,100000,No
2024-01-24 15:00:00,4743,Transport,Card,100000,No
2023-08-02 15:00:00,162,Transport,Net Banking,30000,No
2023-10-17 11:00:00,3822,Transport,Card,100000,No
2023-10-03 20:00:00,1895,Groceries,Cash,30000,No
2024-01-13 17:00:00,2037,Groceries,Net Banking,30000,No
2023-07-09 19:00:00,4879,Transport,Cash,100000,No
2023-08-24 05:00:00,2035,Shopping,Net Banking,50000,Yes
2024-01-08 15:00:00,3342,Transport,Cash,50000,Yes
2023-10-24 20:00:00,3292,Shopping,Card,70000,No
2024-01-12 21:00:00,302,Travel,Cash,30000,No
2023-06-05 12:00:00,173,Shopping,Cash,30000,No
2023-04-06 03:00:00,1286,Food,Card,50000,No
2024-02-01 17:00:00,673,Entertainment,Net Banking,30000,No
2023-12-28 05:00:00,3206,Food,Cash,50000,No
2023-10-19 14:00:00,3186,Food,UPI,70000,No
2023-08-14 13:00:00,3439,Groceries,UPI,100000,No
2023-02-22 21:00:00,3467,Entertainment,Cash,100000,No
2023-11-24 20:00:00,1705,Groceries,Cash,100000,No
2023-04-19 11:00:00,1316,Shopping,Cash,70000,No
2023-09-06 09:00:00,2995,Transport,Net Banking,30000,No
2024-02-07 13:00:00,1210,Shopping,Card,70000,No
2023-12-24 01:00:00,2344,Entertainment,UPI,30000,No
2023-11-11 21:00:00,490,Travel,UPI,30000,No
2023-03-12 00:00:00,2142,Shopping,Net Banking,100000,No
2023-12-18 09:00:00,2755,Food,Cash,50000,No
2024-01-15 15:00:00,3809,Entertainment,Cash,50000,No
2023-08-25 18:00:00,603,Entertainment,Card,100000,No
2023-12-03 20:00:00,4954,Shopping,Card,30000,No
2023-08-12 15:00:00,1162,Shopping,UPI,70000,Yes
2023-01-03 21:00:00,2827,Groceries,Card,100000,No
2023-06-13 12:00:00,1883,Groceries,UPI,100000,Yes
2023-09-16 08:00:00,1364,Food,Net Banking,70000,Yes
2023-03-25 15:00:00,3543,Entertainment,Cash,30000,No
2024-01-10 16:00:00,3188,Travel,Cash,100000,No
2023-12-05 07:00:00,3162,Travel,UPI,100000,No
2023-04-26 19:00:00,148,Entertainment,Cash,30000,No
2023-07-25 00:00:00,3975,Food,Net Banking,70000,No
2023-02-01 11:00:00,1529,Groceries,Card,70000,Yes
2023-09-28 15:00:00,4446,Groceries,Net Banking,50000,No
2023-09-05 07:00:00,1272,Groceries,Cash,50000,No
2024-02-01 09:00:00,4633,Travel,Net Banking,70000,Yes
2023-04-08 02:00:00,1054,Travel,Cash,50000,No
2023-08-26 17:00:00,526,Food,UPI,50000,No
2023-12-12 21:00:00,1185,Travel,Card,30000,No
2023-02-12 08:00:00,2906,Shopping,Card,100000,No
2023-11-03 03:00:00,1755,Travel,Cash,50000,Yes
2023-12-09 08:00:00,567,Groceries,Cash,50000,No
2023-07-25 18:00:00,1270,Food,Card,30000,No
2023-04-29 06:00:00,2556,Entertainment,Net Banking,70000,No
2023-01-31 17:00:00,4375,Entertainment,Net Banking,50000,No
2023-09-16 08:00:00,1241,Food,Net Banking,100000,Yes
2023-12-15 19:00:00,3930,Shopping,Card,50000,Yes
2023-01-10 15:00:00,3293,Entertainment,UPI,100000,No
2023-03-21 21:00:00,2027,Groceries,Cash,70000,No
2023-12-22 14:00:00,2292,Entertainment,Cash,50000,No
2023-09-04 14:00:00,3140,Entertainment,Card,100000,No
2023-04-20 07:00:00,1937,Groceries,UPI,100000,No
2023-12-27 06:00:00,4609,Travel,Card,100000,No
2023-09-24 17:00:00,1023,Shopping,Net Banking,70000,No
2023-10-22 16:00:00,115,Groceries,Net Banking,100000,No
2023-04-05 20:00:00,2956,Groceries,Cash,30000,No
2023-11-05 01:00:00,620,Transport,Cash,70000,No
2024-01-02 03:00:00,3942,Food,Cash,100000,No
2023-06-11 10:00:00,357,Shopping,Cash,70000,No
2023-07-08 18:00:00,3458,Travel,Net Banking,70000,No
2023-10-26 12:00:00,3792,Transport,Net Banking,30000,No
2023-07-07 09:00:00,832,Groceries,UPI,100000,No
2023-11-27 13:00:00,4266,Transport,Cash,70000,No
2023-03-30 23:00:00,815,Travel,Card,70000,Yes
2023-10-08 07:00:00,3525,Transport,UPI,100000,No
2023-03-07 05:00:00,822,Transport,UPI,30000,No
2023-01-13 20:00:00,3907,Transport,Net Banking,50000,No
2023-12-22 14:00:00,3235,Groceries,Cash,100000,No
2023-12-26 11:00:00,589,Groceries,UPI,50000,No
2023-12-15 16:00:00,2099,Food,Cash,100000,No
2023-01-06 18:00:00,3333,Entertainment,Net Banking,100000,No
2023-01-09 01:00:00,4725,Shopping,UPI,70000,No
2023-05-16 17:00:00,1713,Food,UPI,100000,No
2023-05-15 19:00:00,1097,Travel,Card,30000,No
2023-02-09 06:00:00,3886,Transport,Net Banking,30000,No
2023-07-12 12:00:00,3489,Groceries,Card,100000,No
2023-08-27 08:00:00,555,Transport,Net Banking,70000,No
2023-09-22 17:00:00,3297,Groceries,Card,70000,No
2023-07-26 13:00:00,3550,Shopping,Net Banking,50000,No
2024-01-17 01:00:00,1960,Food,Net Banking,100000,No
2024-01-31 14:00:00,782,Food,UPI,50000,No
2023-05-21 21:00:00,3563,Travel,Card,70000,No
2023-09-01 07:00:00,1621,Food,Card,30000,No
2023-05-01 00:00:00,4659,Food,Card,70000,No
2023-07-23 15:00:00,2992,Entertainment,UPI,30000,No
2023-01-23 17:00:00,4506,Shopping,Cash,50000,No
2023-03-22 07:00:00,2371,Transport,Net Banking,70000,No
2023-06-23 00:00:00,3385,Food,Card,30000,No
2023-01-01 04:00:00,4672,Travel,Net Banking,50000,No
2023-08-19 13:00:00,4424,Transport,UPI,70000,No
2024-02-03 02:00:00,2803,Groceries,Net Banking,100000,Yes
2023-08-13 02:00:00,1422,Food,UPI,70000,No
2023-09-17 17:00:00,1494,Food,Cash,50000,No
2023-04-21 23:00:00,3426,Transport,Card,70000,No
2024-01-30 09:00:00,339,Groceries,UPI,50000,No
2023-05-19 14:00:00,2115,Entertainment,Net Banking,30000,No
2023-06-02 11:00:00,113,Shopping,UPI,70000,No
2023-02-17 03:00:00,3995,Entertainment,UPI,50000,No
2023-07-18 11:00:00,379,Travel,Cash,50000,No
2023-10-08 17:00:00,4908,Transport,Card,100000,Yes
2023-08-01 04:00:00,2013,Food,UPI,30000,No
2023-09-08 22:00:00,3138,Entertainment,UPI,100000,No
2023-05-12 15:00:00,2540,Shopping,Net Banking,100000,No
2023-09-14 15:00:00,190,Travel,UPI,70000,No
2023-11-01 22:00:00,4589,Entertainment,UPI,50000,No
2023-12-18 21:00:00,2523,Food,Card,50000,Yes
2023-08-10 03:00:00,3953,Shopping,Card,50000,No
2023-12-22 00:00:00,499,Food,Net Banking,70000,No
2023-05-07 20:00:00,1875,Food,UPI,70000,No
2024-02-05 12:00:00,4496,Travel,UPI,30000,No
2023-08-23 20:00:00,4744,Shopping,UPI,100000,Yes
2023-05-01 12:00:00,4856,Groceries,Cash,30000,No
2023-08-09 08:00:00,919,Food,Cash,30000,No
2023-08-31 04:00:00,3614,Shopping,Net Banking,70000,No
2023-01-28 06:00:00,3709,Food,Cash,50000,Yes
2023-08-17 09:00:00,3652,Entertainment,Net Banking,70000,No
2023-02-01 15:00:00,442,Entertainment,UPI,70000,No
2023-10-10 14:00:00,891,Shopping,Cash,70000,No
2023-03-16 22:00:00,2498,Travel,Card,30000,No
2023-08-03 23:00:00,2841,Groceries,Cash,50000,Yes
2023-12-18 22:00:00,3003,Entertainment,UPI,70000,No
2023-08-08 06:00:00,1408,Travel,Card,30000,No
2023-06-09 07:00:00,1040,Groceries,Net Banking,70000,No
2023-03-20 04:00:00,1088,Entertainment,UPI,100000,No
2023-09-14 10:00:00,77,Groceries,Card,50000,Yes
2023-11-21 11:00:00,437,Transport,Cash,30000,No
2023-07-08 04:00:00,882,Food,Net Banking,100000,No
2023-06-05 14:00:00,299,Shopping,Cash,70000,No
2024-01-29 04:00:00,2077,Entertainment,Card,100000,No
2023-09-06 20:00:00,1578,Entertainment,Card,100000,Yes
2023-10-04 15:00:00,4243,Food,UPI,30000,Yes
2023-08-12 04:00:00,1888,Entertainment,Net Banking,50000,No
2023-09-23 20:00:00,1410,Entertainment,Net Banking,50000,No
2023-02-12 00:00:00,3159,Transport,Card,30000,No
2023-06-29 18:00:00,1373,Entertainment,UPI,70000,No
2024-02-09 06:00:00,2276,Entertainment,Card,100000,Yes
2023-04-15 12:00:00,3730,Entertainment,Card,50000,No
2023-07-18 06:00:00,941,Travel,Net Banking,50000,Yes
2023-04-22 18:00:00,1355,Entertainment,Cash,100000,No
2023-11-01 15:00:00,4598,Food,Cash,70000,No
2023-02-11 05:00:00,4242,Transport,Net Banking,100000,No
2023-12-18 22:00:00,311,Entertainment,UPI,30000,No
2023-07-16 07:00:00,2390,Groceries,Net Banking,30000,No
2023-09-27 23:00:00,1843,Transport,UPI,70000,No
2023-10-18 04:00:00,2346,Transport,Net Banking,50000,Yes
2023-12-03 11:00:00,2342,Groceries,UPI,50000,No
2023-07-05 12:00:00,2220,Food,Card,70000,No
2023-12-18 23:00:00,374,Travel,Card,70000,No
2023-02-11 23:00:00,1035,Food,UPI,30000,Yes
2023-09-28 16:00:00,4832,Travel,Net Banking,30000,No
2024-02-19 11:00:00,3902,Shopping,Card,70000,Yes
2023-11-17 08:00:00,1789,Groceries,Net Banking,50000,No
2023-06-12 20:00:00,1910,Transport,Cash,100000,No
2023-04-27 19:00:00,3187,Transport,Card,100000,No
2023-07-02 11:00:00,3948,Transport,Net Banking,100000,No
2023-01-05 02:00:00,885,Groceries,Net Banking,30000,No
2023-12-16 12:00:00,4204,Groceries,Cash,70000,No
2023-02-06 13:00:00,2828,Travel,Net Banking,50000,No
2023-03-19 20:00:00,1446,Transport,UPI,30000,No
2023-04-22 01:00:00,1726,Food,Card,70000,No
2023-02-27 20:00:00,4381,Travel,UPI,70000,Yes
2023-04-11 15:00:00,4363,Transport,Cash,100000,No
2024-01-01 01:00:00,1887,Groceries,UPI,100000,No
2023-04-20 21:00:00,3771,Groceries,Net Banking,50000,No
2023-10-29 18:00:00,3722,Groceries,Cash,50000,No
2024-01-21 17:00:00,3072,Transport,Cash,100000,Yes
2023-12-25 21:00:00,4734,Groceries,UPI,100000,Yes
2023-05-01 03:00:00,1721,Shopping,Cash,70000,No
2023-02-20 04:00:00,966,Groceries,UPI,50000,No
2023-01-23 16:00:00,967,Transport,UPI,70000,No
2023-02-20 23:00:00,1183,Travel,UPI,50000,No
2023-05-13 04:00:00,1886,Groceries,Cash,50000,Yes
2024-01-09 07:00:00,2188,Entertainment,Cash,30000,No
2023-09-26 18:00:00,4057,Shopping,Card,100000,No
2023-09-29 16:00:00,1955,Transport,UPI,30000,No
2023-01-28 06:00:00,4039,Groceries,UPI,50000,No
2023-10-12 05:00:00,3535,Entertainment,UPI,70000,No
2023-04-12 22:00:00,4847,Transport,UPI,50000,No
2023-09-03 12:00:00,2170,Travel,UPI,30000,No
2023-12-17 12:00:00,2782,Shopping,UPI,100000,No
2023-06-02 18:00:00,2819,Groceries,UPI,70000,No
2023-06-28 05:00:00,1371,Travel,Card,50000,No
2023-07-03 10:00:00,3766,Transport,Card,50000,No
2023-04-18 01:00:00,3404,Entertainment,Net Banking,100000,No
2023-08-18 19:00:00,1578,Transport,UPI,50000,Yes
2024-01-19 13:00:00,4793,Transport,UPI,50000,No
2023-06-16 01:00:00,809,Shopping,Card,100000,No
2023-12-07 07:00:00,3462,Groceries,Card,30000,No
2023-11-07 08:00:00,1407,Travel,UPI,30000,No
2023-06-29 14:00:00,2240,Shopping,UPI,30000,No
2023-05-06 19:00:00,3531,Entertainment,Card,30000,No
2023-06-03 09:00:00,998,Groceries,Card,70000,No
2024-02-06 11:00:00,2129,Shopping,Net Banking,70000,Yes
2023-06-24 20:00:00,1816,Entertainment,Net Banking,100000,No
2023-01-24 20:00:00,77,Entertainment,UPI,100000,No
2024-02-01 20:00:00,2520,Travel,Card,100000,No
2023-07-18 01:00:00,2588,Transport,Net Banking,70000,Yes
2023-10-23 02:00:00,209,Entertainment,UPI,50000,No
2023-06-16 18:00:00,2942,Entertainment,Net Banking,70000,No
2023-08-23 13:00:00,4163,Transport,Net Banking,30000,Yes
2023-12-17 17:00:00,3772,Food,Net Banking,30000,No
2023-06-25 00:00:00,3781,Entertainment,Cash,50000,No
2023-03-25 05:00:00,2521,Groceries,UPI,100000,No
2024-01-09 11:00:00,4900,Shopping,Net Banking,70000,No
2023-11-06 06:00:00,1620,Transport,UPI,50000,Yes
2023-07-08 12:00:00,886,Transport,UPI,50000,No
2023-12-26 09:00:00,3988,Transport,Card,70000,No
2023-05-22 23:00:00,2336,Groceries,UPI,50000,No
2023-10-08 11:00:00,3455,Transport,Net Banking,100000,No
2023-11-21 19:00:00,2720,Groceries,UPI,70000,No
2024-01-13 09:00:00,4162,Travel,Card,70000,No
2023-04-27 09:00:00,4797,Food,Cash,50000,No
2023-11-02 14:00:00,4405,Transport,Cash,100000,No
2023-05-02 07:00:00,1677,Food,Card,100000,No
2023-11-28 08:00:00,1916,Transport,Net Banking,30000,No
2023-04-11 15:00:00,254,Groceries,Net Banking,70000,Yes
2023-01-11 10:00:00,3629,Shopping,Net Banking,30000,Yes
2023-07-26 07:00:00,3224,Food,UPI,100000,No
2023-12-04 10:00:00,841,Food,Cash,100000,Yes
2023-08-09 09:00:00,4142,Groceries,Net Banking,30000,Yes
2023-12-04 14:00:00,3797,Food,Cash,70000,No
2023-10-30 09:00:00,1155,Travel,Card,30000,No
2023-08-20 21:00:00,1140,Groceries,Cash,100000,No
2023-09-26 05:00:00,1657,Food,Net Banking,100000,No
2024-01-15 14:00:00,1889,Food,Cash,50000,No
2023-02-18 21:00:00,3447,Food,Card,50000,No
2023-12-26 08:00:00,116,Groceries,Cash,30000,No
2023-02-04 19:00:00,4829,Shopping,UPI,50000,No
2023-04-05 06:00:00,1328,Entertainment,Card,100000,Yes
2024-01-14 17:00:00,4208,Transport,UPI,70000,No
2023-07-10 07:00:00,863,Food,UPI,70000,No
2023-06-08 23:00:00,452,Entertainment,Net Banking,30000,No
2023-01-11 06:00:00,2052,Entertainment,Net Banking,50000,No
2023-04-12 05:00:00,4216,Food,Card,30000,No
2024-01-18 14:00:00,2975,Food,Net Banking,50000,No
2024-01-15 22:00:00,3043,Transport,Cash,70000,No
2023-08-09 07:00:00,1136,Entertainment,Card,50000,No
2023-04-19 15:00:00,4390,Shopping,Net Banking,50000,No
2024-01-22 02:00:00,2616,Entertainment,Net Banking,30000,No
2023-09-05 02:00:00,4538,Shopping,Cash,70000,No
2023-06-17 14:00:00,821,Travel,UPI,50000,Yes
2023-07-19 08:00:00,3722,Shopping,Cash,70000,Yes
2023-10-03 17:00:00,3298,Transport,UPI,50000,Yes
2023-05-12 07:00:00,1719,Groceries,Net Banking,70000,Yes
2023-08-21 12:00:00,1606,Food,UPI,50000,No
2023-10-21 22:00:00,3008,Travel,UPI,100000,No
2023-11-18 02:00:00,1201,Entertainment,Net Banking,70000,No
2023-11-14 11:00:00,1267,Shopping,Card,100000,No
2023-07-10 13:00:00,2281,Travel,Cash,100000,No
2023-05-26 11:00:00,4392,Groceries,Net Banking,100000,No
2023-01-30 10:00:00,3994,Shopping,Cash,50000,No
2023-10-19 13:00:00,2092,Transport,Cash,70000,No
2023-08-07 01:00:00,755,Entertainment,UPI,50000,No
2024-01-08 17:00:00,2719,Entertainment,Net Banking,50000,No
2023-08-28 19:00:00,2163,Shopping,Card,70000,Yes
2023-10-18 00:00:00,3027,Groceries,Cash,30000,No
2024-01-01 19:00:00,4399,Food,Cash,50000,No
2023-02-25 14:00:00,4428,Food,Card,100000,Yes
2023-08-21 20:00:00,472,Entertainment,Cash,50000,No
2023-03-18 23:00:00,2071,Groceries,Net Banking,30000,Yes
2023-10-13 11:00:00,3843,Entertainment,Card,100000,No
2023-10-28 11:00:00,4181,Food,Net Banking,50000,No
2023-11-24 17:00:00,580,Entertainment,Card,70000,Yes
2023-05-19 05:00:00,140,Shopping,Cash,100000,No
2023-10-11 19:00:00,3422,Transport,Card,30000,No
2023-01-07 20:00:00,1992,Shopping,Net Banking,50000,Yes
2023-10-22 04:00:00,3855,Transport,Card,70000,Yes
2023-05-08 09:00:00,1290,Groceries,Cash,100000,No
2023-07-04 12:00:00,1808,Food,UPI,100000,No
2023-01-17 18:00:00,147,Groceries,Cash,70000,No
2023-12-25 13:00:00,1529,Groceries,Cash,30000,No
2023-12-10 04:00:00,4676,Food,UPI,100000,No
2023-09-22 13:00:00,1882,Travel,Card,30000,No
2023-06-23 05:00:00,2635,Travel,Cash,30000,No
2023-02-06 03:00:00,3697,Entertainment,UPI,70000,Yes
2023-12-09 02:00:00,129,Travel,Net Banking,100000,No
2023-01-16 04:00:00,4759,Shopping,UPI,50000,Yes
2023-11-08 03:00:00,2273,Transport,Cash,70000,No
2023-10-01 19:00:00,2619,Groceries,Net Banking,70000,No
2023-01-25 03:00:00,1822,Entertainment,Cash,30000,No
2023-11-16 18:00:00,4568,Groceries,UPI,50000,Yes
2023-12-31 01:00:00,1173,Food,Net Banking,70000,No
2023-09-27 12:00:00,3861,Travel,Cash,30000,No
2023-06-22 22:00:00,3524,Food,UPI,100000,No
2023-05-07 15:00:00,2673,Entertainment,Net Banking,30000,Yes
2023-06-22 09:00:00,1453,Transport,Cash,50000,No
2023-01-19 20:00:00,2628,Shopping,UPI,50000,No
2023-09-30 09:00:00,381,Travel,Cash,30000,Yes
2023-02-27 13:00:00,4798,Food,Cash,100000,No
2023-12-06 18:00:00,3658,Transport,Cash,50000,No
2023-03-03 03:00:00,789,Travel,Card,50000,No
2023-04-25 02:00:00,4656,Groceries,Cash,100000,No
2023-11-12 12:00:00,91,Shopping,Net Banking,70000,No
2024-01-28 00:00:00,3928,Transport,UPI,50000,Yes
2023-10-09 03:00:00,1999,Travel,UPI,30000,No
2023-02-06 16:00:00,3510,Shopping,Card,100000,No
2023-05-12 05:00:00,2178,Transport,Card,50000,No
2023-12-11 20:00:00,4547,Groceries,Card,70000,No
2023-11-25 20:00:00,2204,Groceries,Cash,50000,No
2023-06-22 16:00:00,1287,Food,Cash,70000,No
2023-02-18 16:00:00,1816,Entertainment,Net Banking,50000,No
2023-05-11 09:00:00,1891,Food,UPI,50000,No
2023-06-01 21:00:00,555,Shopping,UPI,30000,No
2023-04-16 06:00:00,1891,Food,Cash,100000,No
2023-05-27 12:00:00,4865,Transport,UPI,100000,No
2023-05-21 07:00:00,1444,Travel,Cash,30000,No
2023-11-02 18:00:00,306,Transport,Card,100000,No
2023-05-29 03:00:00,1770,Food,Cash,100000,Yes
2023-08-01 23:00:00,1121,Entertainment,Net Banking,100000,No
2023-10-09 08:00:00,1672,Transport,Cash,50000,Yes
2023-01-19 13:00:00,2116,Transport,Cash,50000,No
2023-09-23 04:00:00,1119,Transport,UPI,70000,No
2023-06-01 02:00:00,500,Entertainment,Cash,70000,No
2023-06-17 08:00:00,947,Transport,Net Banking,100000,No
2023-06-11 11:00:00,4886,Shopping,Cash,100000,No
2023-08-18 01:00:00,3778,Groceries,Cash,100000,No
2023-09-17 22:00:00,131,Entertainment,Card,30000,No
2023-01-11 21:00:00,786,Shopping,Cash,50000,No
2023-07-28 00:00:00,4224,Entertainment,Cash,100000,No
2023-06-17 17:00:00,3994,Entertainment,Cash,100000,Yes
2023-12-12 03:00:00,2257,Groceries,Net Banking,50000,No
2023-06-25 22:00:00,3998,Travel,UPI,70000,Yes
2023-06-23 23:00:00,2052,Shopping,Card,100000,No
2024-01-18 06:00:00,1741,Entertainment,Card,100000,No
2023-05-24 11:00:00,1229,Entertainment,Cash,100000,Yes
2023-07-28 19:00:00,2985,Food,Cash,100000,No
2023-01-29 21:00:00,2565,Transport,UPI,50000,No
2023-12-14 19:00:00,4998,Travel,Cash,50000,No
2023-03-17 12:00:00,511,Groceries,Net Banking,50000,No
2023-08-27 12:00:00,2951,Shopping,UPI,70000,No
2023-02-28 15:00:00,166,Entertainment,Cash,100000,Yes
2023-12-01 16:00:00,1704,Transport,UPI,70000,No
2024-01-28 00:00:00,4611,Shopping,Card,70000,Yes
2023-02-28 18:00:00,1848,Groceries,Cash,50000,No
2023-05-26 17:00:00,709,Travel,UPI,100000,No
2023-07-02 04:00:00,3287,Food,UPI,100000,No
2023-11-05 02:00:00,2172,Travel,Cash,70000,No
2023-01-23 23:00:00,3869,Food,UPI,30000,No
2024-01-26 08:00:00,3393,Shopping,Cash,30000,No
2023-06-30 12:00:00,2600,Travel,Cash,100000,No
2023-02-11 13:00:00,4940,Travel,Net Banking,100000,No
2023-06-19 20:00:00,1636,Travel,Net Banking,70000,No
2023-09-12 03:00:00,4732,Groceries,UPI,70000,Yes
2023-08-20 11:00:00,2797,Shopping,UPI,50000,No
2023-06-18 20:00:00,684,Food,UPI,70000,No
2023-08-09 23:00:00,2932,Travel,Card,70000,Yes
2023-12-05 06:00:00,2861,Shopping,Cash,30000,No
2023-09-12 06:00:00,4503,Transport,Cash,30000,Yes
2023-08-17 18:00:00,4065,Groceries,Card,30000,No
2023-12-23 20:00:00,2789,Groceries,Card,30000,No
2023-08-23 00:00:00,1934,Transport,UPI,70000,No
2023-04-04 16:00:00,1568,Shopping,Cash,100000,No
2023-02-05 08:00:00,671,Food,Net Banking,30000,No
2023-09-22 18:00:00,4627,Shopping,Net Banking,50000,No
2023-12-29 07:00:00,1587,Shopping,Card,50000,No
2023-12-03 06:00:00,2387,Entertainment,Card,70000,Yes
2024-01-06 14:00:00,2044,Groceries,Cash,50000,No
2023-06-01 01:00:00,2120,Food,Cash,30000,Yes
2023-01-14 02:00:00,4951,Entertainment,Net Banking,100000,No
2023-04-10 00:00:00,4980,Transport,Cash,100000,No
2024-01-20 16:00:00,2415,Shopping,UPI,30000,No
2023-07-02 10:00:00,2895,Transport,Card,50000,No
2023-12-19 01:00:00,3088,Groceries,Net Banking,70000,No
2023-01-24 22:00:00,904,Entertainment,Net Banking,100000,No
2024-02-11 00:00:00,2778,Entertainment,UPI,30000,No
2023-08-21 17:00:00,965,Food,Cash,30000,No
2023-08-17 20:00:00,4988,Shopping,Cash,50000,No
2024-01-08 21:00:00,181,Food,Card,70000,No
2023-04-28 02:00:00,1166,Entertainment,UPI,70000,No
2023-12-05 22:00:00,3643,Entertainment,Net Banking,50000,No
2024-01-23 08:00:00,910,Food,UPI,30000,No
2023-08-25 06:00:00,343,Entertainment,Net Banking,50000,No
2023-11-18 11:00:00,2738,Travel,UPI,50000,No
2023-10-01 15:00:00,1049,Groceries,Cash,50000,No
2023-05-25 03:00:00,2346,Shopping,Net Banking,30000,No
2023-09-12 21:00:00,3735,Groceries,Card,100000,No
2023-06-16 08:00:00,336,Shopping,UPI,30000,No
2023-11-23 13:00:00,499,Entertainment,Cash,100000,No
2023-01-09 11:00:00,2388,Food,Net Banking,100000,Yes
2023-04-26 15:00:00,3290,Food,Cash,50000,Yes
2023-03-25 00:00:00,2753,Entertainment,UPI,70000,No
2023-04-04 11:00:00,3166,Shopping,Card,50000,Yes
2023-12-21 02:00:00,4621,Entertainment,Card,30000,No
2023-03-12 07:00:00,302,Shopping,UPI,70000,No
2023-06-21 05:00:00,1469,Entertainment,Net Banking,70000,No
2023-03-19 12:00:00,2386,Entertainment,Cash,30000,No
2023-08-04 16:00:00,1285,Entertainment,Cash,30000,No
2023-01-31 02:00:00,1049,Food,Net Banking,50000,No
2024-01-09 19:00:00,3810,Shopping,UPI,30000,No
2023-12-30 08:00:00,4166,Transport,Cash,100000,Yes
2023-07-23 21:00:00,4461,Entertainment,Cash,100000,No
2023-01-15 07:00:00,2661,Groceries,UPI,70000,No
2023-08-13 22:00:00,1496,Groceries,Cash,50000,No
2023-12-17 00:00:00,2220,Food,Net Banking,50000,No
2023-07-17 08:00:00,2971,Travel,Net Banking,70000,No
2023-05-22 22:00:00,3733,Transport,UPI,30000,No
2024-01-31 23:00:00,2311,Food,UPI,50000,No
2023-02-08 07:00:00,1995,Travel,Net Banking,70000,No
2023-08-31 11:00:00,4984,Food,UPI,70000,No
2023-03-27 04:00:00,1903,Groceries,Net Banking,100000,No
2023-01-18 10:00:00,649,Entertainment,Net Banking,70000,Yes
2023-03-14 21:00:00,4937,Shopping,Net Banking,30000,No
2023-11-04 10:00:00,4185,Entertainment,Cash,30000,Yes
2023-02-15 19:00:00,3453,Groceries,UPI,30000,Yes
2023-05-22 08:00:00,3040,Shopping,Cash,30000,No
2023-04-26 12:00:00,4793,Travel,UPI,70000,No
2023-10-10 16:00:00,4327,Travel,Card,50000,No
2023-03-06 09:00:00,4410,Groceries,Cash,70000,No
2023-02-14 14:00:00,2868,Shopping,Cash,50000,No
2023-09-29 18:00:00,912,Entertainment,Cash,50000,No
2023-03-19 02:00:00,4577,Groceries,Card,50000,No
2023-07-30 13:00:00,4105,Travel,UPI,100000,Yes
2023-05-03 11:00:00,1269,Groceries,Card,30000,Yes
2023-10-27 18:00:00,3845,Entertainment,UPI,100000,No
2023-09-01 19:00:00,4654,Food,UPI,70000,No
2023-10-06 01:00:00,4592,Transport,UPI,100000,No
2023-01-29 06:00:00,577,Transport,UPI,50000,No
2023-02-11 04:00:00,2972,Transport,UPI,70000,No
2024-02-13 07:00:00,3254,Food,Card,30000,No
2023-03-04 14:00:00,1212,Entertainment,Cash,50000,No
2023-03-16 13:00:00,4814,Shopping,Card,30000,No
2023-08-09 01:00:00,3614,Groceries,Cash,100000,Yes
2023-07-29 11:00:00,896,Entertainment,Cash,30000,No
2023-03-01 09:00:00,2167,Food,Net Banking,70000,No
2023-10-05 06:00:00,3136,Travel,Cash,50000,No
2023-04-12 16:00:00,1820,Transport,Card,30000,No
2023-10-13 16:00:00,3333,Transport,Net Banking,100000,No
2023-11-03 23:00:00,1875,Entertainment,UPI,70000,No
2024-01-30 14:00:00,3373,Transport,UPI,50000,No
2023-04-19 02:00:00,495,Transport,Cash,100000,No
2023-07-15 09:00:00,1075,Entertainment,UPI,50000,Yes
2023-04-12 12:00:00,1821,Entertainment,UPI,30000,No
2023-08-18 21:00:00,1409,Food,Net Banking,100000,No
2024-01-20 03:00:00,68,Food,Card,100000,No
2023-09-20 22:00:00,610,Transport,UPI,30000,No
2023-05-28 11:00:00,521,Entertainment,UPI,100000,Yes
2023-05-26 03:00:00,77,Entertainment,Card,100000,No
2023-11-04 03:00:00,609,Transport,Net Banking,100000,No
2023-04-04 09:00:00,2705,Shopping,Net Banking,30000,No
2023-09-23 18:00:00,3286,Travel,UPI,30000,No
2023-04-26 05:00:00,4603,Groceries,Cash,50000,No
2024-01-26 05:00:00,994,Groceries,Card,30000,No
2023-07-24 15:00:00,3998,Transport,Net Banking,100000,No
2023-01-17 19:00:00,3706,Groceries,UPI,30000,No
2023-05-21 22:00:00,3113,Food,Net Banking,100000,No
2023-06-23 11:00:00,2029,Food,UPI,100000,No
2023-11-14 22:00:00,2766,Shopping,Card,100000,No
2023-01-04 15:00:00,4971,Transport,Cash,30000,Yes
2024-01-25 14:00:00,865,Food,Card,100000,No
2023-08-31 08:00:00,2376,Transport,Net Banking,50000,No
2023-08-16 22:00:00,2380,Transport,Net Banking,70000,No
2023-09-19 12:00:00,1052,Entertainment,Net Banking,70000,No
2023-08-28 03:00:00,1592,Travel,Cash,50000,No
2023-06-28 01:00:00,4254,Travel,Card,70000,No
2024-02-03 21:00:00,1279,Transport,UPI,50000,No
2023-09-29 19:00:00,3355,Travel,Card,30000,No
2023-07-28 11:00:00,2579,Travel,Card,70000,Yes
2023-12-01 22:00:00,1480,Groceries,Cash,50000,No
2023-10-03 06:00:00,3962,Groceries,Card,50000,No
2023-03-28 00:00:00,1582,Entertainment,Net Banking,100000,No
2023-08-10 11:00:00,1942,Shopping,Cash,30000,No
2023-01-14 05:00:00,3174,Food,Net Banking,50000,Yes
2023-03-04 14:00:00,1471,Food,Net Banking,70000,No
2023-09-13 10:00:00,440,Groceries,Card,100000,No
2023-11-06 03:00:00,2868,Transport,UPI,100000,No
2023-03-27 02:00:00,1919,Travel,Card,100000,No
2023-07-11 14:00:00,3010,Entertainment,UPI,30000,Yes
2023-01-05 22:00:00,1245,Shopping,Cash,50000,No
2023-01-30 13:00:00,2655,Groceries,Cash,30000,No
2023-05-29 05:00:00,907,Transport,Cash,50000,No
2023-05-16 10:00:00,3277,Entertainment,Net Banking,100000,No
2023-12-02 21:00:00,1566,Transport,Net Banking,70000,Yes
2023-12-25 17:00:00,1203,Entertainment,Cash,70000,No
2023-04-19 11:00:00,892,Groceries,Card,30000,Yes
2023-02-15 21:00:00,1732,Entertainment,Net Banking,100000,No
2023-07-04 05:00:00,344,Travel,Net Banking,50000,Yes
2023-11-24 09:00:00,694,Entertainment,Card,30000,Yes
2023-12-07 17:00:00,3683,Shopping,Net Banking,100000,No
2023-09-11 10:00:00,2185,Entertainment,Card,30000,No
2023-10-05 10:00:00,160,Food,UPI,70000,No
2023-04-05 05:00:00,633,Entertainment,Card,100000,No
2023-12-01 05:00:00,3275,Transport,UPI,30000,Yes
2023-01-22 04:00:00,1536,Groceries,Net Banking,50000,No
2023-04-10 03:00:00,4914,Food,UPI,70000,No
2024-01-05 23:00:00,1698,Groceries,Card,50000,No
2023-07-18 00:00:00,2431,Transport,UPI,30000,No
2024-01-31 04:00:00,155,Shopping,Cash,100000,No
2023-08-17 23:00:00,3603,Travel,Card,70000,No
2023-05-14 17:00:00,1744,Shopping,Card,50000,No
2023-11-05 06:00:00,1783,Food,UPI,50000,No
2023-10-08 23:00:00,431,Transport,Net Banking,100000,No
2023-08-24 08:00:00,2786,Transport,Net Banking,30000,No
2023-08-04 11:00:00,4406,Travel,Card,50000,No
2023-11-25 18:00:00,1366,Entertainment,Card,30000,No
2023-01-14 12:00:00,2752,Food,UPI,30000,No
2023-05-29 05:00:00,4965,Travel,Card,30000,No
2023-05-30 11:00:00,4124,Groceries,Card,100000,No
2023-01-07 07:00:00,4854,Travel,Net Banking,30000,No
2023-02-09 18:00:00,956,Groceries,Card,70000,No
2023-07-01 10:00:00,712,Groceries,UPI,100000,No
2023-10-26 08:00:00,512,Transport,Card,50000,No
2024-01-26 23:00:00,2952,Travel,Card,100000,No
2023-01-29 15:00:00,4730,Transport,Card,50000,No
2023-12-21 05:00:00,992,Transport,Cash,70000,No
2024-02-08 22:00:00,207,Shopping,Card,30000,No
2023-05-11 07:00:00,3359,Shopping,UPI,30000,No
2023-10-09 19:00:00,1376,Transport,Net Banking,30000,No
2023-05-22 11:00:00,2767,Transport,Net Banking,30000,No
2024-01-11 05:00:00,2718,Groceries,Cash,100000,No
2023-02-05 05:00:00,2618,Transport,UPI,70000,No
2023-02-18 12:00:00,3442,Food,Net Banking,50000,Yes
2023-09-04 00:00:00,2156,Travel,Net Banking,100000,No
2024-02-19 23:00:00,4849,Food,Card,30000,No
2023-08-12 08:00:00,697,Shopping,Card,30000,No
2023-01-15 18:00:00,3372,Food,Card,30000,No
2023-03-20 00:00:00,2988,Entertainment,Cash,50000,No
2023-03-26 08:00:00,2533,Entertainment,Card,50000,No
2023-04-28 09:00:00,4291,Shopping,UPI,100000,No
2023-06-09 16:00:00,2956,Food,Cash,70000,Yes
2023-12-11 01:00:00,3075,Travel,Net Banking,50000,No
2023-04-18 13:00:00,1425,Shopping,Net Banking,100000,No
2024-02-04 06:00:00,1873,Entertainment,UPI,50000,No
2024-01-24 10:00:00,294,Shopping,UPI,100000,Yes
2023-04-14 14:00:00,2398,Food,Net Banking,30000,Yes
2024-01-12 02:00:00,917,Food,UPI,50000,No
2023-12-17 18:00:00,2911,Food,UPI,30000,No
2023-04-12 19:00:00,529,Groceries,UPI,70000,No
2024-01-07 15:00:00,2512,Food,Card,30000,No
2023-02-13 04:00:00,1985,Transport,Net Banking,70000,No
2023-12-28 20:00:00,3423,Entertainment,UPI,50000,No
2023-11-06 19:00:00,3071,Entertainment,UPI,70000,No
2023-03-06 12:00:00,3242,Groceries,Card,30000,No
2024-01-24 23:00:00,137,Entertainment,Net Banking,50000,No
2023-07-31 01:00:00,1290,Entertainment,Cash,100000,Yes
2023-09-28 16:00:00,622,Shopping,Net Banking,50000,No
2023-09-15 15:00:00,863,Food,Net Banking,100000,No
2023-06-14 21:00:00,228,Transport,Net Banking,30000,No
2023-05-22 23:00:00,1775,Transport,Card,50000,No
2023-01-27 15:00:00,212,Shopping,Net Banking,100000,No
2023-01-08 04:00:00,2690,Transport,Cash,30000,No
2023-08-25 02:00:00,1055,Shopping,UPI,70000,No
2023-07-01 10:00:00,2398,Transport,Net Banking,100000,No
2023-06-14 23:00:00,2471,Entertainment,Card,70000,No
2023-12-29 20:00:00,2805,Travel,Net Banking,50000,No
2023-12-30 02:00:00,4348,Food,Net Banking,100000,No
2023-05-01 06:00:00,4192,Travel,Cash,30000,No
2023-04-01 04:00:00,4608,Entertainment,Cash,30000,No
2023-06-14 09:00:00,3791,Groceries,Card,70000,No
2023-08-07 03:00:00,4553,Shopping,Card,30000,No
2023-11-19 18:00:00,1267,Transport,Card,50000,No
2023-04-18 22:00:00,2524,Transport,Card,50000,No
2023-11-20 02:00:00,979,Entertainment,Card,70000,No
2023-07-25 14:00:00,366,Transport,UPI,100000,No
2023-06-19 20:00:00,1552,Entertainment,UPI,30000,Yes
2023-08-05 01:00:00,470,Travel,Card,50000,No
2023-02-15 13:00:00,4408,Groceries,Card,100000,No
2023-06-11 16:00:00,1499,Shopping,UPI,50000,No
2023-10-01 07:00:00,477,Transport,Cash,50000,No
2023-04-27 01:00:00,446,Groceries,UPI,100000,Yes
2023-09-10 17:00:00,845,Groceries,Card,100000,No
2023-09-30 11:00:00,156,Groceries,Cash,30000,No
2023-03-07 14:00:00,4099,Food,Card,70000,No
2023-08-25 12:00:00,147,Groceries,Net Banking,70000,No
2023-12-02 20:00:00,1953,Entertainment,Cash,50000,Yes
2023-06-16 06:00:00,3620,Food,Card,70000,No
2023-08-06 02:00:00,3351,Food,UPI,50000,Yes
2023-07-21 21:00:00,92,Groceries,Card,100000,Yes
2024-01-22 21:00:00,1627,Transport,UPI,50000,No
2023-02-19 13:00:00,4240,Transport,Cash,30000,No
2023-04-23 01:00:00,4333,Transport,UPI,50000,No
2023-06-20 15:00:00,434,Transport,Cash,50000,No
2023-03-20 03:00:00,4964,Entertainment,Card,30000,No
2023-11-20 16:00:00,3521,Transport,UPI,30000,No
2023-05-22 22:00:00,3627,Shopping,Cash,70000,Yes
2024-02-20 19:00:00,3288,Groceries,Cash,100000,No
2023-06-13 20:00:00,1746,Food,Cash,100000,Yes
2024-02-13 07:00:00,2184,Shopping,Net Banking,30000,No
2023-12-10 08:00:00,3942,Transport,Cash,100000,Yes
2023-08-14 08:00:00,2586,Shopping,Card,50000,Yes
2023-06-10 21:00:00,4371,Food,Card,100000,Yes
2023-11-05 14:00:00,2442,Transport,Card,30000,No
2023-04-29 01:00:00,4663,Shopping,Cash,100000,No
2023-08-09 05:00:00,3865,Entertainment,Card,30000,No
2024-02-04 13:00:00,345,Entertainment,Cash,70000,No
2023-11-15 13:00:00,463,Groceries,Cash,30000,Yes
2024-01-11 23:00:00,2045,Groceries,Cash,50000,Yes
2023-07-19 01:00:00,53,Shopping,Net Banking,50000,No
2023-04-24 23:00:00,227,Food,UPI,50000,No
2023-12-11 17:00:00,795,Entertainment,Card,30000,No
2023-12-11 22:00:00,4404,Travel,Net Banking,30000,No
2023-09-23 08:00:00,701,Groceries,Card,50000,No
2023-02-04 05:00:00,3939,Entertainment,Net Banking,100000,No
2023-11-10 13:00:00,3321,Transport,UPI,30000,No
2023-01-07 18:00:00,2532,Shopping,UPI,100000,No
2023-11-21 01:00:00,339,Entertainment,UPI,70000,No
2023-03-22 12:00:00,852,Entertainment,UPI,70000,No
2023-05-28 07:00:00,2580,Shopping,Cash,70000,No
2023-09-06 04:00:00,283,Groceries,Card,70000,No
2023-05-24 14:00:00,457,Groceries,Card,50000,No
2023-04-27 06:00:00,743,Travel,Card,30000,No
2023-04-23 19:00:00,1219,Travel,Cash,70000,No
2023-11-28 15:00:00,4707,Groceries,Card,50000,No
2023-06-13 21:00:00,2527,Groceries,UPI,70000,Yes
2023-05-22 01:00:00,481,Groceries,Card,30000,No
2023-10-04 12:00:00,2594,Groceries,Card,70000,No
2023-02-08 10:00:00,1032,Entertainment,Net Banking,70000,No
2023-12-04 01:00:00,3210,Travel,Cash,100000,No
2024-02-12 06:00:00,3094,Shopping,UPI,100000,No
2023-01-24 12:00:00,3974,Food,UPI,100000,No
2023-05-16 18:00:00,3362,Shopping,UPI,100000,No
2023-04-15 04:00:00,4923,Transport,Card,70000,No
2023-07-10 06:00:00,4368,Food,UPI,70000,No
2024-01-18 11:00:00,1738,Entertainment,UPI,100000,Yes
2023-10-14 17:00:00,517,Transport,Net Banking,30000,No
2023-06-01 12:00:00,2666,Travel,Card,50000,No
2023-09-09 06:00:00,1395,Food,Net Banking,70000,No
2023-01-10 07:00:00,2472,Groceries,Cash,100000,No
2023-09-20 09:00:00,4557,Transport,Card,50000,No
2023-01-15 14:00:00,4771,Entertainment,Net Banking,100000,No
2023-11-01 18:00:00,1061,Food,Cash,100000,No
2023-03-22 08:00:00,1727,Groceries,Net Banking,30000,Yes
2023-11-19 15:00:00,3747,Transport,Cash,30000,No
2023-12-22 20:00:00,4947,Entertainment,UPI,70000,Yes
2023-07-17 04:00:00,4116,Transport,UPI,100000,No
2023-02-12 09:00:00,1942,Food,Card,50000,No
2023-04-03 18:00:00,2919,Groceries,Net Banking,70000,No
2023-10-28 06:00:00,4400,Travel,Net Banking,30000,No
2023-10-26 18:00:00,1536,Entertainment,Cash,70000,No
2023-09-16 15:00:00,3389,Food,Card,70000,No
2023-04-11 19:00:00,1466,Groceries,UPI,100000,No
2023-09-18 00:00:00,4907,Travel,Net Banking,50000,Yes
2023-03-20 21:00:00,2896,Transport,Cash,30000,Yes
2023-08-10 18:00:00,1407,Groceries,UPI,70000,No
2023-11-18 14:00:00,4110,Travel,UPI,70000,No
2023-10-14 14:00:00,4710,Food,UPI,100000,No
2023-02-16 21:00:00,1441,Groceries,Cash,70000,No
2023-05-10 21:00:00,1628,Groceries,Cash,50000,Yes
2023-06-23 09:00:00,3799,Shopping,UPI,100000,Yes
2023-06-18 10:00:00,3675,Entertainment,Cash,30000,No
2023-07-04 17:00:00,2553,Groceries,UPI,70000,No
2023-12-26 22:00:00,3187,Travel,UPI,70000,No
2023-04-21 18:00:00,2959,Entertainment,UPI,100000,No
2023-05-26 03:00:00,2714,Food,Cash,70000,Yes
2023-05-03 16:00:00,449,Entertainment,Card,30000,No
2023-10-28 10:00:00,4432,Shopping,Card,50000,No
2023-11-15 21:00:00,4007,Food,Cash,50000,No
2024-01-02 03:00:00,2283,Groceries,Net Banking,100000,No
2023-03-24 18:00:00,1589,Transport,Cash,70000,Yes
2023-02-14 18:00:00,286,Food,Net Banking,100000,No
2023-06-29 09:00:00,4960,Food,UPI,100000,No
2023-05-06 07:00:00,977,Shopping,Net Banking,100000,No
2023-02-10 09:00:00,4559,Travel,UPI,100000,No
2024-01-01 12:00:00,469,Food,Card,100000,No
2023-04-28 16:00:00,4174,Travel,UPI,70000,No
2023-02-20 11:00:00,2445,Entertainment,Net Banking,50000,No
2023-01-10 13:00:00,710,Transport,Card,50000,No
2023-06-28 12:00:00,2673,Shopping,Card,50000,No
2023-05-13 17:00:00,4000,Groceries,Cash,70000,No
2023-01-21 21:00:00,499,Food,Net Banking,70000,No
2023-01-03 00:00:00,429,Transport,Net Banking,100000,No
2023-05-29 14:00:00,1300,Transport,Cash,50000,No
2023-05-08 07:00:00,2509,Travel,Cash,100000,No
2024-01-06 00:00:00,3048,Food,Card,50000,No
2023-01-17 02:00:00,4501,Transport,Cash,30000,No
2023-02-10 09:00:00,2351,Shopping,Card,70000,No
2024-01-19 05:00:00,776,Groceries,Net Banking,30000,Yes
2023-08-31 12:00:00,1517,Entertainment,Cash,50000,No
2023-05-08 04:00:00,2778,Entertainment,Net Banking,100000,No
2023-11-05 05:00:00,3202,Travel,Card,70000,No
2023-04-06 22:00:00,3570,Transport,UPI,70000,No
2023-04-06 03:00:00,4955,Entertainment,UPI,100000,No
2024-02-13 07:00:00,3404,Travel,Net Banking,30000,No
2023-07-01 22:00:00,465,Groceries,Card,30000,Yes
2023-01-06 02:00:00,649,Food,Card,30000,No
2023-10-11 07:00:00,3124,Shopping,UPI,30000,No
2024-01-30 16:00:00,4224,Groceries,Card,70000,Yes
2023-06-05 07:00:00,1617,Groceries,Card,50000,No
2023-12-19 02:00:00,1144,Entertainment,Net Banking,100000,Yes
2024-01-16 19:00:00,2993,Entertainment,UPI,50000,No
2023-07-26 14:00:00,4203,Shopping,Card,50000,Yes
2023-01-22 20:00:00,1497,Food,Net Banking,30000,No
2024-01-14 07:00:00,1542,Groceries,Cash,50000,No
2023-12-16 23:00:00,2721,Transport,UPI,30000,No
2023-01-07 04:00:00,1508,Entertainment,Net Banking,30000,No
2023-11-30 09:00:00,1258,Groceries,Cash,50000,No
2023-01-19 05:00:00,4984,Food,Card,100000,No
2023-06-06 05:00:00,2262,Travel,Card,50000,No
2023-12-08 02:00:00,1404,Food,Cash,50000,Yes
2023-07-05 13:00:00,262,Groceries,Net Banking,70000,No
2023-08-11 08:00:00,3944,Groceries,Card,30000,Yes
2023-07-09 15:00:00,4652,Shopping,Card,70000,No
2023-04-28 15:00:00,3013,Groceries,Net Banking,100000,No
2023-08-27 16:00:00,2898,Entertainment,Net Banking,50000,Yes
2023-12-28 13:00:00,3092,Transport,Cash,70000,No
2023-12-16 15:00:00,3084,Shopping,Card,70000,Yes
2023-03-24 14:00:00,1782,Groceries,Net Banking,50000,Yes
2023-10-19 12:00:00,3131,Food,UPI,50000,No
2024-02-07 15:00:00,1320,Groceries,Cash,30000,No
2023-04-07 07:00:00,4918,Food,Cash,30000,Yes
2023-10-29 01:00:00,1579,Food,Cash,70000,No
2024-02-09 17:00:00,1131,Groceries,Cash,50000,No
2023-01-26 04:00:00,3581,Food,UPI,30000,Yes
2023-12-07 15:00:00,1201,Transport,Cash,30000,No
2023-08-30 01:00:00,1772,Travel,Cash,100000,No
2024-02-05 09:00:00,766,Shopping,Net Banking,70000,No
2023-07-11 13:00:00,4249,Groceries,Card,70000,Yes
2023-11-20 07:00:00,2240,Travel,Cash,70000,No
2023-11-10 20:00:00,254,Food,Net Banking,50000,No
2023-12-31 04:00:00,3879,Food,Net Banking,100000,No
2023-02-04 22:00:00,3159,Shopping,Card,30000,No
2023-06-08 23:00:00,4144,Travel,Net Banking,100000,No
2023-02-05 07:00:00,1382,Travel,Net Banking,30000,Yes
2023-07-16 05:00:00,2098,Groceries,Cash,30000,No
2023-07-07 19:00:00,1899,Food,Cash,100000,Yes
2023-10-01 23:00:00,4892,Entertainment,Net Banking,70000,No
2023-07-18 21:00:00,1287,Groceries,UPI,50000,Yes
2023-07-06 04:00:00,2068,Groceries,Card,100000,No
2023-08-05 08:00:00,567,Groceries,Net Banking,70000,Yes
2023-05-19 08:00:00,1488,Shopping,Net Banking,70000,No
2023-07-15 18:00:00,4136,Shopping,UPI,50000,No
2023-06-29 15:00:00,2102,Groceries,Card,50000,No
2023-06-03 01:00:00,4418,Transport,Net Banking,70000,No
2023-03-07 04:00:00,4567,Entertainment,Net Banking,50000,No
2023-03-18 16:00:00,2362,Travel,Cash,70000,Yes
2023-09-10 10:00:00,2309,Travel,Net Banking,30000,Yes
2023-10-25 03:00:00,3199,Food,UPI,50000,No
2023-01-31 06:00:00,831,Travel,Net Banking,30000,No
2024-01-29 04:00:00,2763,Travel,Card,50000,Yes
2023-10-07 01:00:00,1294,Entertainment,Card,70000,No
2024-01-21 17:00:00,2466,Travel,UPI,70000,No
2023-01-12 18:00:00,1025,Entertainment,Net Banking,70000,No
2023-02-15 01:00:00,3541,Shopping,Net Banking,70000,Yes
2023-06-11 21:00:00,3475,Entertainment,Net Banking,70000,Yes
2023-05-01 01:00:00,466,Shopping,Net Banking,70000,No
2023-05-04 18:00:00,264,Entertainment,Net Banking,50000,No
2024-01-25 08:00:00,4028,Groceries,Card,50000,No
2023-10-19 01:00:00,1185,Transport,Cash,30000,No
2023-02-09 11:00:00,3825,Shopping,Card,100000,No
2023-07-18 08:00:00,1632,Shopping,Cash,50000,No
2024-02-17 21:00:00,4573,Travel,Card,50000,No
2023-01-03 18:00:00,782,Shopping,UPI,100000,No
2024-01-03 20:00:00,2796,Entertainment,Net Banking,100000,Yes
2023-12-21 09:00:00,2313,Groceries,Cash,30000,No
2023-01-24 12:00:00,4558,Groceries,Card,30000,No
2024-02-13 01:00:00,3854,Travel,Cash,70000,No
2024-01-11 17:00:00,2477,Entertainment,Net Banking,30000,Yes
2023-06-02 22:00:00,281,Entertainment,UPI,30000,No
2024-01-20 01:00:00,4980,Food,Net Banking,100000,No
2023-04-04 19:00:00,4403,Shopping,Card,50000,No
2023-02-03 12:00:00,452,Travel,Card,70000,Yes
2023-07-12 23:00:00,4915,Groceries,Cash,30000,No
2024-02-04 07:00:00,114,Transport,UPI,100000,No
2023-02-21 11:00:00,2287,Food,UPI,70000,No
2023-10-08 00:00:00,999,Entertainment,Card,70000,Yes
2023-10-15 18:00:00,222,Shopping,Cash,100000,No
2023-09-08 16:00:00,2725,Groceries,Net Banking,30000,No
2023-05-28 21:00:00,1300,Food,Net Banking,30000,No
2023-11-27 18:00:00,3098,Entertainment,Card,30000,Yes
2023-06-22 13:00:00,4055,Groceries,Card,30000,No
2023-10-18 06:00:00,687,Groceries,Net Banking,70000,No
2024-02-02 18:00:00,998,Entertainment,Net Banking,50000,No
2023-08-11 07:00:00,2310,Entertainment,Net Banking,70000,No
2023-07-31 13:00:00,1744,Travel,Cash,70000,No
2023-08-22 19:00:00,4897,Groceries,UPI,100000,No
2023-12-04 01:00:00,4807,Entertainment,Card,70000,No
2023-05-01 12:00:00,192,Transport,Card,30000,No
2023-08-21 09:00:00,4631,Transport,Cash,100000,No
2023-05-31 18:00:00,1510,Food,Net Banking,100000,No
2023-03-06 23:00:00,3937,Shopping,Cash,100000,No
2023-10-06 11:00:00,342,Transport,Net Banking,100000,Yes
2023-03-04 19:00:00,1693,Travel,Card,100000,No
2023-03-27 23:00:00,2768,Entertainment,UPI,30000,No
2023-06-01 18:00:00,887,Shopping,Cash,50000,Yes
2023-03-25 08:00:00,1087,Travel,Net Banking,50000,No
2023-02-23 22:00:00,321,Groceries,Card,100000,No
2023-06-19 09:00:00,2008,Shopping,UPI,50000,No
2023-11-30 22:00:00,2419,Transport,Cash,70000,No
2024-02-19 09:00:00,855,Travel,Cash,50000,No
2023-03-08 19:00:00,3224,Entertainment,Card,70000,No
2023-02-25 02:00:00,932,Entertainment,Cash,30000,Yes
2023-09-06 04:00:00,881,Travel,Card,100000,No
2023-04-12 17:00:00,3221,Groceries,Cash,70000,No
2023-02-15 18:00:00,2241,Transport,UPI,30000,No
2023-07-31 09:00:00,2090,Travel,UPI,30000,No
2024-02-09 01:00:00,1644,Food,Cash,100000,No
2024-01-24 06:00:00,1676,Travel,Card,50000,Yes
2023-12-20 16:00:00,3634,Travel,Net Banking,30000,No
2023-06-07 19:00:00,323,Transport,Cash,50000,No
2023-03-29 08:00:00,639,Entertainment,Net Banking,50000,No
2023-04-03 00:00:00,2750,Groceries,Card,50000,No
2023-09-07 12:00:00,632,Travel,Net Banking,70000,No
2023-01-08 07:00:00,3683,Shopping,Cash,50000,Yes
2023-10-26 17:00:00,2040,Entertainment,UPI,50000,Yes
2023-09-08 14:00:00,1308,Entertainment,Card,30000,No
2023-03-11 11:00:00,2916,Travel,UPI,100000,No
2024-01-05 11:00:00,3788,Transport,UPI,70000,No
2023-03-17 23:00:00,621,Shopping,UPI,50000,Yes
2023-08-03 11:00:00,594,Travel,Cash,100000,No
2023-02-26 12:00:00,4272,Shopping,Card,50000,No
2023-05-09 00:00:00,4878,Entertainment,Net Banking,50000,No
2023-05-16 19:00:00,4562,Shopping,UPI,30000,Yes
2023-09-16 07:00:00,687,Travel,Net Banking,100000,No
2023-01-23 18:00:00,90,Food,Card,30000,No
2023-08-06 23:00:00,4932,Food,Card,30000,No
2023-11-28 21:00:00,4442,Shopping,Net Banking,50000,No
2023-03-28 19:00:00,1670,Transport,Net Banking,50000,No
2023-03-27 00:00:00,3722,Travel,UPI,50000,No
2023-07-08 22:00:00,4187,Groceries,Net Banking,100000,No
2023-03-15 00:00:00,4178,Food,Net Banking,100000,No
2024-02-13 15:00:00,1349,Entertainment,Cash,100000,Yes
2023-03-19 01:00:00,4761,Travel,UPI,100000,No
2023-04-21 02:00:00,209,Travel,UPI,50000,No
2023-03-08 16:00:00,2002,Food,Card,50000,Yes
2023-07-03 10:00:00,1781,Groceries,Net Banking,30000,Yes
2023-06-08 07:00:00,2496,Entertainment,Cash,50000,No
2023-01-26 18:00:00,3212,Groceries,Card,100000,Yes
2023-02-17 04:00:00,1782,Entertainment,Cash,70000,No
2023-08-17 19:00:00,630,Food,UPI,50000,No
2023-08-30 11:00:00,269,Travel,Net Banking,100000,No
2023-11-15 01:00:00,4524,Entertainment,Cash,30000,No
2023-03-03 23:00:00,1799,Travel,Card,50000,No
2023-11-24 00:00:00,1520,Shopping,UPI,70000,Yes
2023-07-28 17:00:00,4378,Shopping,Cash,100000,No
2024-02-11 05:00:00,1444,Food,Cash,50000,No
2023-03-30 01:00:00,971,Food,Card,100000,No
2023-02-13 12:00:00,2823,Transport,Cash,70000,No
2023-04-12 07:00:00,4512,Food,UPI,70000,No
2023-11-29 11:00:00,4626,Shopping,Cash,30000,No
2023-03-07 22:00:00,3484,Entertainment,Net Banking,70000,Yes
2023-02-24 12:00:00,3632,Groceries,Net Banking,50000,Yes
2023-07-24 21:00:00,1168,Food,Card,70000,No
2024-01-02 09:00:00,1915,Groceries,Net Banking,50000,No
2023-03-09 12:00:00,4361,Groceries,Net Banking,50000,Yes
2023-11-09 15:00:00,774,Shopping,Cash,100000,No
2023-07-18 14:00:00,761,Transport,UPI,50000,No
2023-08-12 10:00:00,1875,Entertainment,UPI,50000,No
2023-08-05 08:00:00,3976,Shopping,Cash,30000,Yes
2023-10-03 22:00:00,440,Food,Net Banking,100000,No
2023-09-11 21:00:00,1120,Shopping,Cash,50000,Yes
2023-10-07 08:00:00,4537,Shopping,Net Banking,30000,No
2023-01-05 04:00:00,2815,Shopping,Net Banking,100000,No
2023-10-05 09:00:00,4530,Food,Net Banking,70000,No
2023-09-02 19:00:00,2478,Food,UPI,50000,No
2023-06-27 23:00:00,4544,Shopping,Card,70000,No
2023-01-10 21:00:00,2197,Shopping,UPI,100000,No
2023-10-29 02:00:00,3622,Groceries,Net Banking,100000,Yes
2023-12-01 16:00:00,4528,Entertainment,Cash,30000,No
2023-08-06 10:00:00,2804,Groceries,Cash,50000,Yes
2023-06-17 17:00:00,3313,Transport,Net Banking,50000,Yes
2023-09-11 01:00:00,3875,Entertainment,Card,30000,No
2023-04-16 22:00:00,3466,Transport,UPI,70000,No
2023-03-06 01:00:00,2107,Entertainment,UPI,100000,Yes
2023-02-01 10:00:00,2361,Shopping,Net Banking,30000,No
2023-11-05 04:00:00,2929,Groceries,Net Banking,100000,No
2023-11-22 23:00:00,3692,Entertainment,Card,70000,No
2023-08-18 11:00:00,2659,Transport,UPI,70000,No
2023-06-26 11:00:00,1480,Entertainment,Card,70000,No
2023-01-23 12:00:00,1963,Food,UPI,50000,No
2023-08-18 14:00:00,807,Entertainment,Card,100000,No
2023-12-19 13:00:00,2184,Shopping,Card,100000,No
2023-11-27 06:00:00,1962,Travel,Card,30000,No
2023-08-02 19:00:00,1789,Food,Cash,100000,No
2023-12-29 09:00:00,3267,Travel,Cash,50000,No
2023-02-17 01:00:00,4806,Shopping,Cash,30000,No
2023-05-12 01:00:00,1184,Travel,UPI,70000,No
2023-12-23 09:00:00,3762,Entertainment,Card,100000,No
2023-06-05 00:00:00,814,Travel,Net Banking,50000,No
2024-02-07 00:00:00,2775,Groceries,Net Banking,50000,No
2023-06-19 11:00:00,3418,Shopping,UPI,100000,No
2023-06-24 19:00:00,3547,Groceries,UPI,50000,No
2024-02-16 09:00:00,1722,Travel,Net Banking,70000,No
2024-01-21 04:00:00,3455,Groceries,Card,100000,No
2023-10-31 09:00:00,632,Food,Cash,100000,No
2023-04-15 13:00:00,4816,Travel,UPI,100000,No
2023-07-29 00:00:00,4683,Transport,UPI,30000,No
2023-09-30 05:00:00,1871,Groceries,UPI,70000,No
2023-07-16 23:00:00,1235,Entertainment,Net Banking,50000,No
2023-01-29 09:00:00,4575,Travel,Cash,100000,No
2023-06-13 20:00:00,1687,Transport,Card,100000,Yes
2023-08-20 16:00:00,2230,Food,Card,50000,No
2023-06-17 08:00:00,238,Entertainment,Net Banking,70000,No
2023-11-02 19:00:00,1796,Travel,UPI,50000,No
2023-01-30 23:00:00,3876,Entertainment,Net Banking,50000,No
2023-01-04 02:00:00,2670,Travel,Net Banking,100000,Yes
2024-01-31 05:00:00,3995,Travel,Card,30000,No
2023-06-23 05:00:00,2376,Shopping,Cash,30000,No
2023-12-21 15:00:00,1234,Groceries,Card,30000,No
2023-03-31 13:00:00,2843,Travel,Net Banking,30000,No
2024-02-06 20:00:00,2996,Food,Net Banking,30000,No
2024-02-11 03:00:00,2550,Transport,UPI,100000,No
2023-10-07 17:00:00,4996,Groceries,UPI,30000,No
2023-06-25 07:00:00,219,Shopping,Net Banking,50000,No
2023-10-25 13:00:00,4975,Groceries,Card,100000,No
2023-12-27 12:00:00,2795,Groceries,UPI,50000,No
2024-01-14 06:00:00,1130,Travel,Cash,30000,Yes
2023-06-14 00:00:00,1313,Food,Cash,70000,Yes
2024-01-23 19:00:00,4914,Travel,Net Banking,30000,Yes
2023-02-14 19:00:00,4503,Food,Cash,100000,No
2023-06-11 12:00:00,2298,Food,Cash,50000,No
2023-07-12 07:00:00,3958,Entertainment,UPI,70000,No
2023-10-30 17:00:00,1375,Travel,UPI,70000,No
2023-09-23 19:00:00,3227,Shopping,Card,70000,No
2024-01-15 22:00:00,3923,Transport,UPI,50000,No
2023-07-13 20:00:00,2198,Groceries,Card,100000,No
2023-10-11 00:00:00,1738,Entertainment,UPI,70000,No
2024-01-21 07:00:00,3035,Shopping,Net Banking,50000,No
2023-11-07 16:00:00,2126,Transport,Card,50000,Yes
2023-07-14 18:00:00,1579,Transport,Net Banking,30000,No
2023-01-23 13:00:00,1511,Travel,Card,50000,No
2023-04-01 01:00:00,1452,Food,Cash,100000,Yes
2023-04-04 19:00:00,122,Travel,Card,100000,No
2024-01-21 04:00:00,4399,Transport,Card,70000,No
2023-07-10 09:00:00,4084,Travel,Card,50000,Yes
2023-04-25 08:00:00,4661,Entertainment,Card,50000,No
2023-09-09 17:00:00,2846,Shopping,Card,30000,No
2023-07-14 19:00:00,4566,Transport,Cash,30000,No
2023-03-07 00:00:00,2543,Entertainment,Card,50000,No
2023-02-18 12:00:00,4281,Shopping,Net Banking,50000,No
2023-08-14 19:00:00,3626,Entertainment,Card,50000,No
2023-04-24 10:00:00,82,Groceries,Card,30000,No
2023-01-20 14:00:00,2744,Food,Net Banking,30000,No
2024-02-05 08:00:00,4423,Food,UPI,100000,No
2023-03-03 04:00:00,4895,Food,UPI,70000,No
2023-11-27 05:00:00,3648,Groceries,Cash,70000,No
2023-02-03 16:00:00,2442,Transport,Card,70000,Yes
2023-12-15 11:00:00,4162,Transport,Card,70000,No
2023-10-07 23:00:00,2921,Groceries,UPI,30000,No
2023-07-31 09:00:00,2727,Food,Card,30000,No
2023-11-30 20:00:00,1451,Food,Cash,50000,No
2023-03-10 13:00:00,867,Shopping,Net Banking,100000,Yes
2023-12-10 17:00:00,1710,Shopping,Card,100000,No
2023-02-17 01:00:00,4612,Travel,Net Banking,70000,Yes
2023-02-26 09:00:00,4773,Entertainment,Cash,50000,Yes
2023-02-01 23:00:00,2488,Shopping,UPI,50000,No
2023-06-12 07:00:00,3033,Shopping,Cash,30000,No
2024-01-05 18:00:00,1260,Shopping,Cash,50000,No
2023-05-24 22:00:00,649,Shopping,Cash,100000,No
2023-11-02 09:00:00,1896,Groceries,Cash,100000,Yes
2023-03-16 14:00:00,1905,Travel,Net Banking,50000,No
2024-02-07 21:00:00,1937,Shopping,Cash,30000,No
2023-02-06 21:00:00,729,Transport,Cash,100000,No
2023-11-19 06:00:00,3302,Entertainment,Cash,30000,Yes
2023-06-12 18:00:00,1885,Shopping,Cash,30000,No
2023-07-07 04:00:00,4080,Groceries,Net Banking,100000,No
2024-02-10 10:00:00,2227,Transport,Cash,30000,No
2023-03-28 09:00:00,198,Food,UPI,70000,Yes
2023-01-14 00:00:00,1545,Food,Cash,70000,No
2023-09-19 05:00:00,4963,Travel,Cash,70000,No
2023-08-10 13:00:00,1794,Food,Card,50000,No
2023-02-03 18:00:00,1696,Shopping,Card,100000,No
2023-10-13 01:00:00,3045,Groceries,Card,70000,No
2023-03-26 16:00:00,1722,Travel,Cash,30000,No
2024-02-09 03:00:00,1989,Transport,UPI,70000,No
2023-10-25 01:00:00,707,Shopping,UPI,30000,Yes
2023-04-23 17:00:00,3717,Food,Card,100000,Yes
2024-01-02 04:00:00,1103,Entertainment,Card,70000,No
2023-03-31 11:00:00,4121,Shopping,Cash,100000,Yes
2023-01-26 15:00:00,626,Entertainment,UPI,70000,No
2023-02-09 11:00:00,3145,Transport,UPI,30000,Yes
2023-08-25 13:00:00,3081,Entertainment,Card,30000,No
2023-07-13 19:00:00,4868,Transport,UPI,50000,No
2023-11-24 18:00:00,4829,Travel,Card,50000,No
2023-03-25 21:00:00,4887,Groceries,Card,50000,No
2023-06-04 01:00:00,3022,Food,Net Banking,70000,No
2023-01-21 10:00:00,3998,Food,Net Banking,100000,No
2023-07-01 06:00:00,2095,Shopping,Cash,70000,No
2023-04-12 04:00:00,3986,Food,Card,30000,Yes
2023-07-27 19:00:00,2998,Travel,Cash,100000,Yes
2023-12-30 21:00:00,1677,Food,Net Banking,30000,Yes
2024-01-30 23:00:00,1538,Shopping,UPI,50000,No
2024-02-14 09:00:00,4195,Food,Net Banking,30000,No
2023-07-25 00:00:00,4248,Groceries,Net Banking,70000,Yes
2023-05-02 22:00:00,4513,Transport,Net Banking,30000,No
2024-02-02 16:00:00,985,Entertainment,UPI,30000,Yes
2023-10-31 10:00:00,3613,Entertainment,Net Banking,30000,No
2023-07-02 08:00:00,3679,Transport,Card,100000,No
2024-01-31 10:00:00,1764,Entertainment,Card,30000,No
2023-07-22 20:00:00,1852,Groceries,Net Banking,30000,No
2023-10-19 02:00:00,1470,Travel,Cash,50000,No
2023-10-13 22:00:00,3641,Shopping,Cash,50000,No
2023-07-04 07:00:00,3570,Groceries,UPI,70000,Yes
2023-10-14 06:00:00,3361,Shopping,UPI,50000,No
2023-12-06 23:00:00,2355,Travel,Card,30000,No
2023-03-28 09:00:00,2045,Groceries,Card,50000,No
2023-09-15 02:00:00,2017,Food,Net Banking,100000,No
2023-01-30 05:00:00,3764,Travel,Cash,70000,No
2023-12-05 01:00:00,4085,Entertainment,Card,50000,No
2023-10-12 09:00:00,4535,Groceries,Cash,70000,No
2023-11-24 19:00:00,4918,Travel,UPI,70000,Yes
2023-06-27 16:00:00,3508,Travel,UPI,70000,Yes
2023-11-29 00:00:00,443,Groceries,Net Banking,100000,No
2023-12-06 10:00:00,4828,Entertainment,Net Banking,30000,No
2023-11-21 00:00:00,3780,Transport,Card,100000,Yes
2023-12-23 14:00:00,4415,Entertainment,Cash,70000,No
2023-12-30 07:00:00,4294,Travel,Card,50000,No
2023-07-23 14:00:00,4956,Shopping,Card,50000,No
2023-06-13 23:00:00,77,Transport,Cash,100000,No
2023-07-12 11:00:00,3541,Transport,Card,50000,No
2023-08-05 07:00:00,4311,Travel,Net Banking,70000,No
2023-10-14 11:00:00,1223,Groceries,Cash,70000,No
2023-11-24 08:00:00,388,Groceries,Cash,30000,Yes
2023-08-14 01:00:00,1118,Groceries,Card,70000,No
2023-05-06 22:00:00,891,Entertainment,Cash,50000,No
2023-08-28 02:00:00,4334,Food,Net Banking,30000,No
2023-09-07 08:00:00,4796,Groceries,Net Banking,50000,No
2023-03-15 18:00:00,343,Groceries,UPI,100000,No
2024-02-20 09:00:00,1907,Transport,UPI,30000,No
2024-01-10 13:00:00,1372,Shopping,UPI,70000,No
2023-05-14 23:00:00,1697,Shopping,UPI,30000,No
2023-10-06 22:00:00,4948,Travel,Card,70000,Yes
2023-05-05 00:00:00,3670,Travel,UPI,70000,No
2023-06-05 17:00:00,4576,Travel,UPI,50000,No
2024-02-17 15:00:00,3144,Groceries,UPI,70000,Yes
2023-02-01 08:00:00,3541,Shopping,UPI,70000,No
2023-02-28 00:00:00,3545,Travel,Card,70000,No
2023-10-10 21:00:00,4632,Shopping,UPI,50000,No
2023-01-29 05:00:00,3851,Groceries,Cash,70000,No
2023-01-05 09:00:00,138,Transport,Net Banking,100000,No
2023-07-18 01:00:00,4416,Groceries,Cash,50000,No
2023-03-23 02:00:00,2006,Travel,Card,100000,No
2023-08-20 00:00:00,949,Groceries,Card,30000,No
2023-02-15 15:00:00,3527,Groceries,Card,50000,No
2023-10-19 01:00:00,1794,Shopping,Net Banking,100000,No
2023-03-16 06:00:00,4423,Food,UPI,50000,No
2023-07-09 05:00:00,2303,Entertainment,Card,70000,Yes
2023-05-16 17:00:00,3711,Travel,UPI,50000,No
2023-09-16 21:00:00,3010,Food,Card,30000,Yes
2023-07-22 21:00:00,1683,Transport,Net Banking,100000,No
2023-03-07 01:00:00,911,Travel,Cash,50000,No
2023-06-16 22:00:00,4751,Food,Cash,70000,No
2024-02-16 03:00:00,1063,Groceries,Net Banking,100000,Yes
2024-01-24 02:00:00,3349,Travel,UPI,100000,No
2023-06-15 21:00:00,1556,Food,Card,100000,No
2024-01-31 13:00:00,3255,Entertainment,Cash,30000,No
2023-08-25 18:00:00,4853,Groceries,Net Banking,70000,No
2023-08-29 22:00:00,1027,Travel,UPI,70000,No
2023-02-09 07:00:00,3511,Transport,Cash,100000,No
2023-07-09 14:00:00,1867,Transport,Net Banking,50000,Yes
2024-01-16 17:00:00,3734,Travel,Card,100000,No
2023-01-26 00:00:00,4108,Food,Net Banking,70000,No
2023-09-23 16:00:00,2684,Travel,UPI,30000,No
2024-02-05 09:00:00,4951,Groceries,Cash,30000,No
2023-03-05 12:00:00,4865,Shopping,Card,100000,No
2023-06-06 22:00:00,3716,Transport,UPI,30000,Yes
2023-01-11 10:00:00,998,Food,Net Banking,30000,No
2024-02-10 16:00:00,523,Entertainment,Cash,50000,Yes
2023-01-04 06:00:00,617,Travel,Cash,30000,No
2023-05-11 03:00:00,3482,Groceries,UPI,50000,No
2024-01-14 17:00:00,4073,Travel,Card,100000,Yes
2023-10-22 08:00:00,2308,Entertainment,UPI,70000,No
2023-12-17 17:00:00,3194,Groceries,Cash,70000,No
2023-02-20 09:00:00,4360,Entertainment,Cash,50000,No
2023-08-03 17:00:00,2032,Groceries,Cash,70000,No
2023-07-24 02:00:00,1146,Shopping,Card,100000,No
2023-04-01 18:00:00,3620,Transport,Cash,70000,Yes
2023-11-14 02:00:00,3440,Groceries,Cash,30000,Yes
2024-01-06 15:00:00,2722,Entertainment,UPI,100000,No
2023-04-17 00:00:00,3696,Food,Cash,100000,No
2023-08-19 02:00:00,2469,Transport,Net Banking,70000,No
2023-04-09 18:00:00,4329,Shopping,UPI,70000,No
2023-05-17 17:00:00,3398,Travel,Cash,50000,No
2023-07-16 06:00:00,723,Shopping,UPI,30000,No
2023-01-14 16:00:00,2852,Shopping,UPI,70000,No
2023-08-21 11:00:00,2419,Travel,Net Banking,70000,No
2023-06-26 04:00:00,4580,Groceries,UPI,50000,Yes
2023-10-11 02:00:00,1116,Shopping,UPI,70000,No
2023-01-06 00:00:00,737,Transport,Card,30000,No
2023-10-09 05:00:00,118,Shopping,Cash,30000,No
2023-02-10 04:00:00,2153,Food,Card,100000,No
2023-06-26 00:00:00,469,Transport,Cash,100000,No
2023-06-03 03:00:00,4048,Food,UPI,30000,No
2023-08-26 06:00:00,2647,Transport,Cash,50000,No
2023-03-28 12:00:00,4388,Entertainment,UPI,100000,Yes
2023-10-14 01:00:00,2174,Travel,Cash,30000,No
2023-08-24 03:00:00,3942,Transport,UPI,30000,No
2023-12-22 04:00:00,489,Transport,Cash,100000,No
2023-08-07 17:00:00,1336,Groceries,Cash,30000,Yes
2023-02-24 20:00:00,1258,Groceries,Cash,30000,No
2023-02-19 20:00:00,1128,Entertainment,UPI,30000,Yes
2023-05-13 02:00:00,2613,Groceries,Cash,30000,No
2024-02-05 21:00:00,3673,Groceries,UPI,100000,No
2023-01-15 19:00:00,1303,Food,Card,50000,No
2024-02-09 22:00:00,3407,Groceries,Cash,30000,No
2023-01-02 04:00:00,3259,Groceries,Net Banking,70000,No
2023-02-12 05:00:00,3599,Entertainment,Net Banking,50000,No
2024-01-11 19:00:00,664,Entertainment,UPI,70000,Yes
2023-03-26 08:00:00,3128,Shopping,Net Banking,70000,No
2023-12-20 18:00:00,2773,Groceries,UPI,30000,No
2023-09-01 07:00:00,3540,Groceries,UPI,100000,No
2023-08-30 07:00:00,3593,Transport,Net Banking,70000,No
2023-02-01 10:00:00,4565,Groceries,Net Banking,70000,No
2024-01-09 09:00:00,1950,Food,Card,70000,No
2023-06-05 15:00:00,4421,Transport,UPI,30000,No
2023-02-21 14:00:00,1762,Groceries,Net Banking,30000,No
2023-03-21 10:00:00,2379,Food,Card,100000,No
2023-11-05 07:00:00,3669,Shopping,Card,30000,No
2023-11-28 17:00:00,1244,Transport,UPI,50000,No
2024-02-11 12:00:00,4956,Travel,Cash,100000,No
2024-01-28 02:00:00,1428,Groceries,Net Banking,30000,No
2023-07-11 17:00:00,1362,Transport,Net Banking,30000,No
2024-02-02 21:00:00,2965,Entertainment,Net Banking,70000,No
2023-03-02 20:00:00,799,Transport,Net Banking,30000,No
2023-11-16 13:00:00,350,Entertainment,Net Banking,70000,Yes
2023-03-01 00:00:00,4745,Groceries,Net Banking,30000,No
2023-11-20 14:00:00,4032,Food,Card,30000,No
2023-03-01 12:00:00,4674,Entertainment,UPI,30000,Yes
2023-07-02 10:00:00,3887,Transport,Card,30000,No
2023-11-10 17:00:00,327,Transport,Net Banking,30000,Yes
2023-07-06 10:00:00,4808,Entertainment,UPI,100000,No
2023-05-08 23:00:00,2608,Shopping,Net Banking,30000,No
2023-01-24 03:00:00,3967,Shopping,UPI,30000,No
2023-12-23 03:00:00,2211,Shopping,Card,70000,No
2023-03-07 03:00:00,4725,Entertainment,UPI,50000,No
2023-02-13 08:00:00,1439,Entertainment,Card,50000,No
2023-04-22 22:00:00,740,Transport,Net Banking,100000,Yes
2023-04-17 09:00:00,4782,Groceries,UPI,30000,No
2023-03-16 03:00:00,3518,Groceries,Cash,50000,No
2023-01-04 03:00:00,1898,Food,Cash,70000,No
2023-06-30 06:00:00,4968,Entertainment,Card,70000,No
2023-09-01 03:00:00,3866,Groceries,Card,100000,Yes
2023-07-30 17:00:00,989,Groceries,Card,70000,No
2023-04-08 21:00:00,3232,Shopping,Card,50000,No
2023-04-26 13:00:00,3359,Shopping,Net Banking,50000,No
2023-04-05 06:00:00,2100,Shopping,Cash,50000,No
2023-05-15 13:00:00,1796,Travel,Card,30000,No
2023-01-17 08:00:00,2501,Groceries,UPI,70000,No
2023-02-16 04:00:00,74,Shopping,UPI,70000,No
2023-07-01 18:00:00,2606,Shopping,Net Banking,30000,No
2023-08-05 04:00:00,110,Entertainment,Card,50000,No
2024-01-02 18:00:00,172,Transport,UPI,70000,No
2023-07-30 17:00:00,2152,Shopping,Card,50000,Yes
2023-06-16 14:00:00,1236,Entertainment,UPI,30000,No
2024-01-05 08:00:00,1780,Food,Net Banking,50000,No
2023-10-01 14:00:00,4691,Shopping,UPI,100000,Yes
2023-06-03 05:00:00,4139,Transport,Card,30000,Yes
2023-08-30 12:00:00,2522,Entertainment,Card,50000,No
2023-09-23 03:00:00,3015,Transport,Net Banking,30000,No
2023-12-05 11:00:00,2327,Shopping,Cash,70000,No
2023-12-09 14:00:00,4137,Food,Card,100000,Yes
2023-11-17 10:00:00,3014,Shopping,Cash,30000,No
2023-02-28 08:00:00,1360,Entertainment,Card,50000,No
2023-06-19 15:00:00,204,Food,Net Banking,70000,No
2024-01-03 00:00:00,2262,Food,UPI,50000,No
2023-04-27 02:00:00,3303,Food,Cash,50000,Yes
2023-10-26 17:00:00,1312,Travel,UPI,30000,No
2023-02-06 06:00:00,1412,Entertainment,Net Banking,30000,No
2023-06-24 20:00:00,987,Travel,Net Banking,50000,No
2024-02-05 04:00:00,561,Transport,Net Banking,30000,No
2023-04-25 03:00:00,236,Food,Card,50000,No
2023-02-09 04:00:00,1895,Travel,Card,30000,No
2023-01-15 04:00:00,1752,Shopping,Card,100000,No
2023-11-06 06:00:00,440,Travel,Card,30000,No
2023-06-22 05:00:00,704,Groceries,Cash,50000,No
2023-01-28 11:00:00,4321,Transport,Net Banking,70000,No
2024-02-11 08:00:00,2871,Food,Cash,30000,No
2023-05-25 01:00:00,813,Food,Card,100000,No
2024-02-15 08:00:00,3450,Transport,UPI,100000,Yes
2023-05-04 23:00:00,4856,Transport,Cash,100000,No
2024-01-21 01:00:00,3317,Entertainment,UPI,100000,Yes
2023-01-19 21:00:00,1135,Shopping,Card,50000,No
2024-02-17 08:00:00,1979,Transport,Cash,100000,No
2023-12-08 00:00:00,4426,Transport,Cash,70000,No
2023-08-15 18:00:00,2013,Entertainment,Cash,30000,No
2023-02-04 02:00:00,1835,Transport,UPI,100000,No
2023-07-22 20:00:00,2324,Travel,Card,30000,No
2023-01-01 12:00:00,2736,Groceries,Net Banking,50000,No
2023-11-18 23:00:00,3018,Groceries,Net Banking,30000,No
2023-02-08 08:00:00,4622,Groceries,Card,50000,No
2023-07-25 00:00:00,765,Transport,Cash,50000,No
2023-04-11 18:00:00,292,Groceries,Net Banking,30000,No
2024-02-01 02:00:00,3965,Shopping,Cash,100000,Yes
2023-09-27 19:00:00,1573,Travel,Card,70000,Yes
2023-03-26 01:00:00,887,Groceries,UPI,30000,No
2023-11-28 13:00:00,3373,Food,Cash,70000,No
2024-01-28 12:00:00,3003,Transport,UPI,30000,No
2023-07-19 16:00:00,1395,Travel,UPI,70000,No
2023-10-12 14:00:00,2473,Shopping,Card,30000,No
2023-04-12 10:00:00,2078,Groceries,Card,70000,No
2023-04-30 12:00:00,1482,Shopping,UPI,70000,No
2023-03-01 22:00:00,289,Transport,UPI,30000,No
2023-05-28 15:00:00,188,Groceries,Net Banking,30000,No
2023-03-16 05:00:00,3243,Food,Net Banking,50000,No
2023-09-22 07:00:00,469,Travel,Card,70000,No
2023-04-05 07:00:00,353,Food,Cash,30000,Yes
2023-01-09 19:00:00,2212,Groceries,UPI,100000,No
2023-12-29 11:00:00,2076,Entertainment,Cash,100000,No
2023-09-14 15:00:00,4152,Travel,UPI,50000,No
2023-10-20 19:00:00,2276,Shopping,Card,100000,Yes
2023-01-14 19:00:00,1218,Groceries,Cash,30000,No
2023-10-13 20:00:00,465,Food,Card,70000,No
2023-12-02 04:00:00,2763,Transport,UPI,30000,No
2023-12-07 09:00:00,199,Entertainment,Card,100000,No
2023-12-31 06:00:00,2494,Transport,Cash,100000,No
2023-08-27 08:00:00,888,Groceries,Net Banking,30000,Yes
2024-01-16 13:00:00,1746,Shopping,Card,50000,No
2023-01-31 07:00:00,4389,Food,Cash,30000,No
2023-07-27 07:00:00,1960,Travel,Card,50000,No
2023-05-16 03:00:00,1471,Entertainment,Card,100000,No
2023-01-28 00:00:00,3051,Groceries,Net Banking,70000,No
2023-08-01 07:00:00,1370,Groceries,Cash,70000,No
2023-10-03 14:00:00,4085,Groceries,Cash,30000,No
2023-10-25 07:00:00,1573,Groceries,Cash,50000,No
2023-02-12 01:00:00,3928,Food,UPI,100000,No
2023-03-06 14:00:00,602,Travel,Card,70000,No
2024-01-10 19:00:00,3806,Shopping,Net Banking,30000,No
2023-11-09 04:00:00,3721,Entertainment,Cash,30000,No
2023-05-22 17:00:00,531,Groceries,Net Banking,100000,No
2023-11-07 07:00:00,649,Transport,UPI,100000,No
2023-08-15 00:00:00,1214,Groceries,UPI,30000,No
2023-06-26 17:00:00,4728,Travel,Net Banking,30000,No
2023-05-12 17:00:00,4282,Travel,Cash,30000,No
2023-06-23 03:00:00,1053,Food,Net Banking,50000,No
2023-11-08 14:00:00,2032,Food,Cash,100000,No
2023-12-30 07:00:00,1684,Transport,Cash,30000,No
2024-01-19 23:00:00,3047,Transport,UPI,100000,Yes
2023-10-03 17:00:00,736,Food,Net Banking,30000,No
2023-08-24 20:00:00,3464,Entertainment,UPI,30000,Yes
2023-12-26 08:00:00,1809,Transport,Card,30000,No
2023-02-19 00:00:00,4987,Food,UPI,100000,Yes
2023-11-28 12:00:00,2530,Groceries,Cash,30000,Yes
2023-12-25 00:00:00,1387,Food,Net Banking,30000,No
2023-04-04 01:00:00,164,Entertainment,Card,100000,Yes
2023-07-15 20:00:00,4007,Food,Card,30000,No
2023-09-04 02:00:00,618,Food,Card,70000,No
2023-11-24 12:00:00,1603,Groceries,Card,70000,No
2023-11-10 14:00:00,2739,Transport,Net Banking,30000,No
2023-08-20 15:00:00,4640,Groceries,Cash,50000,No
2023-10-08 12:00:00,3390,Groceries,Card,100000,No
2023-04-15 17:00:00,3038,Food,Cash,30000,No
2023-11-23 06:00:00,3201,Groceries,UPI,100000,No
2024-02-20 05:00:00,3577,Travel,Cash,50000,No
2023-10-17 08:00:00,3065,Shopping,Card,50000,No
2023-11-26 14:00:00,871,Shopping,UPI,100000,Yes
2023-08-24 09:00:00,3624,Groceries,UPI,50000,Yes
2023-02-15 16:00:00,3837,Transport,UPI,50000,No
2024-01-16 00:00:00,1658,Entertainment,Card,100000,No
2023-03-23 07:00:00,609,Groceries,Cash,50000,No
2024-02-11 02:00:00,4113,Transport,Net Banking,70000,No
2024-01-18 18:00:00,4485,Groceries,Cash,30000,No
2023-11-21 23:00:00,661,Food,Card,70000,No
2024-01-02 20:00:00,2213,Transport,Card,70000,Yes
2023-01-25 19:00:00,1931,Entertainment,UPI,30000,Yes
2023-11-25 03:00:00,4219,Groceries,Cash,70000,No
2024-01-12 09:00:00,3913,Travel,Card,30000,No
2023-07-04 23:00:00,3758,Transport,Card,30000,No
2023-09-06 20:00:00,1759,Shopping,Net Banking,100000,No
2023-02-05 18:00:00,1811,Transport,Cash,30000,Yes
2023-08-18 23:00:00,1742,Travel,UPI,30000,No
2023-11-04 17:00:00,1295,Travel,UPI,50000,No
2023-12-26 20:00:00,175,Travel,UPI,50000,Yes
2024-02-20 20:00:00,4802,Entertainment,Cash,70000,No
2023-06-29 21:00:00,1249,Entertainment,Card,30000,No
2023-05-24 22:00:00,2761,Transport,Card,30000,No
2023-02-12 22:00:00,3496,Entertainment,Net Banking,100000,No
2024-01-31 07:00:00,1040,Shopping,Net Banking,30000,No
2023-11-26 10:00:00,3115,Food,Card,100000,No
2023-03-02 07:00:00,1571,Transport,Card,30000,Yes
2023-04-29 18:00:00,4778,Groceries,Cash,50000,No
2023-12-04 18:00:00,2548,Groceries,Net Banking,50000,No
2023-10-25 23:00:00,2615,Transport,UPI,50000,No
2024-01-31 23:00:00,4840,Food,UPI,70000,No
2023-10-17 16:00:00,2647,Groceries,UPI,30000,No
2023-06-18 23:00:00,165,Transport,UPI,50000,No
2023-08-14 02:00:00,1081,Transport,Card,100000,Yes
2024-01-22 17:00:00,1291,Travel,Card,50000,No
2023-03-11 16:00:00,1792,Shopping,Cash,30000,No
2023-07-08 20:00:00,3688,Groceries,UPI,50000,No
2023-07-25 04:00:00,4449,Shopping,Card,30000,Yes
2023-09-11 13:00:00,4140,Transport,Card,30000,No
2023-11-19 06:00:00,2025,Food,Card,50000,No
2023-07-22 16:00:00,4233,Transport,UPI,100000,No
2024-01-24 04:00:00,4453,Groceries,Card,70000,Yes
2023-02-20 21:00:00,4947,Shopping,Net Banking,30000,No
2023-04-30 04:00:00,213,Travel,UPI,70000,No
2023-12-18 04:00:00,3360,Travel,UPI,50000,No
2024-01-25 00:00:00,3438,Transport,Net Banking,30000,Yes
2023-05-16 13:00:00,1045,Food,Cash,30000,No
2023-06-07 14:00:00,1927,Entertainment,Cash,50000,No
2023-10-17 21:00:00,1873,Groceries,UPI,70000,No
2023-02-01 22:00:00,4956,Transport,UPI,100000,No
2023-04-22 17:00:00,2345,Travel,UPI,50000,No
2023-11-18 06:00:00,3314,Travel,Net Banking,50000,No
2023-11-08 18:00:00,1398,Food,Card,100000,No
2023-07-31 22:00:00,1853,Travel,Net Banking,100000,No
2023-11-28 20:00:00,2301,Groceries,Card,100000,No
2023-04-22 01:00:00,2950,Food,Card,100000,No
2024-02-19 15:00:00,1643,Shopping,Cash,50000,Yes
2023-05-27 09:00:00,482,Food,Net Banking,100000,Yes
2023-01-21 15:00:00,3867,Groceries,Net Banking,70000,No
2023-08-31 14:00:00,4967,Groceries,UPI,100000,No
2023-03-28 08:00:00,1120,Shopping,Net Banking,30000,No
2023-11-21 19:00:00,4650,Transport,Card,30000,No
2023-12-22 09:00:00,164,Food,Card,100000,No
2023-06-14 13:00:00,1489,Groceries,Net Banking,50000,No
2023-09-09 09:00:00,1840,Groceries,Cash,50000,Yes
2023-12-14 00:00:00,1044,Shopping,Cash,70000,No
2023-04-17 11:00:00,4368,Entertainment,UPI,50000,No
2023-09-23 10:00:00,4781,Food,UPI,70000,Yes
2023-07-03 23:00:00,4817,Groceries,Card,70000,No
2023-09-06 07:00:00,1007,Travel,Net Banking,70000,No
2024-01-15 11:00:00,145,Shopping,Card,100000,No
2023-09-07 17:00:00,2204,Entertainment,Card,50000,No
2023-07-29 05:00:00,681,Entertainment,Net Banking,30000,Yes
2023-05-02 03:00:00,3734,Shopping,Card,70000,No
2023-05-02 10:00:00,1751,Entertainment,Card,30000,No
2023-06-11 06:00:00,747,Groceries,Cash,70000,No
2024-01-18 22:00:00,81,Entertainment,UPI,50000,No
2023-07-31 21:00:00,4924,Food,Cash,100000,Yes
2023-09-30 18:00:00,598,Travel,UPI,70000,No
2023-01-17 11:00:00,2298,Groceries,UPI,70000,Yes
2023-02-09 02:00:00,1943,Shopping,UPI,30000,No
2024-02-14 12:00:00,2884,Travel,Cash,100000,Yes
2023-04-15 14:00:00,1753,Transport,Net Banking,50000,No
2023-07-13 04:00:00,1206,Groceries,Card,70000,No
2023-03-10 17:00:00,393,Travel,Net Banking,50000,No
2023-06-03 18:00:00,4122,Entertainment,Net Banking,100000,No
2023-05-24 03:00:00,3512,Transport,UPI,30000,No
2023-05-14 09:00:00,2298,Shopping,UPI,100000,No
2023-06-24 03:00:00,994,Shopping,Cash,100000,Yes
2023-12-17 05:00:00,3930,Food,Cash,100000,No
2023-05-15 21:00:00,2100,Entertainment,Card,100000,No
2023-06-10 22:00:00,3335,Food,Net Banking,50000,No
2023-01-03 10:00:00,2905,Food,Net Banking,50000,No
2023-07-25 18:00:00,1380,Entertainment,Card,30000,No
2023-05-04 19:00:00,2053,Groceries,UPI,70000,No
2024-02-09 23:00:00,3665,Transport,Cash,70000,No
2023-12-13 10:00:00,1837,Food,Card,100000,No
2024-02-06 04:00:00,2296,Travel,Net Banking,100000,No
2024-01-25 18:00:00,3722,Transport,Card,50000,No
2023-05-20 09:00:00,2205,Groceries,Card,70000,No
2023-04-14 14:00:00,3529,Entertainment,Net Banking,30000,No
2023-01-24 09:00:00,3070,Shopping,Net Banking,100000,No
2023-06-15 21:00:00,101,Groceries,Cash,50000,No
2023-09-18 21:00:00,2209,Food,Cash,100000,No
2023-03-14 09:00:00,4440,Travel,Net Banking,100000,No
2024-01-15 00:00:00,3701,Transport,Cash,50000,No
2023-05-29 02:00:00,3965,Entertainment,Cash,70000,No
2024-02-18 06:00:00,2162,Shopping,Cash,70000,Yes
2024-01-16 06:00:00,2671,Transport,Net Banking,100000,No
2023-10-23 15:00:00,4610,Travel,UPI,70000,No
2023-12-11 10:00:00,4779,Shopping,UPI,50000,No
2023-01-13 06:00:00,1404,Entertainment,Cash,70000,No
2023-12-09 04:00:00,3804,Transport,UPI,100000,Yes
2024-01-20 14:00:00,259,Groceries,Cash,100000,No
2023-08-11 02:00:00,287,Food,UPI,50000,No
2023-07-13 23:00:00,385,Entertainment,UPI,100000,No
2023-02-16 05:00:00,3888,Travel,Card,70000,No
2023-06-07 03:00:00,1626,Groceries,Cash,50000,No
2023-12-23 19:00:00,549,Transport,UPI,100000,No
2023-09-13 03:00:00,1614,Shopping,UPI,50000,No
2023-11-15 15:00:00,840,Groceries,Card,50000,No
2023-02-18 22:00:00,3590,Groceries,UPI,70000,No
2023-02-18 12:00:00,3172,Travel,Card,70000,No
2024-01-22 20:00:00,1185,Food,UPI,30000,No
2024-01-30 19:00:00,3994,Groceries,Card,50000,No
2024-01-12 13:00:00,2398,Groceries,Card,70000,No
2023-12-30 00:00:00,4374,Food,Net Banking,100000,No
2023-07-06 02:00:00,199,Food,Cash,30000,No
2023-08-19 18:00:00,3256,Shopping,Net Banking,30000,No
2023-10-24 07:00:00,3578,Transport,Cash,100000,Yes
2023-12-18 10:00:00,1674,Shopping,UPI,70000,No
2023-04-27 16:00:00,2624,Food,Cash,50000,Yes
2023-07-11 23:00:00,4478,Entertainment,Net Banking,30000,No
2023-10-30 14:00:00,4319,Food,Cash,100000,Yes
2023-03-06 05:00:00,3334,Shopping,Net Banking,100000,Yes
2023-04-26 05:00:00,2158,Travel,Cash,100000,Yes
2023-07-07 03:00:00,3997,Travel,UPI,100000,Yes
2023-05-09 11:00:00,4964,Transport,UPI,30000,No
2023-08-12 04:00:00,2313,Groceries,Cash,50000,No
2023-03-19 09:00:00,1662,Travel,Cash,70000,No
2023-02-02 01:00:00,3865,Shopping,UPI,100000,No
2023-03-01 06:00:00,4769,Travel,Cash,100000,Yes
2023-12-25 06:00:00,627,Entertainment,Card,50000,Yes
2023-05-04 20:00:00,472,Food,UPI,50000,Yes
2023-03-20 00:00:00,2813,Food,UPI,70000,No
2023-08-22 07:00:00,1279,Shopping,Net Banking,30000,No
2023-04-05 13:00:00,3226,Groceries,Net Banking,50000,No
2023-08-08 19:00:00,803,Food,Card,30000,No
2023-07-17 21:00:00,4892,Travel,Cash,30000,No
2023-10-01 19:00:00,737,Entertainment,Card,100000,No
2024-01-26 13:00:00,772,Groceries,Cash,30000,No
2023-07-31 08:00:00,796,Groceries,Net Banking,100000,Yes
2024-02-06 07:00:00,4387,Groceries,Cash,100000,Yes
2023-08-16 15:00:00,2762,Food,Net Banking,70000,No
2023-11-07 10:00:00,757,Transport,UPI,30000,Yes
2023-12-17 20:00:00,484,Groceries,UPI,50000,No
2023-06-14 23:00:00,4926,Shopping,Cash,50000,No
2023-02-24 17:00:00,533,Travel,Net Banking,50000,Yes
2023-11-23 23:00:00,3568,Transport,Card,70000,Yes
2023-02-14 14:00:00,1583,Entertainment,Net Banking,100000,Yes
2024-01-17 22:00:00,219,Travel,Net Banking,100000,No
2024-02-18 18:00:00,1070,Shopping,Net Banking,50000,Yes
2023-05-17 21:00:00,897,Shopping,UPI,100000,No
2024-01-08 21:00:00,745,Transport,Net Banking,100000,No
2023-05-09 23:00:00,3396,Travel,Cash,70000,Yes
2023-01-14 08:00:00,4063,Food,UPI,30000,No
2023-04-07 17:00:00,81,Shopping,UPI,30000,Yes
2023-01-24 03:00:00,226,Groceries,UPI,70000,Yes
2023-07-25 19:00:00,3014,Entertainment,Net Banking,70000,No
2023-08-15 08:00:00,2162,Entertainment,Card,100000,Yes
2023-02-27 18:00:00,3936,Shopping,Net Banking,70000,No
2023-07-18 11:00:00,1552,Groceries,Net Banking,100000,No
2023-10-13 14:00:00,2365,Travel,Card,30000,No
2023-11-15 05:00:00,2694,Entertainment,Net Banking,70000,No
2023-07-21 17:00:00,115,Groceries,Cash,100000,No
2023-06-11 03:00:00,4278,Groceries,Card,30000,No
2023-06-08 01:00:00,1978,Food,Cash,30000,No
2023-11-04 05:00:00,634,Shopping,Cash,50000,No
2023-04-15 17:00:00,1798,Groceries,UPI,30000,No
2023-06-08 11:00:00,2254,Travel,UPI,70000,Yes
2023-04-07 23:00:00,3680,Entertainment,Card,70000,Yes
2024-01-03 01:00:00,1942,Food,Net Banking,100000,No
2023-04-01 05:00:00,2479,Travel,Cash,70000,No
2023-05-18 20:00:00,3143,Entertainment,Net Banking,30000,No
2023-09-26 20:00:00,1023,Shopping,Cash,100000,No
2023-12-03 03:00:00,4074,Travel,UPI,30000,No
2023-11-15 10:00:00,2692,Entertainment,UPI,50000,No
2023-09-24 20:00:00,1492,Food,UPI,100000,Yes
2023-02-11 08:00:00,4379,Entertainment,Card,50000,No
2023-08-15 00:00:00,1527,Groceries,Cash,100000,No
2024-02-03 17:00:00,820,Food,Net Banking,70000,No
2023-07-02 13:00:00,355,Travel,Cash,30000,No
2023-05-13 06:00:00,51,Transport,Net Banking,100000,No
2023-07-19 06:00:00,320,Shopping,Net Banking,70000,Yes
2024-01-31 17:00:00,4566,Food,Net Banking,70000,No
2023-08-20 16:00:00,3264,Food,Cash,70000,No
2023-11-07 20:00:00,913,Food,UPI,50000,No
2023-05-09 06:00:00,2789,Entertainment,Card,70000,No
2023-05-05 07:00:00,2964,Groceries,Card,100000,Yes
2023-10-30 11:00:00,156,Transport,UPI,50000,No
2023-09-10 06:00:00,3218,Shopping,Card,30000,No
2023-04-16 03:00:00,4694,Shopping,Net Banking,70000,Yes
2024-02-08 05:00:00,2649,Groceries,Card,100000,No
2023-07-10 21:00:00,2285,Entertainment,Cash,100000,No
2023-08-22 17:00:00,2849,Entertainment,UPI,50000,No
2023-03-25 09:00:00,1561,Groceries,UPI,30000,No
2023-02-27 19:00:00,68,Groceries,UPI,50000,No
2023-10-01 00:00:00,908,Travel,UPI,70000,Yes
2023-02-12 22:00:00,1466,Entertainment,Cash,30000,No
2024-02-19 21:00:00,3082,Food,Net Banking,30000,No
2023-02-20 20:00:00,4555,Shopping,Net Banking,30000,No
2023-09-09 11:00:00,1476,Entertainment,Net Banking,50000,No
2024-02-13 18:00:00,2581,Groceries,Card,100000,Yes
2024-01-29 23:00:00,4769,Food,Net Banking,50000,No
2023-09-29 19:00:00,4801,Travel,Card,100000,No
2023-12-03 10:00:00,4913,Transport,Cash,50000,Yes
2024-01-13 15:00:00,4088,Travel,Card,100000,No
2023-02-04 18:00:00,4163,Food,Net Banking,100000,No
2024-01-15 14:00:00,2281,Food,UPI,30000,No
2023-03-13 20:00:00,2502,Groceries,Cash,100000,No
2023-10-02 22:00:00,2896,Transport,Net Banking,70000,No
2023-04-11 13:00:00,3252,Groceries,Net Banking,70000,Yes
2024-02-01 01:00:00,1866,Shopping,Net Banking,100000,Yes
2023-09-07 17:00:00,1830,Transport,Cash,100000,No
2023-07-07 10:00:00,4153,Transport,UPI,100000,Yes
2023-03-29 17:00:00,754,Shopping,UPI,100000,No
2023-04-18 00:00:00,1391,Travel,UPI,30000,No
2024-01-24 18:00:00,3512,Food,Net Banking,70000,No
2023-01-09 17:00:00,3640,Travel,Card,30000,No
2024-01-21 16:00:00,1209,Groceries,Net Banking,70000,No
2023-07-24 15:00:00,4676,Entertainment,UPI,100000,No
2023-04-03 12:00:00,3772,Groceries,Cash,70000,No
2023-01-10 17:00:00,3488,Entertainment,Card,70000,No
2023-02-03 00:00:00,3610,Food,Card,50000,No
2023-05-10 14:00:00,3132,Food,Net Banking,50000,No
2023-04-01 06:00:00,1765,Transport,Cash,100000,No
2023-12-22 06:00:00,2293,Food,Card,30000,No
2024-02-02 23:00:00,1810,Shopping,UPI,50000,No
2023-08-05 09:00:00,4057,Shopping,Net Banking,100000,No
2023-02-20 14:00:00,1846,Entertainment,Net Banking,30000,No
2023-07-04 03:00:00,2725,Travel,UPI,50000,No
2023-11-01 18:00:00,3286,Transport,UPI,70000,No
2023-12-20 03:00:00,93,Travel,UPI,50000,No
2023-01-09 20:00:00,538,Entertainment,Card,100000,No
2023-03-11 02:00:00,4326,Shopping,Cash,50000,No
2023-07-29 08:00:00,3198,Groceries,Card,50000,No
2024-02-05 09:00:00,4773,Transport,Cash,30000,No
2023-09-04 13:00:00,1006,Entertainment,Net Banking,30000,No
2023-08-03 05:00:00,2164,Travel,Cash,70000,Yes
2023-03-16 18:00:00,1165,Entertainment,UPI,100000,No
2023-09-07 12:00:00,1831,Entertainment,Card,70000,No
2023-12-12 16:00:00,2876,Food,UPI,70000,No
2023-08-21 10:00:00,700,Shopping,Net Banking,50000,No
2023-08-20 07:00:00,1926,Transport,Card,70000,No
2023-06-10 05:00:00,390,Food,Card,30000,No
2023-10-15 18:00:00,3000,Shopping,UPI,70000,No
2023-01-16 18:00:00,3425,Entertainment,Card,100000,No
2023-05-18 05:00:00,2495,Shopping,UPI,70000,No
2023-05-19 17:00:00,2800,Travel,Cash,100000,Yes
2023-07-20 08:00:00,2194,Transport,Net Banking,100000,No
2023-11-27 17:00:00,1404,Food,UPI,70000,No
2023-01-10 08:00:00,3326,Transport,Net Banking,70000,Yes
2023-01-31 17:00:00,498,Entertainment,Card,70000,No
2023-01-10 19:00:00,4222,Travel,Net Banking,100000,No
2023-01-30 15:00:00,4694,Shopping,Net Banking,30000,No
2023-09-07 12:00:00,847,Shopping,Net Banking,50000,No
2023-03-20 16:00:00,3546,Travel,Card,70000,Yes
2023-10-26 21:00:00,4960,Shopping,Cash,50000,No
2023-02-22 11:00:00,2232,Food,Cash,70000,Yes
2023-08-07 14:00:00,3376,Groceries,Cash,100000,No
2023-10-30 23:00:00,695,Shopping,UPI,100000,Yes
2023-02-01 04:00:00,769,Entertainment,UPI,50000,No
2023-05-28 23:00:00,1572,Shopping,Card,30000,No
2023-09-24 16:00:00,1119,Transport,Cash,100000,No
2023-10-04 19:00:00,4793,Entertainment,Net Banking,50000,No
2023-12-29 13:00:00,4937,Shopping,Cash,100000,Yes
2023-03-17 23:00:00,4724,Shopping,UPI,70000,Yes
2023-10-13 12:00:00,3125,Entertainment,Card,50000,No
2023-11-21 01:00:00,3857,Food,Cash,50000,No
2023-06-26 08:00:00,3411,Groceries,UPI,70000,No
2023-09-29 15:00:00,2206,Groceries,UPI,50000,Yes
2023-03-16 01:00:00,4605,Food,Net Banking,70000,No
2023-02-20 22:00:00,2363,Shopping,Cash,30000,No
2023-11-14 22:00:00,3555,Groceries,Net Banking,70000,No
2023-03-16 01:00:00,4189,Food,Cash,30000,No
2024-01-31 16:00:00,682,Food,Card,50000,Yes
2023-11-09 02:00:00,2249,Groceries,Cash,70000,No
2023-07-22 11:00:00,3113,Entertainment,Net Banking,50000,No
2024-01-06 13:00:00,2960,Travel,Net Banking,30000,No
2023-12-05 06:00:00,672,Entertainment,UPI,100000,No
2023-05-05 13:00:00,410,Shopping,Cash,100000,No
2023-12-14 15:00:00,2417,Entertainment,Cash,100000,Yes
2023-02-25 05:00:00,259,Transport,Card,100000,Yes
2024-01-31 13:00:00,3517,Travel,UPI,100000,Yes
2024-02-17 15:00:00,980,Travel,Net Banking,30000,No
2023-08-02 15:00:00,4634,Food,Cash,100000,No
2024-01-10 22:00:00,3993,Transport,UPI,100000,No
2023-04-24 10:00:00,4746,Shopping,Card,50000,No
2023-07-14 00:00:00,4919,Food,UPI,70000,No
2023-02-25 05:00:00,927,Entertainment,Cash,70000,No
2023-06-22 05:00:00,4845,Entertainment,Cash,70000,No
2024-01-25 15:00:00,2549,Groceries,Card,70000,Yes
2023-04-30 13:00:00,2573,Food,Card,30000,No
2023-02-21 18:00:00,4401,Transport,Card,70000,No
2023-12-22 19:00:00,441,Food,Net Banking,50000,Yes
2023-03-18 07:00:00,3952,Food,UPI,30000,No
2023-03-07 09:00:00,2371,Food,UPI,100000,No
2023-10-29 22:00:00,4990,Travel,UPI,50000,No
2023-03-21 22:00:00,4031,Groceries,Net Banking,50000,Yes
2023-09-25 08:00:00,188,Shopping,UPI,100000,Yes
2023-05-15 16:00:00,152,Shopping,Card,100000,Yes
2023-06-06 14:00:00,533,Shopping,UPI,50000,No
2023-09-07 21:00:00,4369,Travel,Net Banking,30000,No
2023-04-09 03:00:00,4123,Groceries,Net Banking,100000,No
2024-02-04 13:00:00,1898,Transport,UPI,70000,Yes
2023-03-18 00:00:00,1934,Groceries,Net Banking,50000,No
2023-10-31 08:00:00,3255,Travel,Net Banking,50000,No
2023-06-19 04:00:00,2211,Transport,UPI,100000,No
2023-08-10 20:00:00,1514,Food,Net Banking,100000,No
2023-01-17 20:00:00,693,Entertainment,Net Banking,70000,No
2023-03-13 17:00:00,3486,Food,UPI,70000,No
2023-08-10 12:00:00,4603,Shopping,Card,70000,No
2023-06-10 05:00:00,660,Food,Card,70000,No
2023-06-25 10:00:00,4352,Travel,Net Banking,50000,No
2023-01-03 16:00:00,1593,Shopping,Cash,100000,No
2024-01-31 11:00:00,3589,Entertainment,Cash,30000,No
2023-09-23 22:00:00,1516,Transport,UPI,100000,No
2024-02-05 07:00:00,966,Transport,UPI,100000,No
2023-02-10 08:00:00,1231,Shopping,Card,70000,Yes
2023-01-16 08:00:00,2196,Food,Cash,70000,Yes
2023-12-18 00:00:00,2322,Groceries,UPI,50000,No
2023-04-04 10:00:00,901,Groceries,Cash,70000,No
2023-07-28 10:00:00,4586,Transport,Cash,50000,No
2023-05-09 11:00:00,769,Groceries,Net Banking,100000,No
2023-12-03 09:00:00,4730,Shopping,Net Banking,100000,No
2024-01-15 16:00:00,2064,Groceries,Cash,100000,No
2024-01-06 00:00:00,3522,Travel,Card,50000,No
2023-03-03 05:00:00,3692,Transport,UPI,50000,No
2023-07-16 21:00:00,3920,Entertainment,UPI,50000,No
2023-06-27 11:00:00,113,Groceries,Card,70000,No
2023-05-31 22:00:00,4913,Travel,Net Banking,30000,No
2023-02-04 07:00:00,609,Travel,Net Banking,70000,No
2023-05-23 23:00:00,1783,Shopping,Card,30000,No
2023-09-30 00:00:00,719,Transport,Card,70000,Yes
2023-06-22 23:00:00,3944,Shopping,Net Banking,100000,Yes
2023-06-25 13:00:00,1592,Entertainment,Cash,50000,No
2023-11-06 04:00:00,1321,Entertainment,Net Banking,70000,No
2024-01-10 13:00:00,2465,Food,Cash,50000,Yes
2023-02-02 11:00:00,2841,Entertainment,UPI,70000,No
2023-05-01 12:00:00,4763,Transport,UPI,100000,No
2023-08-19 14:00:00,3104,Transport,Cash,50000,No
2023-05-18 18:00:00,2508,Shopping,Cash,100000,No
2023-05-01 22:00:00,3115,Travel,Net Banking,30000,Yes
2023-06-04 22:00:00,1213,Food,Card,50000,No
2023-01-01 21:00:00,4609,Entertainment,Cash,70000,No
2023-03-04 12:00:00,2799,Travel,UPI,50000,No
2024-01-12 10:00:00,1998,Shopping,Net Banking,30000,No
2024-02-19 16:00:00,109,Groceries,UPI,30000,No
2023-06-01 17:00:00,3152,Food,Net Banking,70000,No
2023-08-06 04:00:00,382,Transport,Card,100000,No
2023-01-08 23:00:00,4221,Travel,Card,50000,No
2023-12-24 19:00:00,239,Shopping,UPI,100000,No
2023-10-26 22:00:00,3610,Shopping,Cash,100000,No
2023-08-02 02:00:00,345,Food,Cash,70000,No
2023-07-14 06:00:00,2598,Food,UPI,50000,Yes
2023-06-30 06:00:00,226,Entertainment,Cash,30000,No
2024-01-13 17:00:00,849,Entertainment,Cash,70000,Yes
2023-06-30 15:00:00,855,Transport,UPI,100000,Yes
2023-12-12 01:00:00,1792,Transport,UPI,30000,No
2023-12-27 08:00:00,264,Food,Card,100000,No
2024-01-19 04:00:00,1929,Food,UPI,50000,No
2023-08-17 22:00:00,2750,Travel,Card,100000,No
2023-12-22 16:00:00,646,Entertainment,Card,30000,No
2023-04-23 23:00:00,1767,Shopping,Net Banking,50000,No
2023-11-13 11:00:00,1405,Entertainment,Cash,70000,Yes
2023-09-19 09:00:00,4273,Entertainment,UPI,100000,No
2023-09-19 20:00:00,1342,Food,Cash,50000,No
2024-01-23 20:00:00,2648,Food,Net Banking,50000,No
2024-01-03 09:00:00,3487,Entertainment,UPI,70000,No
2023-06-16 10:00:00,4764,Groceries,UPI,70000,No
2023-03-11 22:00:00,191,Groceries,Net Banking,30000,No
2023-12-17 14:00:00,3266,Transport,Cash,50000,No
2023-01-31 23:00:00,2889,Entertainment,Card,50000,Yes
2023-01-20 06:00:00,4390,Groceries,Net Banking,30000,No
2023-03-07 08:00:00,3563,Transport,Net Banking,100000,No
2023-03-14 08:00:00,2800,Transport,UPI,50000,No
2023-11-26 07:00:00,1764,Entertainment,Card,50000,No
2023-10-19 18:00:00,1185,Transport,Net Banking,100000,No
2024-01-05 00:00:00,3771,Food,Cash,70000,Yes
2023-02-26 12:00:00,1959,Food,Net Banking,70000,No
2023-02-12 06:00:00,2297,Food,Cash,70000,No
2023-02-13 22:00:00,4566,Shopping,UPI,30000,No
2023-03-15 12:00:00,4152,Food,Net Banking,100000,Yes
2023-09-08 09:00:00,1598,Food,Cash,70000,No
2023-07-05 18:00:00,2689,Entertainment,UPI,30000,No
2024-02-05 04:00:00,4816,Groceries,UPI,100000,Yes
2023-01-28 19:00:00,4561,Groceries,UPI,70000,No
2023-05-21 10:00:00,2881,Food,Net Banking,50000,No
2023-09-07 00:00:00,1056,Food,UPI,50000,Yes
2023-02-28 02:00:00,3271,Food,UPI,70000,No
2023-12-12 10:00:00,3112,Transport,Cash,70000,Yes
2023-06-19 14:00:00,4573,Entertainment,UPI,30000,No
2023-10-18 22:00:00,3102,Entertainment,Net Banking,50000,No
2023-12-25 21:00:00,4479,Entertainment,Card,100000,Yes
2023-08-22 07:00:00,2369,Groceries,UPI,70000,No
2023-06-02 02:00:00,3589,Shopping,Net Banking,100000,No
2024-01-24 12:00:00,2416,Groceries,UPI,70000,No
2024-02-17 06:00:00,576,Entertainment,Net Banking,50000,No
2023-05-31 20:00:00,2857,Travel,UPI,70000,Yes
2023-05-13 22:00:00,1245,Shopping,Cash,100000,No
2024-01-02 05:00:00,1803,Food,Card,50000,No
2023-01-17 07:00:00,1722,Transport,Card,70000,Yes
2023-02-14 19:00:00,2078,Groceries,Net Banking,50000,No
2023-04-21 10:00:00,1704,Transport,Net Banking,30000,No
2023-04-10 08:00:00,4599,Shopping,Card,100000,No
2023-02-03 17:00:00,4891,Travel,Cash,70000,No
2023-12-02 07:00:00,4091,Shopping,Cash,70000,No
2023-08-18 05:00:00,897,Groceries,UPI,70000,Yes
2023-10-15 07:00:00,917,Entertainment,Cash,100000,No
2023-02-18 07:00:00,823,Food,Card,30000,No
2023-11-12 14:00:00,592,Entertainment,Card,100000,No
2023-03-05 19:00:00,4467,Entertainment,Cash,70000,No
2023-08-17 09:00:00,835,Groceries,Cash,100000,Yes
2023-11-11 12:00:00,3355,Entertainment,Card,70000,No
2023-07-27 08:00:00,4685,Entertainment,Card,100000,No
2023-08-26 07:00:00,2933,Groceries,Card,50000,No
2023-12-18 21:00:00,498,Groceries,Card,100000,Yes
2023-05-28 20:00:00,3360,Travel,Card,70000,No
2023-09-14 19:00:00,4635,Entertainment,Cash,70000,No
2023-10-05 23:00:00,1955,Shopping,Cash,100000,No
2023-08-08 08:00:00,4609,Food,UPI,100000,No
2023-02-21 07:00:00,4459,Transport,UPI,50000,No
2023-04-11 23:00:00,3301,Food,Net Banking,30000,No
2023-12-03 07:00:00,434,Groceries,UPI,30000,No
2023-06-27 13:00:00,344,Transport,Cash,50000,No
2024-02-11 21:00:00,1288,Groceries,UPI,30000,No
2023-05-02 04:00:00,4907,Travel,UPI,30000,Yes
2023-07-16 08:00:00,2866,Entertainment,Cash,70000,No
2023-10-09 11:00:00,1148,Groceries,Card,70000,No
2024-02-14 01:00:00,1787,Groceries,Cash,70000,No
2023-06-11 19:00:00,2239,Food,Cash,100000,No
2023-05-27 11:00:00,2815,Entertainment,Net Banking,100000,Yes
2023-05-22 19:00:00,1272,Travel,Net Banking,30000,No
2023-07-11 14:00:00,3292,Groceries,Net Banking,100000,Yes
2023-07-28 16:00:00,3949,Groceries,Card,70000,No
2023-09-17 06:00:00,4373,Groceries,UPI,100000,No
2023-06-17 01:00:00,460,Food,Net Banking,30000,Yes
2023-04-24 23:00:00,3049,Groceries,Cash,70000,No
2023-07-07 03:00:00,2995,Groceries,Net Banking,30000,No
2023-12-25 01:00:00,4836,Food,Cash,100000,No
2023-02-10 14:00:00,927,Groceries,Card,50000,No
2023-01-10 07:00:00,836,Entertainment,Net Banking,50000,No
2023-07-12 05:00:00,2159,Entertainment,Cash,70000,No
2023-10-10 09:00:00,2036,Food,UPI,30000,No
2023-12-18 03:00:00,928,Entertainment,Card,50000,No
2023-06-25 11:00:00,1657,Transport,Cash,50000,No
2023-01-10 09:00:00,2453,Transport,UPI,70000,No
2023-12-07 23:00:00,120,Transport,UPI,70000,No
2023-06-28 05:00:00,2360,Travel,Cash,30000,No
2023-02-25 21:00:00,4451,Groceries,Net Banking,50000,Yes
2023-06-18 04:00:00,3345,Travel,UPI,30000,No
2023-12-17 01:00:00,811,Entertainment,Card,30000,Yes
2023-06-05 07:00:00,4733,Food,UPI,70000,No
2023-06-13 16:00:00,2171,Transport,Net Banking,30000,No
2023-04-27 19:00:00,3632,Food,Card,100000,Yes
2024-01-23 13:00:00,4247,Travel,Card,30000,No
2023-10-01 06:00:00,1679,Entertainment,Card,50000,No
2023-01-17 09:00:00,4338,Groceries,Cash,30000,No
2023-10-12 23:00:00,1135,Entertainment,UPI,100000,No
2024-01-12 11:00:00,2507,Transport,Net Banking,100000,No
2024-02-09 20:00:00,4445,Entertainment,Cash,50000,No
2024-01-02 11:00:00,3316,Food,Cash,50000,Yes
2023-01-25 05:00:00,503,Shopping,Card,30000,Yes
2023-01-06 12:00:00,2671,Transport,Cash,100000,No
2023-04-29 06:00:00,668,Groceries,UPI,100000,No
2023-05-22 01:00:00,686,Transport,Cash,30000,No
2023-06-07 02:00:00,2398,Transport,Cash,50000,No
2023-04-05 12:00:00,4924,Groceries,Card,100000,No
2023-02-10 15:00:00,3086,Transport,Card,30000,No
2023-11-13 21:00:00,2299,Food,Cash,50000,No
2023-10-28 13:00:00,2771,Entertainment,Card,30000,No
2024-02-10 15:00:00,2399,Food,Net Banking,50000,No
2023-04-29 03:00:00,4482,Entertainment,Net Banking,50000,No
2023-04-25 02:00:00,2044,Shopping,Net Banking,100000,Yes
2024-02-02 21:00:00,2870,Transport,Cash,70000,No
2023-06-22 06:00:00,1121,Shopping,UPI,100000,No
2024-02-01 04:00:00,2081,Travel,UPI,30000,No
2023-10-12 17:00:00,1299,Entertainment,Card,50000,No
2023-12-15 01:00:00,1345,Food,UPI,100000,No
2023-03-21 13:00:00,3606,Food,UPI,50000,No
2024-01-24 07:00:00,377,Transport,Cash,100000,No
2024-02-15 10:00:00,846,Food,Card,30000,No
2023-03-23 19:00:00,2911,Travel,UPI,30000,Yes
2023-08-03 17:00:00,4810,Groceries,Net Banking,30000,Yes
2023-02-10 06:00:00,2843,Food,Card,100000,No
2023-02-07 01:00:00,3144,Transport,Card,70000,No
2023-05-08 13:00:00,3027,Shopping,Card,30000,No
2023-09-27 05:00:00,1012,Food,Net Banking,100000,No
2023-09-14 22:00:00,1318,Food,UPI,70000,No
2023-10-18 07:00:00,422,Food,Net Banking,100000,No
2024-02-15 18:00:00,4430,Transport,Card,100000,Yes
2023-12-04 13:00:00,2618,Groceries,Card,30000,No
2023-11-04 11:00:00,4952,Food,Cash,70000,No
2024-02-06 09:00:00,4792,Groceries,Cash,100000,No
2023-10-31 08:00:00,3743,Groceries,Cash,100000,No
2023-02-14 11:00:00,1654,Travel,Cash,100000,No
2023-06-25 23:00:00,145,Shopping,Card,100000,No
2024-01-11 18:00:00,4419,Food,Net Banking,30000,Yes
2023-07-11 23:00:00,3991,Food,Cash,100000,No
2023-06-16 01:00:00,1250,Food,Net Banking,70000,No
2023-05-13 11:00:00,3994,Groceries,Cash,50000,No
2023-07-09 02:00:00,4929,Entertainment,UPI,70000,No
2023-04-09 10:00:00,181,Shopping,Cash,100000,No
2023-04-03 16:00:00,3165,Transport,Net Banking,100000,No
2023-09-23 11:00:00,1440,Food,Cash,70000,Yes
2023-03-13 22:00:00,1199,Entertainment,UPI,50000,No
2023-08-30 07:00:00,3560,Entertainment,Net Banking,30000,No
2023-12-03 09:00:00,3697,Entertainment,Net Banking,50000,No
2023-12-19 10:00:00,857,Shopping,Net Banking,50000,Yes
2023-10-20 05:00:00,4889,Entertainment,Card,50000,Yes
2023-02-04 21:00:00,100,Transport,Net Banking,70000,No
2023-07-11 00:00:00,3258,Food,Card,50000,No
2023-01-29 14:00:00,105,Transport,UPI,30000,No
2023-01-15 20:00:00,3714,Food,Net Banking,100000,No
2024-01-13 15:00:00,793,Travel,Net Banking,70000,No
2023-07-13 15:00:00,4588,Groceries,Net Banking,70000,No
2023-07-04 02:00:00,2926,Entertainment,UPI,50000,Yes
2023-10-04 18:00:00,129,Transport,Card,100000,No
2023-05-22 07:00:00,4522,Groceries,Cash,100000,No
2023-07-01 13:00:00,3990,Groceries,UPI,100000,No
2023-07-23 07:00:00,3016,Groceries,UPI,70000,No
2023-08-10 15:00:00,3778,Groceries,UPI,30000,No
2023-04-25 03:00:00,4586,Groceries,Card,100000,Yes
2024-02-01 06:00:00,175,Food,Card,70000,Yes
2024-02-10 07:00:00,268,Shopping,Card,50000,No
2023-07-19 08:00:00,997,Entertainment,Card,100000,No
2024-02-20 04:00:00,4423,Entertainment,Card,50000,No
2023-02-06 13:00:00,644,Food,Net Banking,100000,No
2023-04-30 14:00:00,190,Transport,Cash,50000,No
2023-01-13 04:00:00,2943,Food,Cash,70000,No
2024-02-15 03:00:00,3105,Groceries,Card,50000,No
2023-12-30 16:00:00,1680,Shopping,Card,70000,No
2023-04-22 22:00:00,926,Entertainment,Net Banking,50000,No
2023-01-10 17:00:00,4255,Transport,Card,50000,No
2023-04-09 22:00:00,2710,Travel,Net Banking,50000,No
2023-04-05 16:00:00,3440,Food,Net Banking,100000,No
2023-02-10 06:00:00,4941,Travel,UPI,30000,No
2023-02-07 01:00:00,2079,Entertainment,UPI,30000,Yes
2023-06-10 23:00:00,4874,Food,Card,100000,No
2023-09-14 10:00:00,2602,Entertainment,Net Banking,50000,Yes
2023-05-22 16:00:00,3661,Food,Card,50000,No
2023-12-09 18:00:00,1090,Transport,UPI,100000,No
2023-07-09 06:00:00,364,Entertainment,UPI,70000,No
2023-05-27 19:00:00,3509,Travel,UPI,70000,No
2023-03-15 11:00:00,4222,Shopping,UPI,100000,No
2023-05-18 03:00:00,3075,Transport,UPI,30000,Yes
2023-04-14 16:00:00,2996,Transport,Card,70000,Yes
2023-03-06 22:00:00,3286,Food,Card,100000,No
2023-07-15 10:00:00,3730,Travel,UPI,70000,Yes
2023-09-13 01:00:00,4857,Entertainment,Card,100000,No
2023-04-05 20:00:00,3156,Travel,UPI,70000,No
2023-07-04 23:00:00,1587,Transport,UPI,70000,No
2023-02-15 23:00:00,3922,Food,UPI,100000,No
2023-11-10 08:00:00,1917,Travel,Card,30000,Yes
2024-02-05 11:00:00,4999,Entertainment,Card,30000,No
2023-08-14 09:00:00,1211,Groceries,Net Banking,70000,No
2024-02-07 22:00:00,3970,Transport,Card,70000,No
2023-11-24 21:00:00,3932,Shopping,Card,30000,No
2023-05-04 04:00:00,2806,Shopping,Cash,100000,Yes
2023-11-18 06:00:00,1962,Transport,UPI,50000,No
2023-09-08 17:00:00,314,Groceries,UPI,70000,Yes
2024-02-03 22:00:00,4478,Food,Card,50000,No
2023-05-22 00:00:00,4965,Travel,Card,70000,Yes
2024-02-11 17:00:00,1352,Travel,Net Banking,30000,No
2023-01-02 04:00:00,1244,Groceries,Cash,100000,Yes
2024-01-06 17:00:00,1576,Groceries,UPI,70000,No
2024-01-19 20:00:00,3654,Entertainment,UPI,50000,No
2024-02-06 14:00:00,4444,Entertainment,Card,30000,No
2023-11-20 04:00:00,2298,Shopping,Card,70000,No
2023-10-17 12:00:00,1208,Food,Cash,100000,No
2023-08-28 19:00:00,4417,Food,UPI,70000,Yes
2023-05-31 02:00:00,4680,Groceries,Cash,100000,Yes
2023-07-30 22:00:00,3563,Shopping,UPI,100000,No
2023-12-03 07:00:00,2128,Shopping,Card,30000,No
2023-10-29 20:00:00,1194,Entertainment,Cash,70000,No
2023-09-23 12:00:00,118,Travel,Net Banking,100000,Yes
2023-10-24 01:00:00,3767,Food,Card,30000,Yes
2023-05-30 05:00:00,3058,Shopping,Net Banking,70000,No
2023-04-26 02:00:00,876,Entertainment,Net Banking,100000,No
2023-01-24 20:00:00,1219,Entertainment,Net Banking,30000,No
2023-11-18 01:00:00,1033,Entertainment,UPI,70000,No
2023-01-26 14:00:00,4626,Travel,Net Banking,100000,No
2023-06-18 18:00:00,4027,Shopping,UPI,30000,No
2023-01-14 13:00:00,3384,Groceries,Cash,30000,No
2023-06-05 20:00:00,2390,Groceries,Card,70000,No
2023-01-15 22:00:00,2065,Entertainment,UPI,30000,Yes
2023-06-07 09:00:00,1502,Entertainment,UPI,70000,No
2023-09-04 02:00:00,2183,Travel,Cash,70000,Yes
2023-03-13 17:00:00,1089,Entertainment,Cash,100000,No
2023-02-26 05:00:00,4773,Transport,Card,70000,Yes
2023-06-04 00:00:00,4263,Shopping,Cash,30000,No
2023-06-12 08:00:00,3516,Entertainment,UPI,70000,No
2023-06-27 12:00:00,3076,Entertainment,Card,100000,No
2024-02-12 20:00:00,4307,Shopping,Card,30000,Yes
2024-02-14 03:00:00,2797,Food,Card,100000,No
2023-10-17 05:00:00,4312,Transport,Net Banking,50000,No
2023-06-08 16:00:00,4445,Transport,Net Banking,100000,Yes
2023-08-07 14:00:00,3545,Groceries,UPI,50000,No
2023-12-16 08:00:00,3905,Entertainment,Net Banking,50000,No
2023-06-10 05:00:00,611,Shopping,Cash,70000,No
2023-04-18 09:00:00,2253,Groceries,Card,30000,No
2023-01-04 19:00:00,3469,Travel,UPI,70000,No
2023-06-26 10:00:00,1194,Food,Cash,30000,Yes
2023-12-28 08:00:00,2749,Entertainment,Card,100000,No
2023-10-02 16:00:00,1601,Food,Cash,50000,Yes
2023-12-05 16:00:00,4071,Entertainment,Net Banking,50000,No
2023-02-14 19:00:00,610,Entertainment,Cash,50000,No
2023-04-15 17:00:00,1237,Entertainment,Net Banking,100000,No
2023-12-07 08:00:00,3183,Food,Cash,100000,No
2023-10-13 21:00:00,3461,Transport,UPI,70000,No
2024-01-10 14:00:00,1739,Travel,Net Banking,70000,No
2023-01-26 04:00:00,4457,Transport,Net Banking,30000,No
2023-05-05 03:00:00,2473,Shopping,Card,30000,Yes
2023-10-25 12:00:00,1419,Shopping,Net Banking,50000,No
2023-10-22 09:00:00,630,Transport,Card,100000,Yes
2023-07-24 20:00:00,1026,Travel,Net Banking,100000,Yes
2023-10-11 08:00:00,4322,Travel,Net Banking,70000,No
2023-01-25 21:00:00,4659,Entertainment,Net Banking,70000,No
2024-02-10 04:00:00,2406,Entertainment,Net Banking,30000,Yes
2023-11-02 00:00:00,168,Shopping,Card,30000,No
2023-12-29 17:00:00,1592,Entertainment,UPI,70000,No
2023-08-23 06:00:00,4912,Entertainment,Cash,70000,No
2023-03-20 05:00:00,3093,Travel,Net Banking,100000,No
2023-03-12 19:00:00,1022,Food,Net Banking,30000,No
2024-01-20 05:00:00,965,Transport,UPI,70000,No
2023-08-29 20:00:00,1487,Groceries,Card,70000,No
2023-01-30 20:00:00,636,Groceries,Cash,50000,No
2023-06-20 06:00:00,400,Entertainment,UPI,70000,Yes
2023-01-28 17:00:00,4641,Entertainment,UPI,70000,Yes
2023-11-23 22:00:00,2612,Transport,UPI,100000,No
2023-10-03 11:00:00,1920,Groceries,UPI,70000,No
2023-02-14 23:00:00,322,Travel,Net Banking,30000,No
2023-12-17 19:00:00,2977,Groceries,Cash,50000,No
2023-12-14 12:00:00,4408,Groceries,Net Banking,100000,No
2023-02-14 13:00:00,3489,Groceries,UPI,30000,No
2023-08-08 07:00:00,3091,Entertainment,Cash,50000,No
2023-11-28 07:00:00,3998,Entertainment,UPI,50000,No
2023-02-26 19:00:00,1814,Transport,Card,70000,No
2023-07-07 20:00:00,4340,Groceries,UPI,50000,Yes
2023-03-15 03:00:00,1820,Entertainment,UPI,50000,Yes
2023-01-22 15:00:00,1572,Transport,Card,70000,No
2023-08-16 15:00:00,881,Groceries,Net Banking,100000,Yes
2023-10-29 09:00:00,611,Travel,Cash,70000,No
2023-02-15 22:00:00,3590,Entertainment,UPI,100000,No
2023-01-25 21:00:00,4186,Food,UPI,50000,Yes
2023-05-17 09:00:00,1529,Transport,Card,30000,No
2023-08-29 21:00:00,4516,Entertainment,Cash,100000,Yes
2023-09-18 16:00:00,1255,Travel,Card,100000,Yes
2023-10-30 10:00:00,706,Travel,UPI,100000,No
2024-01-01 20:00:00,3990,Entertainment,Net Banking,100000,No
2023-10-01 02:00:00,639,Shopping,Net Banking,50000,No
2024-02-04 23:00:00,4376,Transport,Cash,30000,Yes
2023-11-30 10:00:00,4954,Groceries,UPI,100000,No
2023-07-21 22:00:00,1421,Groceries,Card,30000,No
2024-02-14 05:00:00,4624,Travel,UPI,50000,No
2024-01-18 18:00:00,3801,Entertainment,Card,100000,No
2023-07-19 22:00:00,3809,Shopping,Card,30000,Yes
2023-10-03 05:00:00,2150,Transport,Cash,100000,No
2023-05-05 10:00:00,1934,Food,Card,100000,No
2023-01-17 16:00:00,797,Groceries,Cash,50000,No
2023-04-29 23:00:00,513,Transport,Net Banking,100000,Yes
2023-05-23 04:00:00,803,Transport,Cash,30000,Yes
2023-01-03 08:00:00,632,Shopping,Cash,30000,No
2023-12-01 06:00:00,2255,Transport,Cash,50000,No
2023-03-20 03:00:00,4164,Groceries,Net Banking,70000,No
2023-07-09 07:00:00,4200,Entertainment,Cash,70000,Yes
2023-06-29 02:00:00,4077,Groceries,Card,50000,No
2023-06-07 00:00:00,4866,Food,Card,50000,No
2023-08-28 16:00:00,3403,Entertainment,Cash,70000,No
2023-07-21 09:00:00,2858,Travel,Card,70000,No
2023-02-26 09:00:00,3653,Shopping,Cash,30000,No
2023-07-27 19:00:00,3963,Groceries,Net Banking,30000,No
2023-10-02 21:00:00,1469,Entertainment,Card,30000,Yes
2023-06-29 15:00:00,2217,Transport,Cash,70000,No
2023-05-03 06:00:00,2194,Entertainment,UPI,50000,No
2023-01-01 22:00:00,2217,Groceries,Net Banking,100000,No
2023-02-20 09:00:00,1610,Travel,UPI,30000,No
2024-01-08 12:00:00,1226,Groceries,Cash,100000,No
2023-02-03 12:00:00,1318,Travel,Card,50000,No
2023-12-13 21:00:00,3637,Transport,Cash,70000,No
2023-07-04 00:00:00,1216,Groceries,Card,30000,No
2023-12-26 09:00:00,3625,Entertainment,Cash,70000,No
2023-08-03 05:00:00,2891,Food,Cash,50000,Yes
2023-07-27 00:00:00,1920,Food,Card,30000,No
2023-06-02 23:00:00,3979,Transport,Card,50000,No
2023-10-31 20:00:00,2317,Entertainment,Cash,50000,No
2023-10-19 17:00:00,2936,Food,UPI,30000,Yes
2023-03-29 10:00:00,209,Transport,Net Banking,100000,No
2023-12-18 20:00:00,2708,Travel,UPI,30000,No
2023-07-30 21:00:00,3813,Entertainment,UPI,70000,Yes
2024-01-24 09:00:00,4784,Travel,UPI,100000,No
2023-05-17 00:00:00,1105,Entertainment,UPI,30000,Yes
2023-08-15 11:00:00,383,Travel,Card,30000,No
2023-12-20 21:00:00,3646,Travel,UPI,30000,No
2023-10-06 19:00:00,941,Food,Net Banking,30000,No
2023-04-26 03:00:00,3037,Entertainment,Card,30000,Yes
2023-06-16 21:00:00,4497,Groceries,UPI,70000,No
2023-05-16 01:00:00,1412,Food,Card,50000,No
2023-05-08 09:00:00,975,Travel,UPI,70000,No
2023-01-23 22:00:00,2493,Travel,UPI,50000,No
2023-08-21 06:00:00,2627,Groceries,Net Banking,30000,No
2023-08-14 11:00:00,4030,Groceries,Card,70000,No
2023-03-08 03:00:00,2455,Travel,Card,50000,No
2023-09-04 16:00:00,1469,Groceries,Cash,50000,No
2023-08-08 04:00:00,2925,Shopping,UPI,30000,No
2023-07-03 17:00:00,109,Food,UPI,30000,No
2023-08-29 23:00:00,2574,Entertainment,Net Banking,100000,No
2023-01-30 16:00:00,3847,Groceries,Net Banking,100000,No
2023-08-14 06:00:00,2709,Groceries,Card,50000,No
2023-11-29 22:00:00,4146,Shopping,Net Banking,100000,No
2023-11-06 04:00:00,1628,Entertainment,Card,70000,No
2023-10-13 03:00:00,4456,Shopping,UPI,50000,No
2023-04-12 09:00:00,3155,Entertainment,UPI,70000,No
2023-05-18 13:00:00,757,Food,Card,100000,Yes
2023-01-12 06:00:00,1830,Groceries,Net Banking,70000,No
2024-02-21 02:00:00,2463,Food,Net Banking,50000,No
2023-02-14 23:00:00,3456,Entertainment,Card,70000,Yes
2023-08-10 18:00:00,2211,Groceries,UPI,50000,No
2024-01-02 11:00:00,3589,Shopping,Card,100000,Yes
2023-08-08 01:00:00,658,Travel,Net Banking,50000,No
2023-11-29 14:00:00,358,Shopping,Card,100000,No
2024-02-12 09:00:00,4357,Travel,UPI,30000,No
2023-09-16 22:00:00,2414,Shopping,Cash,100000,No
2023-07-28 14:00:00,234,Entertainment,Card,50000,No
2023-06-16 01:00:00,295,Food,Cash,50000,No
2024-02-04 11:00:00,288,Travel,Card,30000,No
2024-01-02 07:00:00,569,Entertainment,Net Banking,30000,No
2023-12-29 17:00:00,3957,Food,Net Banking,100000,No
2023-09-07 15:00:00,326,Food,Cash,70000,No
2023-09-17 11:00:00,4078,Groceries,Card,70000,Yes
2024-01-21 18:00:00,4359,Groceries,Net Banking,30000,No
2023-11-23 09:00:00,655,Groceries,Cash,100000,No
2023-05-01 06:00:00,4623,Travel,Cash,30000,No
2023-04-21 13:00:00,4653,Travel,Card,30000,Yes
2024-01-22 16:00:00,4103,Food,Net Banking,50000,Yes
2023-07-22 16:00:00,2762,Travel,Cash,50000,No
2023-04-15 18:00:00,191,Food,UPI,50000,No
2023-06-15 09:00:00,3711,Entertainment,UPI,30000,No
2023-05-17 20:00:00,2419,Shopping,Net Banking,100000,No
2023-11-19 12:00:00,1767,Food,Net Banking,70000,No
2023-07-10 06:00:00,4606,Food,UPI,70000,No
2023-04-02 12:00:00,4815,Entertainment,Cash,50000,No
2023-02-02 21:00:00,3477,Groceries,Card,100000,No
2023-05-25 19:00:00,2374,Transport,Cash,50000,No
2024-02-15 16:00:00,1894,Groceries,Net Banking,100000,No
2023-02-24 13:00:00,449,Groceries,Net Banking,100000,No
2023-02-06 00:00:00,4813,Food,Card,100000,No
2023-08-13 13:00:00,2613,Food,Cash,30000,No
2023-05-21 03:00:00,1572,Travel,Card,100000,No
2023-12-09 07:00:00,1384,Travel,Cash,30000,No
2023-05-06 03:00:00,2673,Shopping,Cash,70000,No
2023-12-21 06:00:00,288,Shopping,UPI,70000,No
2023-02-21 07:00:00,3265,Transport,Cash,30000,No
2023-11-28 15:00:00,3697,Travel,Net Banking,70000,No
2023-04-23 23:00:00,1666,Food,Net Banking,70000,No
2023-10-02 05:00:00,2479,Entertainment,Net Banking,50000,No
2023-11-18 01:00:00,3702,Travel,UPI,30000,No
2023-01-18 13:00:00,1771,Food,Card,30000,No
2024-02-20 05:00:00,1322,Travel,Net Banking,30000,No
2023-02-09 10:00:00,3189,Groceries,Net Banking,50000,No
2024-01-26 18:00:00,2928,Travel,Card,30000,No
2023-03-18 10:00:00,1585,Transport,UPI,70000,No
2023-03-07 04:00:00,585,Groceries,Cash,100000,No
2023-11-02 12:00:00,998,Food,Card,50000,Yes
2023-07-26 00:00:00,2692,Groceries,Cash,50000,No
2023-02-24 12:00:00,3991,Travel,Cash,30000,No
2023-05-05 10:00:00,1071,Groceries,Cash,100000,Yes
2023-01-17 02:00:00,483,Transport,Card,100000,No
2023-09-13 11:00:00,1453,Entertainment,Card,100000,No
2024-01-25 17:00:00,3561,Groceries,Cash,70000,Yes
2023-05-16 18:00:00,2985,Transport,UPI,100000,No
2023-09-13 01:00:00,4928,Groceries,UPI,30000,Yes
2023-07-20 11:00:00,4314,Shopping,UPI,70000,No
2023-10-01 22:00:00,4854,Entertainment,Net Banking,100000,No
2023-10-07 01:00:00,3383,Food,Cash,30000,Yes
2023-06-13 21:00:00,1652,Transport,Net Banking,70000,No
2023-03-01 23:00:00,278,Groceries,UPI,70000,No
2023-09-15 01:00:00,4572,Entertainment,Card,100000,No
2023-07-06 16:00:00,4267,Food,UPI,70000,No
2023-01-03 07:00:00,2246,Entertainment,Net Banking,50000,Yes
2023-05-19 12:00:00,2949,Transport,Net Banking,30000,No
2023-10-10 09:00:00,160,Shopping,UPI,100000,No
2023-01-05 09:00:00,1294,Transport,Cash,30000,No
2023-05-14 09:00:00,4209,Transport,Card,30000,Yes
2023-01-28 21:00:00,2735,Food,Card,50000,No
2024-01-08 06:00:00,3851,Food,UPI,70000,No
2023-02-10 06:00:00,3917,Groceries,Cash,50000,No
2023-01-13 19:00:00,1427,Travel,Cash,50000,Yes
2023-03-31 02:00:00,1821,Transport,UPI,70000,No
2023-01-05 13:00:00,62,Food,Card,100000,Yes
2023-06-01 08:00:00,4384,Transport,Card,30000,No
2023-10-08 08:00:00,3311,Transport,Card,100000,No
2023-08-25 20:00:00,712,Food,Cash,100000,Yes
2023-09-28 19:00:00,3142,Shopping,UPI,50000,No
2023-03-21 19:00:00,743,Shopping,Cash,70000,No
2023-01-24 04:00:00,3440,Transport,Card,70000,Yes
2023-11-14 11:00:00,1231,Shopping,Cash,30000,No
2023-01-05 08:00:00,3068,Transport,Card,70000,No
2023-03-27 07:00:00,1554,Groceries,UPI,100000,No
2023-01-07 01:00:00,1952,Food,Card,70000,Yes
2023-02-06 09:00:00,4221,Transport,Net Banking,70000,No
2023-01-13 10:00:00,378,Shopping,Net Banking,100000,No
2023-05-15 22:00:00,1489,Shopping,UPI,30000,No
2024-01-04 05:00:00,3896,Entertainment,Cash,30000,Yes
2023-09-23 22:00:00,4217,Entertainment,Cash,100000,No
2023-04-15 15:00:00,274,Shopping,Cash,70000,No
2023-10-02 20:00:00,2570,Groceries,Card,70000,No
2023-02-02 15:00:00,3764,Travel,Net Banking,30000,Yes
2023-07-28 00:00:00,2457,Transport,UPI,30000,Yes
2023-01-16 10:00:00,860,Entertainment,Cash,30000,No
2023-01-21 06:00:00,3167,Transport,Cash,50000,No
2023-11-04 10:00:00,4823,Entertainment,UPI,30000,No
2023-05-14 04:00:00,3340,Food,Card,70000,No
2024-02-03 00:00:00,4436,Food,Cash,30000,No
2023-06-28 15:00:00,2301,Shopping,Card,70000,Yes
2023-04-05 05:00:00,4711,Food,Card,70000,No
2024-01-17 04:00:00,2579,Food,Card,70000,No
2023-12-24 04:00:00,4656,Travel,Cash,30000,No
2023-01-10 22:00:00,973,Groceries,Cash,30000,No
2023-10-13 03:00:00,3102,Shopping,UPI,100000,No
2023-02-16 01:00:00,65,Travel,UPI,30000,No
2023-02-27 18:00:00,3646,Shopping,Card,30000,No
2024-02-09 23:00:00,2453,Groceries,Cash,30000,No
2023-03-11 11:00:00,4501,Shopping,Card,50000,No
2023-04-23 03:00:00,4975,Transport,UPI,30000,No
2023-11-20 04:00:00,4060,Transport,Card,50000,No
2023-03-25 04:00:00,2696,Transport,Net Banking,70000,No
2023-03-01 09:00:00,1151,Food,Card,70000,Yes
2023-12-01 07:00:00,3025,Groceries,Cash,70000,Yes
2023-10-13 09:00:00,1140,Travel,Card,70000,No
2023-05-16 07:00:00,2956,Travel,Card,50000,No
2023-04-19 00:00:00,1796,Entertainment,Cash,50000,No
2023-03-04 02:00:00,4359,Travel,Net Banking,70000,No
2023-02-21 00:00:00,1770,Transport,Cash,30000,No
2023-04-18 19:00:00,498,Transport,UPI,70000,Yes
2023-11-18 10:00:00,3062,Entertainment,Net Banking,70000,No
2023-05-08 16:00:00,3554,Food,Net Banking,50000,No
2023-11-22 04:00:00,1618,Travel,Cash,70000,Yes
2023-02-04 16:00:00,3236,Groceries,Card,50000,No
2023-04-12 16:00:00,3541,Entertainment,UPI,100000,Yes
2023-07-19 19:00:00,2596,Travel,UPI,50000,No
2023-03-10 14:00:00,4855,Food,Net Banking,70000,No
2023-01-19 08:00:00,4525,Groceries,UPI,30000,No
2023-09-06 04:00:00,1097,Groceries,Net Banking,50000,No
2024-02-10 01:00:00,4684,Food,Net Banking,50000,Yes
2023-04-09 15:00:00,4898,Travel,UPI,50000,No
2023-10-07 00:00:00,4680,Shopping,Net Banking,70000,No
2023-08-05 06:00:00,4818,Travel,Card,70000,No
2023-07-14 07:00:00,1114,Entertainment,Net Banking,50000,No
2023-10-22 06:00:00,3871,Entertainment,Card,30000,No
2023-06-30 11:00:00,617,Travel,Card,70000,Yes
2024-01-31 16:00:00,1486,Transport,Card,30000,No
2023-05-07 10:00:00,4560,Entertainment,UPI,100000,No
2024-01-26 17:00:00,4594,Shopping,Card,30000,No
2023-05-16 22:00:00,4755,Transport,UPI,70000,Yes
2023-03-29 19:00:00,2755,Shopping,Cash,50000,No
2023-10-21 04:00:00,2533,Groceries,Card,100000,Yes
2023-06-30 00:00:00,4850,Entertainment,Net Banking,30000,No
2023-09-05 10:00:00,4879,Transport,Cash,50000,No
2023-04-25 11:00:00,3829,Travel,Cash,100000,No
2023-07-14 21:00:00,4945,Transport,Card,30000,Yes
2023-11-29 04:00:00,2844,Groceries,UPI,50000,No
2023-06-27 16:00:00,1910,Shopping,Cash,100000,No
2023-05-11 13:00:00,3386,Groceries,Card,70000,No
2023-03-03 01:00:00,1940,Food,Cash,30000,No
2023-06-21 05:00:00,4876,Entertainment,Cash,30000,Yes
2023-04-03 03:00:00,4341,Travel,Card,100000,No
2023-08-19 19:00:00,1147,Shopping,Net Banking,30000,No
2024-02-10 15:00:00,1688,Groceries,Net Banking,50000,Yes
2023-03-12 09:00:00,1708,Travel,Net Banking,30000,No
2024-02-11 19:00:00,1175,Entertainment,Cash,30000,No
2023-11-18 23:00:00,313,Travel,UPI,50000,No
2023-11-20 12:00:00,3042,Entertainment,UPI,50000,No
2023-07-09 05:00:00,210,Entertainment,Cash,70000,No
2023-05-28 13:00:00,1306,Entertainment,Cash,50000,No
2023-02-04 02:00:00,4915,Groceries,Card,30000,No
2023-07-08 09:00:00,360,Entertainment,UPI,100000,No
2023-02-16 20:00:00,276,Travel,Cash,30000,No
2023-08-24 20:00:00,322,Food,Net Banking,70000,No
2023-08-24 01:00:00,4462,Travel,UPI,100000,No
2023-02-17 01:00:00,1972,Groceries,Cash,70000,No
2023-03-12 22:00:00,3207,Entertainment,Card,30000,No
2023-03-25 09:00:00,2388,Food,Card,50000,No
2023-10-16 00:00:00,1651,Groceries,UPI,100000,Yes
2023-06-11 14:00:00,3768,Shopping,Net Banking,30000,No
2023-10-29 08:00:00,2472,Shopping,UPI,100000,No
2024-02-21 14:00:00,1975,Shopping,Cash,70000,Yes
2023-09-21 19:00:00,616,Food,Net Banking,30000,No
2023-09-09 11:00:00,2965,Travel,Cash,100000,No
2023-09-29 19:00:00,301,Food,Net Banking,30000,No
2023-12-04 23:00:00,2404,Food,Net Banking,30000,No
2023-12-31 00:00:00,3551,Food,Cash,70000,No
2023-04-11 01:00:00,4820,Shopping,UPI,70000,Yes
2024-01-31 01:00:00,2361,Transport,Card,70000,No
2024-01-09 22:00:00,2165,Travel,Net Banking,50000,No
2023-01-23 11:00:00,1652,Transport,Net Banking,100000,No
2023-08-22 23:00:00,3320,Transport,Card,70000,No
2023-05-04 04:00:00,563,Food,UPI,50000,Yes
2023-12-03 13:00:00,491,Travel,Card,50000,No
2023-06-05 02:00:00,50,Transport,UPI,100000,No
2023-07-31 23:00:00,952,Entertainment,Net Banking,100000,No
2023-09-27 04:00:00,1270,Food,Net Banking,70000,Yes
2023-04-01 10:00:00,2371,Food,Cash,50000,No
2023-05-22 07:00:00,905,Food,UPI,100000,No
2023-10-17 06:00:00,1067,Entertainment,Card,100000,No
2023-03-09 08:00:00,2270,Entertainment,UPI,100000,No
2024-01-15 12:00:00,4730,Shopping,UPI,100000,No
2023-09-27 02:00:00,3554,Groceries,UPI,50000,No
2023-04-25 20:00:00,4600,Travel,UPI,30000,No
2023-10-13 13:00:00,245,Groceries,Card,100000,No
2023-11-18 05:00:00,4744,Food,Cash,50000,No
2023-03-22 16:00:00,1382,Transport,Net Banking,100000,No
2023-05-09 19:00:00,4701,Food,Card,50000,Yes
2023-02-10 08:00:00,1567,Transport,Card,70000,No
2023-11-01 01:00:00,4584,Shopping,Net Banking,30000,No
2023-05-14 11:00:00,2747,Groceries,Cash,50000,Yes
2023-09-28 19:00:00,4504,Food,Card,50000,No
2023-08-04 13:00:00,3157,Groceries,Net Banking,50000,No
2023-02-07 01:00:00,1107,Shopping,Cash,100000,No
2024-01-10 08:00:00,2755,Groceries,Cash,70000,Yes
2024-01-18 05:00:00,2113,Transport,UPI,100000,No
2023-11-04 14:00:00,2842,Travel,Card,70000,No
2023-05-28 03:00:00,470,Shopping,Cash,30000,No
2023-02-03 09:00:00,4698,Groceries,Card,100000,No
2023-12-10 02:00:00,2864,Food,Net Banking,50000,Yes
2023-05-20 13:00:00,2890,Entertainment,Card,30000,No
2023-11-30 13:00:00,1081,Entertainment,Cash,100000,No
2024-02-20 09:00:00,1541,Shopping,Net Banking,70000,No
2023-05-14 09:00:00,1935,Entertainment,Net Banking,100000,No
2023-01-15 13:00:00,4997,Travel,UPI,100000,No
2024-02-11 15:00:00,559,Shopping,Net Banking,50000,No
2024-01-24 09:00:00,1909,Food,Cash,50000,No
2024-02-20 12:00:00,1908,Food,UPI,30000,No
2023-01-25 07:00:00,963,Shopping,Cash,50000,No
2023-05-21 17:00:00,2115,Entertainment,Cash,100000,No
2023-09-09 04:00:00,3016,Entertainment,UPI,100000,Yes
2023-11-17 14:00:00,4939,Food,UPI,70000,No
2023-09-16 04:00:00,3887,Travel,Card,100000,No
2023-10-23 03:00:00,1646,Transport,Cash,30000,No
2023-05-22 17:00:00,4492,Entertainment,Card,30000,Yes
2023-05-13 17:00:00,1105,Travel,Net Banking,50000,No
2023-08-09 05:00:00,1073,Entertainment,Net Banking,70000,Yes
2024-01-25 18:00:00,3254,Transport,Card,100000,No
2023-10-10 04:00:00,625,Shopping,UPI,50000,No
2023-12-20 18:00:00,248,Groceries,Net Banking,100000,No
2023-05-20 11:00:00,1415,Food,UPI,30000,Yes
2023-02-02 20:00:00,2048,Shopping,Card,30000,No
2023-07-26 01:00:00,1066,Entertainment,UPI,70000,No
2023-05-01 09:00:00,3668,Transport,Cash,100000,No
2024-02-03 17:00:00,75,Food,Net Banking,100000,No
2023-08-08 17:00:00,1608,Groceries,UPI,30000,No
2023-05-17 08:00:00,3774,Groceries,UPI,70000,No
2024-01-13 21:00:00,3508,Transport,Cash,50000,No
2023-08-07 02:00:00,3406,Transport,UPI,70000,No
2024-02-12 01:00:00,2417,Entertainment,Card,50000,No
2023-10-15 14:00:00,520,Food,Card,50000,No
2023-11-14 04:00:00,2517,Entertainment,Card,30000,No
2023-04-14 20:00:00,4796,Groceries,Net Banking,50000,No
2023-10-09 01:00:00,935,Shopping,UPI,100000,No
2024-02-03 22:00:00,925,Shopping,Net Banking,30000,No
2023-06-26 16:00:00,991,Travel,Net Banking,70000,No
2023-04-07 18:00:00,3091,Groceries,UPI,70000,No
2023-08-09 18:00:00,621,Groceries,UPI,50000,No
2023-03-19 13:00:00,4199,Entertainment,Card,100000,No
2023-10-03 20:00:00,654,Travel,Net Banking,70000,No
2023-06-18 15:00:00,4470,Transport,Net Banking,50000,No
2023-11-12 21:00:00,3579,Travel,UPI,70000,No
2023-11-02 00:00:00,4410,Food,Net Banking,100000,Yes
2023-02-15 18:00:00,431,Entertainment,Cash,50000,No
2023-08-07 15:00:00,1286,Transport,UPI,100000,No
2023-03-14 06:00:00,2430,Transport,Card,50000,No
2023-07-14 07:00:00,3829,Shopping,Cash,100000,No
2023-09-04 05:00:00,2155,Food,Cash,70000,No
2023-05-23 08:00:00,1567,Travel,Card,70000,No
2023-09-20 14:00:00,1583,Shopping,Cash,100000,No
2023-11-13 09:00:00,3344,Groceries,Cash,70000,No
2023-01-29 08:00:00,3490,Entertainment,Cash,70000,No
2023-12-07 03:00:00,3539,Travel,Net Banking,50000,No
2023-03-28 06:00:00,3995,Groceries,Cash,100000,No
2023-10-05 20:00:00,4692,Transport,Cash,50000,No
2023-11-30 09:00:00,920,Travel,UPI,70000,No
2024-02-18 09:00:00,2200,Shopping,Card,70000,No
2023-04-02 07:00:00,3282,Food,Net Banking,30000,Yes
2024-01-05 03:00:00,3281,Shopping,Net Banking,100000,No
2024-02-13 12:00:00,3816,Entertainment,Card,100000,No
2023-11-13 02:00:00,3257,Entertainment,Net Banking,50000,No
2024-01-05 16:00:00,4543,Travel,Net Banking,100000,No
2024-01-17 20:00:00,4537,Shopping,Net Banking,50000,No
2023-04-29 14:00:00,3876,Food,UPI,70000,No
2023-04-13 15:00:00,1662,Transport,UPI,30000,No
2023-10-12 21:00:00,1127,Entertainment,Net Banking,70000,Yes
2023-07-25 02:00:00,1350,Food,Card,50000,Yes
2023-07-03 00:00:00,2208,Groceries,Card,50000,No
2023-05-13 15:00:00,2321,Travel,UPI,30000,Yes
2023-05-12 23:00:00,2579,Food,UPI,70000,No
2023-05-05 21:00:00,3310,Travel,Cash,100000,No
2023-09-29 17:00:00,413,Groceries,UPI,30000,No
2023-05-15 11:00:00,895,Food,Net Banking,100000,No
2023-10-01 12:00:00,3082,Food,UPI,70000,No
2024-02-18 08:00:00,1377,Transport,Cash,30000,Yes
2023-03-26 08:00:00,3212,Groceries,Cash,70000,No
2023-01-14 17:00:00,441,Shopping,Card,70000,No
2023-04-14 14:00:00,3305,Food,Card,100000,No
2023-02-18 03:00:00,2109,Transport,Net Banking,100000,No
2023-07-06 13:00:00,3287,Food,UPI,100000,Yes
2023-04-02 01:00:00,2096,Transport,Cash,70000,No
2023-10-23 06:00:00,4291,Entertainment,Cash,50000,No
2023-04-07 13:00:00,1355,Shopping,Card,70000,No
2023-05-31 21:00:00,2944,Food,Card,50000,No
2023-07-07 03:00:00,2082,Groceries,UPI,30000,No
2023-04-15 15:00:00,814,Travel,Cash,100000,No
2023-11-23 18:00:00,548,Groceries,Card,100000,No
2023-12-27 01:00:00,3418,Shopping,UPI,70000,Yes
2024-02-02 18:00:00,2994,Entertainment,UPI,50000,No
2023-11-24 00:00:00,3854,Entertainment,UPI,30000,No
2023-08-14 04:00:00,4263,Entertainment,Card,70000,No
2023-08-13 17:00:00,4510,Transport,Card,30000,No
2023-02-23 21:00:00,185,Groceries,Card,50000,No
2023-04-13 17:00:00,1150,Travel,Net Banking,100000,No
2023-05-13 07:00:00,1921,Travel,Net Banking,100000,Yes
2023-11-24 01:00:00,4083,Transport,Net Banking,50000,No
2024-01-28 17:00:00,4163,Food,Card,100000,No
2024-02-06 05:00:00,4062,Transport,Card,70000,Yes
2023-12-18 20:00:00,254,Travel,Net Banking,50000,No
2023-12-09 02:00:00,4644,Travel,Cash,100000,No
2023-04-25 23:00:00,2421,Food,Cash,50000,No
2023-08-07 23:00:00,4740,Groceries,Cash,30000,No
2023-12-17 14:00:00,611,Groceries,Cash,70000,No
2023-01-01 02:00:00,3364,Shopping,Net Banking,70000,No
2023-12-05 18:00:00,4010,Groceries,UPI,70000,No
2023-02-22 11:00:00,2576,Entertainment,UPI,100000,No
2023-12-08 06:00:00,2261,Entertainment,Cash,30000,Yes
2023-06-30 03:00:00,2421,Shopping,Card,100000,No
2023-08-29 13:00:00,4785,Travel,Cash,100000,No
2023-04-18 00:00:00,2731,Shopping,Cash,50000,Yes
2023-03-20 13:00:00,2856,Food,UPI,70000,No
2023-10-22 04:00:00,3819,Shopping,Card,100000,No
2023-11-23 20:00:00,2305,Shopping,UPI,70000,No
2023-09-12 15:00:00,4460,Transport,Card,30000,No
2024-01-31 11:00:00,950,Entertainment,Net Banking,30000,No
2023-04-08 10:00:00,1800,Food,UPI,70000,No
2024-01-22 04:00:00,4949,Transport,Net Banking,70000,Yes
2023-06-06 14:00:00,3345,Food,Net Banking,30000,No
2023-07-20 10:00:00,3209,Shopping,Cash,30000,No
2024-01-16 19:00:00,1502,Transport,Card,100000,No
2023-10-10 23:00:00,1293,Transport,UPI,30000,No
2023-10-26 19:00:00,2372,Food,Cash,100000,No
2023-04-24 19:00:00,1720,Food,UPI,30000,No
2023-02-06 05:00:00,2077,Groceries,Net Banking,100000,No
2023-08-04 06:00:00,1818,Food,UPI,50000,No
2023-01-04 21:00:00,3713,Transport,UPI,50000,No
2023-05-05 11:00:00,2352,Travel,Cash,100000,No
2024-02-20 07:00:00,1219,Food,Card,70000,No
2023-12-26 11:00:00,4760,Entertainment,UPI,50000,No
2023-07-26 03:00:00,2482,Groceries,Net Banking,30000,Yes
2023-10-05 03:00:00,436,Entertainment,Net Banking,70000,No
2023-10-18 19:00:00,2480,Entertainment,Cash,30000,No
2023-10-11 02:00:00,3398,Travel,Net Banking,50000,No
2023-09-29 20:00:00,1455,Groceries,UPI,30000,No
2023-05-12 00:00:00,173,Shopping,Card,100000,No
2023-05-30 11:00:00,4047,Transport,UPI,70000,No
2023-01-04 04:00:00,3502,Transport,Cash,50000,No
2024-01-11 07:00:00,3946,Food,Net Banking,70000,No
2024-01-09 07:00:00,1674,Transport,UPI,100000,No
2023-10-01 01:00:00,1231,Travel,UPI,50000,No
2023-12-12 17:00:00,777,Transport,Net Banking,30000,No
2023-10-06 22:00:00,3934,Travel,Card,70000,No
2023-04-30 17:00:00,3720,Shopping,Card,50000,No
2023-05-20 10:00:00,1191,Travel,Card,50000,No
2023-10-20 16:00:00,2425,Shopping,Net Banking,100000,No
2023-05-12 04:00:00,4081,Shopping,UPI,50000,No
2024-02-07 09:00:00,408,Shopping,Cash,50000,No
2023-01-11 04:00:00,3792,Travel,UPI,100000,Yes
2023-04-20 09:00:00,2894,Shopping,Net Banking,30000,No
2023-06-10 09:00:00,4588,Travel,Net Banking,30000,No
2024-02-04 21:00:00,2261,Groceries,UPI,50000,No
2024-01-18 05:00:00,1022,Shopping,Net Banking,30000,No
2023-11-19 09:00:00,410,Travel,UPI,100000,No
2023-12-14 05:00:00,2682,Travel,UPI,30000,No
2023-02-07 04:00:00,3240,Travel,Card,50000,No
2023-08-17 15:00:00,4998,Food,Net Banking,100000,No
2023-10-30 03:00:00,1674,Food,Net Banking,30000,No
2023-11-01 14:00:00,3978,Shopping,Card,70000,No
2023-04-10 23:00:00,1806,Transport,Card,70000,No
2023-07-13 08:00:00,290,Groceries,Card,100000,No
2023-05-04 08:00:00,4811,Transport,Cash,30000,Yes
2023-11-02 05:00:00,1025,Shopping,Net Banking,50000,Yes
2023-03-03 05:00:00,4368,Entertainment,UPI,70000,No
2023-05-21 14:00:00,2363,Entertainment,UPI,30000,Yes
2024-01-04 15:00:00,1355,Groceries,UPI,30000,No
2023-12-10 02:00:00,837,Groceries,Net Banking,50000,No
2023-11-27 03:00:00,2478,Groceries,Cash,50000,No
2023-08-02 10:00:00,605,Food,Net Banking,30000,No
2024-02-15 12:00:00,2159,Food,Net Banking,50000,No
2023-08-13 11:00:00,4992,Entertainment,Net Banking,100000,No
2023-11-14 23:00:00,2699,Groceries,Net Banking,70000,No
2023-10-29 02:00:00,1609,Travel,Net Banking,70000,No
2023-08-01 20:00:00,4285,Transport,Cash,30000,No
2023-04-03 16:00:00,1413,Entertainment,Card,30000,Yes
2023-03-29 22:00:00,4009,Groceries,UPI,50000,No
2023-02-09 21:00:00,639,Travel,Net Banking,70000,Yes
2023-10-25 18:00:00,1799,Groceries,Net Banking,50000,No
2023-01-24 08:00:00,590,Shopping,Net Banking,30000,No
2024-02-01 18:00:00,2472,Travel,UPI,30000,No
2023-11-05 21:00:00,340,Transport,Cash,30000,No
2023-02-24 16:00:00,2140,Shopping,UPI,30000,No
2023-03-17 21:00:00,3985,Food,Cash,30000,No
2023-08-24 06:00:00,4008,Entertainment,Card,30000,No
2023-07-26 01:00:00,3909,Groceries,Net Banking,100000,No
2023-08-12 22:00:00,1305,Entertainment,Cash,100000,Yes
2023-04-21 11:00:00,57,Transport,UPI,50000,No
2024-02-18 21:00:00,1707,Groceries,Cash,100000,No
2023-07-15 21:00:00,4628,Shopping,Cash,50000,No
2023-04-30 21:00:00,4478,Travel,Card,50000,No
2023-08-21 14:00:00,1306,Travel,Net Banking,100000,No
2023-08-13 14:00:00,4000,Groceries,Net Banking,70000,No
2023-06-20 03:00:00,1089,Shopping,UPI,50000,No
2023-02-01 01:00:00,2166,Groceries,UPI,30000,Yes
2023-12-31 13:00:00,734,Groceries,Card,50000,No
2023-02-09 05:00:00,4068,Groceries,Cash,50000,No
2023-06-17 15:00:00,1847,Travel,Cash,70000,No
2023-04-06 16:00:00,1874,Transport,UPI,30000,Yes
2023-02-09 03:00:00,3584,Groceries,Net Banking,70000,No
2023-03-09 02:00:00,112,Travel,Cash,70000,No
2023-09-20 12:00:00,310,Food,Card,70000,Yes
2023-03-13 21:00:00,3621,Shopping,UPI,50000,No
2024-01-18 08:00:00,3242,Food,Cash,30000,No
2024-02-12 11:00:00,1538,Groceries,Net Banking,30000,Yes
2024-02-02 00:00:00,1180,Travel,Net Banking,70000,No
2024-01-04 21:00:00,4325,Shopping,Card,100000,Yes
2023-10-27 11:00:00,404,Entertainment,Card,30000,No
2023-01-02 08:00:00,2824,Shopping,UPI,30000,No
2023-09-07 09:00:00,638,Shopping,UPI,70000,No
2023-05-23 06:00:00,654,Groceries,Net Banking,50000,No
2023-02-18 04:00:00,2278,Food,Net Banking,70000,No
2023-05-11 06:00:00,223,Food,Cash,100000,No
2023-12-10 20:00:00,403,Entertainment,Cash,100000,No
2023-03-06 07:00:00,3340,Groceries,Cash,70000,Yes
2023-01-12 07:00:00,483,Shopping,Card,100000,Yes
2023-08-09 15:00:00,3002,Transport,Card,50000,Yes
2023-06-19 20:00:00,308,Food,Cash,50000,No
2023-09-03 22:00:00,917,Food,Net Banking,50000,No
2023-04-23 21:00:00,2656,Travel,UPI,100000,No
2024-01-25 10:00:00,3695,Shopping,Card,50000,No
2023-08-06 13:00:00,645,Groceries,Card,70000,No
2024-02-19 01:00:00,443,Food,Cash,50000,Yes
2023-12-22 09:00:00,4481,Groceries,UPI,100000,No
2023-10-08 02:00:00,2160,Shopping,Card,30000,Yes
2023-12-08 17:00:00,3914,Shopping,UPI,100000,Yes
2023-06-22 16:00:00,4189,Food,Card,70000,No
2023-08-22 14:00:00,2250,Entertainment,UPI,70000,No
2023-10-09 22:00:00,4047,Groceries,UPI,100000,No
2023-01-31 10:00:00,3903,Groceries,Card,50000,Yes
2023-07-23 18:00:00,4999,Travel,UPI,50000,No
2023-03-10 16:00:00,3804,Shopping,Net Banking,30000,Yes
2023-06-26 04:00:00,4420,Shopping,Card,50000,No
2023-03-30 18:00:00,3479,Food,Card,70000,No
2023-07-01 22:00:00,4571,Food,Net Banking,50000,No
2023-03-04 18:00:00,4628,Food,UPI,100000,No
2023-03-31 22:00:00,263,Travel,Net Banking,100000,Yes
2023-05-02 12:00:00,2176,Entertainment,Card,30000,No
2023-05-15 13:00:00,188,Food,Net Banking,70000,Yes
2024-02-15 18:00:00,4243,Food,UPI,100000,No
2023-09-19 01:00:00,4010,Transport,Net Banking,70000,Yes
2023-06-22 08:00:00,713,Food,Card,50000,No
2023-04-23 01:00:00,2882,Travel,UPI,30000,No
2023-10-27 14:00:00,1123,Groceries,Card,30000,No
2023-04-28 02:00:00,4624,Entertainment,Card,50000,No
2023-09-14 08:00:00,4072,Groceries,Cash,100000,No
2023-01-01 12:00:00,211,Transport,Card,70000,No
2023-09-05 10:00:00,1550,Shopping,Card,70000,Yes
2023-11-30 07:00:00,3228,Shopping,UPI,70000,No
2023-10-28 19:00:00,4540,Food,UPI,100000,Yes
2023-08-11 00:00:00,4946,Transport,UPI,50000,No
2023-05-31 21:00:00,235,Groceries,Net Banking,70000,No
2023-06-03 11:00:00,4703,Travel,Net Banking,100000,No
2023-11-25 00:00:00,2030,Entertainment,UPI,70000,No
2023-08-10 06:00:00,4591,Groceries,Net Banking,100000,Yes
2023-01-28 04:00:00,4038,Transport,Cash,50000,Yes
2023-08-30 15:00:00,879,Transport,Net Banking,70000,No
2024-01-03 04:00:00,3569,Groceries,Cash,50000,No
2023-06-07 22:00:00,3561,Entertainment,UPI,30000,No
2023-03-10 13:00:00,3378,Groceries,UPI,100000,Yes
2023-07-08 00:00:00,3398,Groceries,Net Banking,30000,No
2023-07-18 07:00:00,2535,Entertainment,UPI,50000,No
2023-09-02 18:00:00,4661,Travel,UPI,50000,Yes
2023-06-03 16:00:00,1275,Transport,Card,50000,No
2023-11-17 09:00:00,4901,Entertainment,UPI,70000,Yes
2023-02-27 11:00:00,2894,Food,Card,70000,Yes
2023-06-26 19:00:00,2783,Food,UPI,50000,No
2024-02-04 04:00:00,4470,Food,Cash,50000,Yes
2023-09-29 03:00:00,4046,Food,Cash,70000,No
2023-11-22 19:00:00,2720,Shopping,UPI,70000,No
2023-12-25 01:00:00,4832,Travel,Cash,100000,No
2023-04-21 13:00:00,1548,Shopping,Cash,50000,No
2023-08-22 19:00:00,1738,Groceries,Cash,70000,No
2023-09-13 07:00:00,2497,Groceries,Net Banking,70000,Yes
2023-06-13 11:00:00,917,Entertainment,Cash,30000,No
2023-12-19 11:00:00,4362,Food,Card,50000,No
2023-09-04 08:00:00,3058,Entertainment,Net Banking,50000,No
2023-08-02 18:00:00,3574,Groceries,Card,70000,No
2023-08-15 15:00:00,2062,Food,Card,30000,Yes
2023-11-25 08:00:00,289,Transport,Card,100000,No
2023-09-26 17:00:00,97,Travel,Net Banking,50000,Yes
2023-03-13 21:00:00,4099,Groceries,UPI,100000,Yes
2024-01-23 16:00:00,3507,Transport,Cash,50000,No
2023-11-10 10:00:00,3329,Entertainment,Cash,70000,No
2023-07-19 08:00:00,3278,Transport,UPI,100000,No
2024-01-30 16:00:00,1298,Entertainment,UPI,50000,No
2023-02-21 08:00:00,1217,Groceries,Card,100000,No
2024-01-03 00:00:00,3540,Shopping,Net Banking,70000,No
2023-12-14 10:00:00,1947,Travel,Card,30000,No
2023-11-07 06:00:00,3586,Transport,Cash,30000,No
2023-07-12 08:00:00,2229,Transport,UPI,100000,No
2023-07-16 21:00:00,4770,Groceries,Cash,100000,No
2023-06-03 05:00:00,2020,Groceries,UPI,100000,No
2023-09-19 23:00:00,4746,Entertainment,Net Banking,50000,Yes
2023-12-20 08:00:00,2770,Food,Card,70000,Yes
2023-02-28 17:00:00,2431,Food,Cash,100000,No
2023-12-08 21:00:00,1993,Food,Net Banking,30000,No
2023-01-11 16:00:00,3196,Entertainment,Cash,50000,Yes
2023-03-13 17:00:00,3533,Food,UPI,100000,No
2023-03-01 07:00:00,3746,Groceries,Cash,50000,No
2023-07-26 09:00:00,2875,Shopping,Net Banking,100000,No
2023-05-05 14:00:00,1877,Shopping,Net Banking,100000,No
2023-02-19 19:00:00,272,Shopping,Card,50000,No
2023-07-09 23:00:00,1796,Food,Cash,70000,No
2023-07-01 21:00:00,579,Shopping,UPI,70000,No
2023-02-21 20:00:00,183,Transport,Cash,30000,No
2023-10-09 22:00:00,3853,Food,Card,70000,No
2023-08-09 22:00:00,4536,Transport,UPI,70000,No
2023-02-24 10:00:00,151,Groceries,UPI,50000,No
2023-04-11 02:00:00,3773,Transport,Card,50000,Yes
2023-01-21 16:00:00,2778,Groceries,UPI,30000,No
2023-05-22 15:00:00,2595,Entertainment,Net Banking,100000,No
2023-02-07 21:00:00,2608,Entertainment,Net Banking,50000,Yes
2023-01-16 12:00:00,3091,Transport,UPI,50000,No
2023-09-17 20:00:00,2050,Travel,Cash,50000,Yes
2023-02-26 00:00:00,998,Groceries,UPI,70000,No
2023-12-21 19:00:00,1618,Food,Cash,50000,No
2023-04-12 07:00:00,4986,Travel,Card,30000,No
2023-07-14 14:00:00,2103,Groceries,Net Banking,30000,Yes
2023-04-27 00:00:00,3055,Food,Net Banking,50000,No
2024-01-27 23:00:00,243,Groceries,Card,100000,No
2023-03-12 15:00:00,791,Groceries,Card,50000,No
2023-03-21 11:00:00,3956,Food,Net Banking,30000,Yes
2023-07-20 14:00:00,3009,Groceries,Card,100000,No
2023-02-02 12:00:00,4618,Groceries,UPI,70000,Yes
2023-02-12 11:00:00,2313,Groceries,UPI,50000,No
2023-02-28 11:00:00,3470,Entertainment,Cash,30000,No
2023-03-01 10:00:00,2973,Shopping,Cash,70000,No
2024-01-04 23:00:00,3304,Groceries,Cash,30000,No
2023-09-02 12:00:00,3289,Food,UPI,70000,No
2023-01-01 10:00:00,3915,Transport,Net Banking,30000,No
2023-09-21 18:00:00,87,Groceries,Cash,30000,No
2024-01-20 14:00:00,1748,Entertainment,UPI,70000,Yes
2023-04-28 17:00:00,4616,Entertainment,Net Banking,50000,No
2023-11-08 00:00:00,4076,Transport,Card,30000,No
2023-05-06 03:00:00,3263,Groceries,UPI,100000,No
2024-01-22 03:00:00,1833,Travel,Card,50000,Yes
2023-10-27 19:00:00,2016,Transport,Cash,100000,Yes
2023-10-08 00:00:00,152,Shopping,Net Banking,30000,No
2023-05-09 16:00:00,91,Food,UPI,70000,No
2023-03-16 13:00:00,3044,Food,Cash,50000,No
2023-05-07 12:00:00,3268,Food,Cash,70000,No
2023-11-04 09:00:00,3040,Food,Net Banking,70000,No
2023-11-13 14:00:00,4338,Entertainment,Card,100000,No
2023-07-21 14:00:00,3419,Shopping,Cash,100000,No
2023-09-02 16:00:00,1111,Groceries,Net Banking,50000,No
2023-06-02 05:00:00,2599,Groceries,Net Banking,50000,Yes
2023-06-29 03:00:00,1726,Travel,UPI,50000,No
2024-01-22 04:00:00,3739,Groceries,Cash,100000,No
2023-02-10 13:00:00,4047,Shopping,Card,100000,No
2023-10-23 03:00:00,375,Groceries,Card,70000,Yes
2023-08-17 22:00:00,1170,Entertainment,Cash,70000,No
2024-01-31 11:00:00,157,Transport,Card,70000,No
2023-05-22 22:00:00,2728,Groceries,Net Banking,50000,No
2023-08-03 14:00:00,384,Food,Net Banking,30000,No
2024-01-25 14:00:00,2089,Food,Cash,100000,Yes
2023-05-11 09:00:00,853,Transport,Card,50000,No
2023-01-05 08:00:00,1898,Food,Net Banking,100000,No
2023-11-06 17:00:00,816,Food,Cash,30000,Yes
2023-11-17 09:00:00,3577,Entertainment,Net Banking,100000,No
2023-05-29 15:00:00,2356,Entertainment,Cash,100000,No
2023-07-01 04:00:00,2879,Entertainment,UPI,100000,No
2023-07-02 22:00:00,1538,Groceries,UPI,70000,Yes
2023-10-11 19:00:00,4179,Transport,Cash,30000,No
2023-02-19 05:00:00,3616,Food,UPI,50000,No
2023-07-13 12:00:00,2423,Travel,UPI,50000,No
2023-09-02 17:00:00,886,Transport,Card,50000,No
2023-07-03 02:00:00,3359,Travel,UPI,30000,No
2023-05-28 06:00:00,3662,Food,Card,100000,No
2023-09-01 12:00:00,4884,Shopping,UPI,50000,No
2023-09-05 11:00:00,2841,Transport,UPI,30000,No
2023-09-27 19:00:00,4262,Groceries,Net Banking,70000,No
2023-03-15 22:00:00,4033,Travel,Cash,30000,No
2023-12-12 03:00:00,3818,Transport,UPI,70000,Yes
2023-01-19 14:00:00,1554,Transport,Cash,30000,No
2023-01-05 12:00:00,2500,Entertainment,Cash,70000,No
2023-05-15 23:00:00,3094,Shopping,Net Banking,50000,No
2023-09-05 03:00:00,2083,Entertainment,Cash,30000,No
2023-06-18 21:00:00,1749,Shopping,Cash,70000,No
2023-07-09 01:00:00,2330,Shopping,UPI,100000,Yes
2023-09-23 01:00:00,1357,Groceries,Net Banking,50000,No
2023-02-21 21:00:00,2577,Transport,Cash,50000,No
2023-04-24 08:00:00,3888,Entertainment,UPI,70000,No
2023-12-19 21:00:00,1025,Entertainment,Net Banking,70000,No
2023-11-19 13:00:00,2106,Travel,UPI,30000,Yes
2023-08-01 17:00:00,4860,Transport,Net Banking,70000,No
2023-05-02 18:00:00,2476,Food,Net Banking,70000,Yes
2023-04-15 17:00:00,3724,Food,Card,100000,No
2024-01-12 06:00:00,2478,Travel,Card,50000,No
2023-04-27 17:00:00,4989,Shopping,Card,70000,No
2023-10-18 21:00:00,3783,Travel,Cash,70000,No
2023-12-09 13:00:00,409,Travel,UPI,100000,No
2023-09-28 22:00:00,2273,Entertainment,Net Banking,70000,No
2023-09-09 14:00:00,534,Travel,UPI,100000,No
2023-09-17 13:00:00,1478,Shopping,Cash,50000,No
2024-01-29 17:00:00,2130,Food,Card,50000,No
2023-01-16 04:00:00,745,Groceries,Card,100000,Yes
2023-03-17 00:00:00,4710,Transport,UPI,100000,No
2023-09-06 06:00:00,251,Travel,UPI,50000,No
2024-01-15 00:00:00,3907,Transport,Net Banking,50000,Yes
2023-11-06 20:00:00,1248,Travel,UPI,100000,Yes
2023-07-19 17:00:00,1317,Transport,Net Banking,30000,Yes
2023-12-07 00:00:00,3020,Entertainment,Net Banking,50000,No
2023-01-08 11:00:00,123,Entertainment,Card,50000,No
2023-06-11 09:00:00,145,Transport,UPI,100000,No
2023-06-15 00:00:00,4318,Travel,Card,100000,No
2023-02-19 10:00:00,3527,Travel,Net Banking,100000,No
2023-02-02 05:00:00,2252,Shopping,Card,30000,No
2023-07-05 20:00:00,307,Food,Card,100000,No
2023-01-15 16:00:00,3708,Food,Net Banking,30000,No
2023-10-17 07:00:00,4475,Groceries,Cash,100000,No
2023-08-05 18:00:00,2856,Food,Cash,100000,Yes
2023-08-11 16:00:00,4306,Groceries,UPI,30000,No
2023-07-07 19:00:00,235,Entertainment,Card,70000,No
2023-07-21 06:00:00,192,Groceries,UPI,50000,No
2023-01-05 21:00:00,3403,Groceries,Card,100000,Yes
2023-01-21 01:00:00,689,Food,UPI,70000,No
2023-06-28 15:00:00,3799,Travel,UPI,30000,No
2023-10-11 10:00:00,2124,Entertainment,Net Banking,100000,No
2023-12-12 18:00:00,4018,Shopping,Cash,30000,No
2023-07-06 13:00:00,251,Groceries,Cash,30000,No
2023-09-30 05:00:00,3142,Groceries,Cash,30000,No
2023-01-11 03:00:00,3215,Transport,Net Banking,70000,No
2023-10-20 04:00:00,3129,Groceries,Cash,30000,Yes
2023-02-06 01:00:00,4617,Travel,Net Banking,50000,Yes
2024-02-11 09:00:00,2152,Shopping,Card,100000,No
2023-08-11 01:00:00,960,Transport,Net Banking,100000,No
2023-01-26 03:00:00,1621,Food,UPI,50000,No
2023-08-28 20:00:00,3498,Entertainment,UPI,100000,No
2023-06-17 10:00:00,2209,Travel,Card,50000,No
2023-08-05 08:00:00,4375,Shopping,Card,70000,No
2023-03-25 23:00:00,2594,Entertainment,UPI,30000,No
2024-02-15 10:00:00,1379,Food,Cash,70000,No
2023-05-21 20:00:00,3663,Entertainment,Cash,50000,No
2023-06-07 02:00:00,510,Transport,Cash,30000,No
2023-08-31 21:00:00,856,Groceries,Card,70000,No
2023-03-09 05:00:00,3749,Groceries,UPI,30000,No
2023-03-20 07:00:00,2323,Travel,Net Banking,30000,No
2023-08-12 20:00:00,108,Entertainment,Card,70000,Yes
2023-06-21 04:00:00,2525,Groceries,UPI,100000,No
2024-01-23 03:00:00,4873,Travel,Cash,50000,No
2024-01-22 02:00:00,1205,Travel,Cash,70000,No
2024-01-10 02:00:00,547,Transport,Cash,70000,No
2023-01-07 04:00:00,4375,Travel,UPI,100000,No
2023-03-15 02:00:00,4478,Food,Cash,50000,No
2023-11-04 10:00:00,4026,Groceries,UPI,70000,No
2023-10-06 09:00:00,1657,Groceries,Card,30000,No
2023-06-06 12:00:00,770,Shopping,Net Banking,50000,No
2024-01-26 11:00:00,1324,Food,Cash,100000,No
2024-01-15 20:00:00,3917,Groceries,Card,70000,No
2023-08-13 16:00:00,740,Transport,Card,30000,No
2024-02-13 03:00:00,4073,Groceries,UPI,50000,Yes
2023-05-08 04:00:00,4202,Shopping,Card,70000,No
2023-08-26 04:00:00,3487,Entertainment,UPI,50000,No
2023-06-25 18:00:00,2405,Entertainment,UPI,30000,Yes
2023-07-20 03:00:00,799,Food,Card,30000,Yes
2023-04-10 01:00:00,3101,Travel,UPI,50000,No
2023-07-31 22:00:00,4823,Shopping,UPI,30000,Yes
2023-05-13 14:00:00,3614,Shopping,UPI,30000,No
2023-05-12 16:00:00,4705,Groceries,Card,50000,No
2023-10-02 00:00:00,1754,Transport,Net Banking,50000,No
2024-01-06 23:00:00,3495,Groceries,UPI,100000,No
2023-04-18 18:00:00,4494,Transport,Cash,70000,No
2023-04-21 08:00:00,2427,Shopping,Card,100000,Yes
2023-11-01 17:00:00,3281,Travel,Card,100000,No
2023-03-13 13:00:00,2265,Entertainment,UPI,100000,No
2023-08-10 04:00:00,935,Food,Card,100000,No
2023-11-05 15:00:00,914,Transport,Cash,70000,No
2023-02-06 06:00:00,3544,Entertainment,Net Banking,50000,No
2023-05-29 22:00:00,3104,Food,Card,30000,No
2023-08-31 19:00:00,835,Travel,Card,30000,No
2023-11-29 18:00:00,506,Shopping,Card,50000,No
2023-12-19 14:00:00,394,Travel,UPI,50000,No
2024-02-10 15:00:00,603,Transport,Cash,50000,No
2023-12-31 05:00:00,837,Shopping,Net Banking,30000,No
2023-08-29 09:00:00,1869,Groceries,Cash,100000,No
2023-08-27 21:00:00,754,Food,Cash,100000,No
2024-02-17 16:00:00,4957,Groceries,Card,100000,No
2023-05-16 00:00:00,1002,Shopping,Net Banking,70000,Yes
2024-02-03 02:00:00,864,Food,Cash,100000,No
2023-07-23 21:00:00,1598,Food,Net Banking,70000,No
2024-01-30 20:00:00,193,Groceries,UPI,30000,No
2023-02-06 22:00:00,2827,Food,Card,70000,Yes
2023-09-01 22:00:00,3816,Shopping,UPI,50000,No
2023-08-10 14:00:00,3875,Transport,Net Banking,50000,No
2023-04-05 02:00:00,1266,Transport,Card,30000,No
2023-07-02 14:00:00,1857,Shopping,UPI,100000,No
2023-03-16 09:00:00,4520,Groceries,Card,30000,No
2023-11-18 23:00:00,4822,Travel,UPI,50000,No
2023-01-13 07:00:00,2789,Shopping,Cash,100000,No
2023-04-19 05:00:00,1339,Transport,Card,50000,No
2023-01-29 08:00:00,605,Shopping,Net Banking,30000,Yes
2023-07-23 18:00:00,912,Food,Card,100000,No
2023-06-29 02:00:00,2535,Food,Net Banking,30000,Yes
2023-01-14 12:00:00,2405,Shopping,UPI,50000,Yes
2023-11-28 08:00:00,1015,Groceries,UPI,100000,No
2023-02-11 02:00:00,2445,Travel,Net Banking,50000,No
2023-05-10 22:00:00,525,Food,UPI,100000,No
2023-02-01 16:00:00,1388,Transport,Card,70000,No
2023-11-20 06:00:00,574,Food,UPI,70000,No
2024-01-20 12:00:00,2621,Transport,Net Banking,50000,Yes
2023-02-07 18:00:00,611,Travel,Net Banking,30000,Yes
2023-08-18 03:00:00,3752,Food,Cash,70000,No
2023-01-16 04:00:00,4714,Groceries,Net Banking,70000,No
2023-11-20 17:00:00,1255,Transport,UPI,100000,Yes
2023-05-23 05:00:00,4083,Food,Net Banking,100000,No
2023-12-01 11:00:00,3897,Food,UPI,100000,Yes
2023-11-27 19:00:00,4251,Shopping,UPI,50000,No
2024-01-21 21:00:00,2288,Groceries,Cash,30000,No
2023-05-09 09:00:00,1210,Groceries,UPI,30000,Yes
2023-08-16 00:00:00,4845,Shopping,Net Banking,100000,No
2023-05-16 18:00:00,3875,Transport,Net Banking,50000,No
2023-03-29 19:00:00,121,Entertainment,Net Banking,100000,No
2023-11-27 08:00:00,804,Travel,UPI,30000,No
2023-05-03 05:00:00,3902,Groceries,Net Banking,50000,Yes
2023-04-28 21:00:00,954,Entertainment,Card,100000,No
2023-12-26 17:00:00,101,Transport,Card,100000,No
2023-07-28 14:00:00,2671,Travel,Net Banking,30000,No
2023-03-06 23:00:00,3240,Groceries,UPI,50000,No
2023-03-14 13:00:00,3998,Food,Net Banking,30000,No
2023-08-31 22:00:00,1337,Groceries,Card,50000,No
2023-11-10 11:00:00,4830,Travel,UPI,50000,Yes
2023-01-27 01:00:00,1822,Entertainment,Net Banking,100000,Yes
2023-03-12 10:00:00,3952,Food,UPI,30000,No
2023-12-12 02:00:00,3970,Travel,Net Banking,50000,No
2023-09-20 22:00:00,999,Transport,Cash,70000,Yes
2023-05-06 06:00:00,3188,Travel,UPI,100000,No
2023-06-29 06:00:00,2466,Groceries,Card,30000,No
2023-02-15 08:00:00,2329,Transport,Card,50000,No
2023-09-08 07:00:00,1475,Shopping,Card,100000,No
2023-07-12 03:00:00,1634,Shopping,Card,30000,No
2024-01-26 12:00:00,1096,Food,Net Banking,30000,Yes
2023-11-27 08:00:00,2215,Travel,Net Banking,100000,No
2023-07-07 02:00:00,4073,Entertainment,UPI,50000,Yes
2023-12-16 02:00:00,1226,Food,Cash,100000,Yes
2023-03-08 13:00:00,2210,Transport,Cash,70000,Yes
2023-06-06 03:00:00,1081,Food,UPI,100000,No
2023-04-22 06:00:00,3338,Groceries,Card,30000,No
2023-12-18 07:00:00,4576,Transport,Cash,70000,Yes
2023-04-18 12:00:00,1365,Entertainment,Cash,70000,No
2023-11-06 16:00:00,942,Travel,UPI,50000,No
2023-12-14 02:00:00,156,Transport,Card,100000,Yes
2023-04-15 10:00:00,3130,Travel,Net Banking,50000,Yes
2023-07-16 21:00:00,794,Travel,Net Banking,100000,No
2023-06-29 04:00:00,671,Food,Cash,30000,No
2024-02-19 05:00:00,4290,Groceries,Net Banking,50000,No
2023-12-31 23:00:00,870,Food,UPI,30000,No
2023-10-19 18:00:00,461,Shopping,Cash,30000,Yes
2024-01-14 01:00:00,163,Shopping,Cash,70000,No
2023-09-13 11:00:00,2496,Travel,Card,50000,No
2024-01-03 23:00:00,3396,Groceries,Net Banking,100000,No
2023-07-09 01:00:00,4269,Transport,Card,50000,No
2023-04-08 07:00:00,135,Travel,Cash,30000,No
2023-06-30 01:00:00,4192,Transport,Net Banking,70000,No
2023-05-05 09:00:00,1622,Travel,Card,50000,Yes
2023-01-24 07:00:00,2055,Food,Net Banking,70000,No
2023-01-30 17:00:00,4129,Travel,Cash,70000,No
2023-07-11 09:00:00,853,Travel,Cash,30000,No
2023-06-16 04:00:00,3384,Groceries,Cash,50000,No
2023-09-16 11:00:00,3399,Groceries,UPI,50000,Yes
2023-01-11 16:00:00,1119,Transport,Card,50000,No
2024-01-01 08:00:00,2719,Groceries,Card,70000,No
2023-01-02 13:00:00,4191,Travel,Cash,100000,Yes
2023-12-27 12:00:00,2821,Groceries,Card,50000,No
2024-02-06 08:00:00,4685,Groceries,Cash,30000,Yes
2023-03-18 08:00:00,4232,Entertainment,Card,70000,No
2023-11-13 16:00:00,1458,Entertainment,Net Banking,100000,No
2023-08-04 07:00:00,3790,Shopping,Card,50000,No
2023-01-19 00:00:00,314,Food,Cash,100000,No
2023-06-22 23:00:00,3898,Food,Card,70000,No
2023-09-25 03:00:00,3143,Groceries,Net Banking,100000,No
2023-03-14 23:00:00,4848,Shopping,Net Banking,70000,No
2023-07-28 05:00:00,1523,Shopping,Net Banking,100000,No
2023-08-27 08:00:00,4331,Transport,Cash,100000,Yes
2023-11-14 08:00:00,375,Entertainment,UPI,70000,No
2023-01-11 16:00:00,1256,Shopping,Cash,100000,No
2023-01-28 23:00:00,4542,Travel,Net Banking,30000,No
2023-01-21 09:00:00,1554,Transport,Card,50000,No
2023-10-15 01:00:00,3584,Groceries,Net Banking,100000,Yes
2023-03-29 08:00:00,1490,Travel,UPI,100000,No
2023-03-12 02:00:00,1005,Food,UPI,100000,No
2023-04-13 12:00:00,604,Entertainment,Net Banking,50000,No
2023-07-08 17:00:00,3304,Travel,Cash,70000,Yes
2023-08-02 09:00:00,4189,Groceries,UPI,50000,No
2023-03-24 07:00:00,4627,Travel,Net Banking,100000,No
2023-05-15 00:00:00,2086,Travel,Cash,70000,No
2024-02-04 05:00:00,1336,Shopping,Card,100000,No
2023-07-08 03:00:00,1247,Entertainment,Cash,70000,No
2023-08-26 04:00:00,4711,Food,UPI,100000,No
2024-02-12 08:00:00,2317,Groceries,Cash,100000,No
2023-07-25 19:00:00,3679,Transport,Cash,70000,No
2023-08-20 19:00:00,3515,Transport,Card,30000,No
2023-05-04 11:00:00,821,Groceries,Net Banking,50000,No
2023-07-08 17:00:00,2506,Food,Cash,70000,Yes
2023-10-10 18:00:00,520,Groceries,Card,50000,No
2023-09-16 08:00:00,1420,Shopping,UPI,30000,Yes
2023-02-10 16:00:00,3182,Transport,Net Banking,30000,No
2023-11-03 01:00:00,721,Transport,UPI,70000,Yes
2023-01-02 21:00:00,1224,Travel,Net Banking,30000,No
2023-02-19 17:00:00,160,Shopping,Cash,30000,No
2023-07-08 00:00:00,3609,Transport,Cash,100000,Yes
2023-07-25 23:00:00,1076,Shopping,Net Banking,100000,Yes
2023-09-19 18:00:00,3604,Shopping,UPI,30000,Yes
2023-01-11 06:00:00,3283,Food,UPI,100000,No
2023-05-15 03:00:00,4489,Transport,UPI,30000,No
2024-01-10 07:00:00,1522,Entertainment,Cash,100000,No
2023-01-27 12:00:00,2429,Food,Net Banking,30000,No
2023-06-07 07:00:00,4922,Food,Net Banking,30000,Yes
2023-04-11 21:00:00,3021,Shopping,UPI,50000,No
2024-01-22 16:00:00,2431,Entertainment,Cash,30000,Yes
2023-06-24 07:00:00,3340,Food,Net Banking,50000,No
2023-01-30 16:00:00,4803,Entertainment,Net Banking,70000,No
2023-09-01 13:00:00,1883,Transport,UPI,30000,No
2023-08-10 19:00:00,503,Shopping,UPI,30000,No
2023-09-09 08:00:00,790,Food,Net Banking,50000,No
2023-06-01 20:00:00,2430,Entertainment,Cash,30000,No
2023-11-20 21:00:00,2407,Groceries,Card,100000,No
2023-03-29 20:00:00,1493,Food,Net Banking,50000,No
2023-05-31 14:00:00,3730,Food,Net Banking,50000,No
2024-01-29 02:00:00,1798,Food,Cash,100000,No
2023-10-17 21:00:00,2451,Entertainment,Net Banking,30000,Yes
2023-08-08 23:00:00,4969,Travel,Card,70000,No
2023-06-30 12:00:00,3221,Transport,Cash,70000,No
2023-06-12 12:00:00,4290,Food,Card,70000,No
2023-11-27 19:00:00,2056,Groceries,Card,50000,No
2023-10-18 03:00:00,1836,Groceries,Net Banking,50000,Yes
2023-07-10 08:00:00,1459,Shopping,Card,100000,Yes
2023-11-23 14:00:00,1812,Travel,Net Banking,30000,Yes
2023-03-18 21:00:00,959,Travel,Net Banking,100000,No
2023-01-16 22:00:00,810,Entertainment,Cash,50000,No
2023-06-21 08:00:00,3290,Shopping,Cash,70000,No
2023-10-22 13:00:00,2739,Entertainment,Cash,30000,No
2023-06-08 18:00:00,580,Shopping,Net Banking,70000,No
2023-03-04 21:00:00,1409,Transport,Card,30000,Yes
2023-11-12 13:00:00,3868,Travel,Card,70000,Yes
2023-03-07 18:00:00,2077,Transport,Cash,30000,No
2023-02-06 15:00:00,2610,Entertainment,Cash,70000,Yes
2023-04-01 02:00:00,2227,Shopping,Net Banking,100000,No
2024-02-11 20:00:00,1587,Travel,UPI,50000,No
2024-02-15 00:00:00,1323,Travel,UPI,100000,No
2023-11-18 10:00:00,2831,Food,Net Banking,70000,No
2023-02-26 15:00:00,996,Entertainment,UPI,30000,Yes
2023-07-04 15:00:00,1348,Food,UPI,100000,No
2023-12-06 12:00:00,2561,Travel,UPI,70000,No
2023-06-15 00:00:00,2238,Entertainment,Cash,50000,No
2023-06-08 19:00:00,931,Entertainment,Card,30000,No
2023-06-26 18:00:00,1897,Transport,Card,100000,Yes
2023-06-25 17:00:00,2025,Groceries,Cash,50000,No
2023-01-04 08:00:00,4318,Shopping,Cash,70000,No
2023-04-24 20:00:00,4618,Groceries,Cash,30000,No
2023-11-23 09:00:00,3014,Groceries,UPI,70000,No
2023-04-23 21:00:00,3113,Travel,Net Banking,30000,No
2023-04-11 22:00:00,3178,Transport,Net Banking,50000,No
2023-06-01 17:00:00,547,Shopping,UPI,50000,No
2023-01-28 19:00:00,2266,Groceries,UPI,50000,No
2023-04-15 00:00:00,1038,Groceries,Cash,100000,No
2023-05-26 19:00:00,2658,Entertainment,Cash,100000,No
2024-02-06 12:00:00,2525,Travel,Card,100000,No
2024-02-02 09:00:00,4564,Groceries,Cash,70000,No
2023-12-03 16:00:00,1420,Shopping,UPI,100000,Yes
2023-10-12 07:00:00,3638,Food,Card,30000,No
2023-02-19 13:00:00,2552,Food,Cash,50000,No
2023-10-03 04:00:00,4859,Travel,Card,70000,Yes
2023-12-27 10:00:00,228,Food,Card,70000,No
2024-01-27 20:00:00,1979,Entertainment,Cash,100000,No
2024-01-15 07:00:00,2598,Entertainment,Net Banking,30000,No
2023-02-12 17:00:00,4884,Shopping,UPI,50000,No
2023-11-21 09:00:00,161,Transport,UPI,70000,No
2023-01-03 23:00:00,3269,Travel,Card,50000,Yes
2023-08-20 02:00:00,764,Travel,Net Banking,30000,Yes
2023-04-22 21:00:00,1451,Food,Net Banking,50000,Yes
2024-01-27 01:00:00,2974,Groceries,Cash,100000,No
2023-11-04 04:00:00,1431,Groceries,Cash,50000,No
2023-03-19 00:00:00,3177,Transport,UPI,70000,No
2023-03-26 06:00:00,4958,Groceries,Cash,100000,Yes
2023-09-22 02:00:00,3061,Transport,Cash,100000,No
2023-06-05 21:00:00,1258,Shopping,Card,100000,No
2023-02-24 02:00:00,3175,Travel,Net Banking,100000,No
2023-06-20 22:00:00,86,Food,Net Banking,70000,No
2023-02-07 16:00:00,1878,Shopping,Cash,30000,Yes
2023-05-07 02:00:00,3110,Entertainment,Cash,30000,Yes
2023-10-07 13:00:00,3391,Entertainment,Cash,100000,No
2023-07-16 07:00:00,3991,Entertainment,UPI,30000,No
2023-12-01 05:00:00,859,Transport,UPI,70000,No
2023-09-06 17:00:00,3122,Transport,Card,30000,No
2023-04-20 04:00:00,4168,Travel,UPI,30000,No
2023-04-21 06:00:00,1576,Entertainment,Net Banking,70000,No
2023-07-22 17:00:00,3569,Transport,UPI,30000,No
2023-11-03 01:00:00,4941,Transport,Net Banking,100000,No
2023-04-06 09:00:00,545,Groceries,UPI,100000,No
2023-11-04 02:00:00,474,Transport,UPI,70000,No
2023-06-11 08:00:00,2797,Entertainment,Card,100000,No
2024-02-08 05:00:00,2115,Shopping,Cash,100000,Yes
2023-11-17 10:00:00,2032,Entertainment,Cash,100000,No
2023-03-02 00:00:00,1518,Groceries,Cash,100000,No
2023-02-01 21:00:00,3850,Entertainment,Card,100000,No
2023-06-20 12:00:00,1283,Food,Net Banking,30000,No
2024-01-25 05:00:00,1847,Groceries,UPI,70000,Yes
2023-04-22 02:00:00,614,Travel,Card,50000,Yes
2023-12-27 15:00:00,3069,Entertainment,Net Banking,70000,No
2023-09-06 16:00:00,1354,Transport,Card,70000,No
2023-11-15 09:00:00,182,Shopping,Card,70000,No
2023-04-01 21:00:00,498,Entertainment,Net Banking,30000,No
2024-02-14 18:00:00,1880,Shopping,Cash,70000,No
2023-06-12 00:00:00,2208,Food,UPI,70000,No
2023-02-05 00:00:00,3676,Travel,Cash,30000,No
2023-09-03 19:00:00,899,Transport,Card,100000,No
2023-06-21 14:00:00,4012,Groceries,Net Banking,50000,Yes
2023-01-24 13:00:00,1530,Groceries,Card,100000,No
2023-09-08 05:00:00,950,Travel,Cash,70000,No
2024-01-17 12:00:00,4904,Food,Cash,100000,No
2024-01-18 19:00:00,1589,Food,Cash,30000,No
2023-10-29 02:00:00,1949,Entertainment,UPI,50000,No
2024-01-26 19:00:00,2994,Food,Cash,100000,No
2023-09-03 10:00:00,3294,Entertainment,UPI,70000,No
2023-06-29 15:00:00,564,Shopping,UPI,50000,Yes
2023-11-19 08:00:00,1641,Travel,Cash,70000,No
2024-01-04 16:00:00,133,Shopping,Net Banking,100000,No
2023-05-05 06:00:00,3792,Shopping,Card,100000,No
2024-01-23 17:00:00,4943,Shopping,Card,70000,No
2023-09-11 11:00:00,2177,Shopping,UPI,50000,Yes
2023-01-24 04:00:00,1651,Groceries,UPI,50000,No
2023-05-06 19:00:00,4667,Food,UPI,50000,No
2023-04-18 12:00:00,1272,Travel,Card,100000,Yes
2023-12-06 10:00:00,4379,Travel,UPI,100000,No
2023-12-10 11:00:00,1892,Transport,Net Banking,70000,No
2024-02-03 01:00:00,2341,Shopping,Net Banking,70000,Yes
2024-01-27 02:00:00,1639,Travel,UPI,30000,No
2023-06-17 11:00:00,2946,Entertainment,Card,30000,Yes
2023-05-11 18:00:00,4538,Travel,Cash,30000,No
2024-02-15 00:00:00,58,Shopping,Card,70000,No
2023-01-28 23:00:00,4758,Travel,Cash,50000,No
2023-02-02 09:00:00,764,Food,Cash,30000,No
2023-07-25 07:00:00,1977,Shopping,UPI,70000,Yes
2023-05-06 22:00:00,159,Groceries,Net Banking,100000,No
2023-03-19 12:00:00,4979,Food,UPI,50000,No
2023-05-11 19:00:00,315,Travel,Cash,30000,No
2023-02-14 18:00:00,3273,Groceries,UPI,100000,No
2024-02-17 20:00:00,1004,Transport,Cash,50000,No
2024-01-30 19:00:00,1399,Food,UPI,50000,No
2023-10-09 19:00:00,1624,Transport,Net Banking,100000,No
2023-03-24 18:00:00,2273,Entertainment,Net Banking,30000,No
2024-01-19 01:00:00,3881,Food,Card,30000,No
2023-09-21 15:00:00,3305,Groceries,Cash,100000,No
2023-02-13 14:00:00,1108,Transport,Cash,100000,No
2023-04-01 16:00:00,2007,Entertainment,UPI,100000,No
2023-04-08 10:00:00,4994,Transport,Card,70000,No
2023-01-21 20:00:00,3197,Travel,Net Banking,50000,No
2023-04-04 01:00:00,2569,Shopping,UPI,30000,No
2023-07-12 00:00:00,3703,Transport,Card,30000,No
2023-10-29 10:00:00,2620,Travel,Net Banking,100000,No
2023-11-29 04:00:00,2977,Shopping,UPI,50000,No
2023-10-03 10:00:00,3937,Shopping,Net Banking,100000,No
2023-01-26 00:00:00,937,Groceries,Cash,50000,No
2023-06-28 12:00:00,794,Entertainment,Card,100000,No
2024-01-18 12:00:00,3564,Entertainment,Net Banking,100000,No
2023-07-06 19:00:00,2980,Food,Card,50000,No
2023-09-03 21:00:00,2729,Travel,UPI,30000,No
2023-09-13 09:00:00,225,Groceries,Card,30000,No
2023-03-15 02:00:00,615,Transport,UPI,70000,Yes
2023-04-13 16:00:00,3267,Travel,Card,50000,No
2023-07-06 18:00:00,4407,Transport,UPI,30000,No
2024-02-08 14:00:00,4676,Transport,UPI,30000,No
2024-01-12 20:00:00,1444,Transport,UPI,50000,Yes
2023-11-05 08:00:00,1270,Food,Net Banking,30000,No
2023-10-11 14:00:00,997,Food,Cash,50000,No
2023-12-27 03:00:00,634,Groceries,Card,30000,Yes
2023-11-05 04:00:00,2912,Food,Cash,100000,No
2023-11-02 18:00:00,1670,Groceries,Cash,50000,No
2024-02-19 14:00:00,3405,Food,Cash,50000,No
2023-08-07 09:00:00,2399,Entertainment,Cash,30000,No
2023-11-05 02:00:00,3241,Groceries,Card,50000,No
2023-09-26 05:00:00,3257,Entertainment,Card,70000,No
2023-07-15 15:00:00,2626,Entertainment,Cash,70000,No
2023-04-18 20:00:00,581,Groceries,Card,50000,No
2023-03-16 06:00:00,1281,Travel,Card,70000,No
2023-09-05 19:00:00,2043,Shopping,UPI,30000,No
2023-10-02 18:00:00,1747,Food,Card,30000,No
2023-05-27 16:00:00,3420,Transport,Net Banking,50000,No
2024-02-20 11:00:00,1595,Food,Cash,30000,Yes
2023-05-15 02:00:00,3215,Transport,Card,30000,No
2023-06-06 13:00:00,1487,Travel,Cash,70000,No
2023-06-17 08:00:00,420,Shopping,Card,30000,Yes
2023-04-29 05:00:00,4554,Travel,Cash,30000,No
2023-09-08 00:00:00,666,Shopping,Net Banking,70000,No
2023-10-21 02:00:00,4216,Groceries,Card,100000,No
2023-11-01 13:00:00,4064,Groceries,Card,50000,No
2023-06-26 15:00:00,4229,Transport,Net Banking,50000,No
2023-07-04 12:00:00,2306,Entertainment,Card,100000,Yes
2024-02-05 11:00:00,4404,Entertainment,Cash,70000,No
2023-06-22 22:00:00,3360,Transport,Net Banking,70000,No
2024-02-01 18:00:00,981,Groceries,UPI,30000,Yes
2023-03-02 06:00:00,2379,Transport,Cash,30000,Yes
2024-02-06 08:00:00,443,Entertainment,Card,50000,No
2023-09-27 12:00:00,2515,Transport,Cash,50000,No
2023-08-30 06:00:00,3327,Groceries,Net Banking,70000,No
2023-06-23 23:00:00,1979,Travel,Card,30000,No
2023-07-31 16:00:00,675,Food,Card,70000,No
2023-02-06 00:00:00,4707,Groceries,Net Banking,100000,No
2023-10-13 20:00:00,2929,Transport,UPI,50000,No
2023-12-27 23:00:00,3216,Groceries,Card,50000,No
2023-09-17 01:00:00,3472,Groceries,Card,70000,No
2023-08-25 08:00:00,2159,Entertainment,Card,30000,No
2023-03-04 14:00:00,1215,Transport,UPI,30000,No
2023-07-15 04:00:00,2831,Entertainment,Cash,100000,Yes
2023-02-28 18:00:00,1941,Transport,UPI,100000,No
2023-06-07 02:00:00,3232,Entertainment,Cash,100000,Yes
2023-07-14 03:00:00,1689,Entertainment,Card,70000,Yes
2023-06-16 17:00:00,831,Travel,Cash,50000,No
2023-05-26 03:00:00,4742,Groceries,Cash,70000,No
2023-07-10 02:00:00,2106,Travel,Cash,70000,Yes
2023-01-25 22:00:00,2373,Entertainment,Cash,30000,No
2024-01-18 15:00:00,2324,Travel,Card,100000,No
2023-05-07 17:00:00,2283,Groceries,Net Banking,50000,Yes
2023-12-07 00:00:00,2688,Groceries,UPI,100000,No
2023-09-24 07:00:00,3337,Entertainment,Cash,100000,No
2023-10-31 15:00:00,2530,Groceries,Card,100000,No
2023-01-03 18:00:00,2666,Travel,Card,50000,No
2023-12-05 11:00:00,405,Shopping,Card,30000,No
2023-04-25 14:00:00,4537,Groceries,Card,50000,No
2023-12-27 21:00:00,4724,Travel,Cash,50000,No
2024-02-18 04:00:00,3396,Travel,UPI,30000,No
2023-10-11 14:00:00,3572,Travel,Card,50000,No
2023-09-25 21:00:00,2517,Groceries,UPI,50000,No
2023-12-05 11:00:00,213,Shopping,UPI,70000,No
2023-03-09 23:00:00,3684,Entertainment,UPI,50000,No
2023-09-26 20:00:00,4783,Entertainment,Net Banking,70000,No
2023-02-02 06:00:00,3713,Groceries,Card,70000,No
2023-09-12 11:00:00,3304,Groceries,Card,70000,No
2023-11-22 04:00:00,3431,Food,Card,100000,Yes
2024-02-08 06:00:00,2114,Transport,UPI,30000,No
2023-06-17 11:00:00,4315,Shopping,Card,100000,No
2023-02-08 17:00:00,4034,Travel,Card,30000,No
2023-05-06 12:00:00,3937,Transport,UPI,50000,No
2023-07-29 08:00:00,389,Travel,Card,70000,No
2023-09-19 00:00:00,4871,Transport,Cash,100000,No
2023-11-29 05:00:00,3831,Entertainment,Net Banking,50000,Yes
2024-02-09 01:00:00,3640,Transport,Cash,100000,No
2023-07-17 01:00:00,1983,Groceries,Cash,50000,Yes
2023-11-28 17:00:00,1695,Shopping,Cash,100000,No
2023-04-28 11:00:00,4278,Entertainment,UPI,50000,No
2023-10-05 07:00:00,2737,Transport,Card,50000,No
2023-02-19 08:00:00,4968,Shopping,Cash,100000,No
2023-12-20 08:00:00,2176,Groceries,Cash,50000,No
2023-09-22 07:00:00,4491,Travel,Card,70000,No
2023-01-22 23:00:00,4754,Food,UPI,70000,No
2023-02-08 04:00:00,688,Shopping,Cash,70000,No
2024-02-17 12:00:00,1274,Travel,Card,70000,No
2023-05-29 22:00:00,3755,Shopping,Card,30000,No
2023-05-19 07:00:00,3960,Shopping,Net Banking,100000,Yes
2023-02-28 14:00:00,4295,Shopping,Cash,70000,No
2023-02-21 17:00:00,1599,Groceries,Cash,70000,No
2023-08-05 22:00:00,4195,Entertainment,Net Banking,70000,No
2023-10-30 01:00:00,1555,Shopping,Card,30000,No
2023-05-11 13:00:00,4480,Groceries,Card,100000,Yes
2023-02-03 06:00:00,1425,Food,Cash,50000,No
2023-03-05 11:00:00,717,Entertainment,Cash,30000,No
2023-10-28 09:00:00,2424,Groceries,Net Banking,70000,No
2023-07-25 08:00:00,4140,Food,Cash,70000,No
2023-05-01 08:00:00,1065,Entertainment,Cash,30000,No
2023-04-23 02:00:00,385,Groceries,UPI,100000,No
2023-06-20 11:00:00,4811,Food,Net Banking,100000,No
2023-10-31 10:00:00,130,Groceries,Card,50000,No
2024-01-29 01:00:00,2184,Food,Cash,30000,No
2023-09-18 09:00:00,1849,Shopping,Card,100000,No
2023-01-29 18:00:00,307,Shopping,Cash,30000,No
2023-12-30 07:00:00,234,Entertainment,UPI,100000,No
2023-03-04 07:00:00,172,Food,Net Banking,100000,No
2023-02-07 04:00:00,4750,Shopping,Net Banking,70000,No
2023-12-24 10:00:00,3564,Entertainment,Card,100000,No
2024-01-29 09:00:00,1444,Travel,UPI,100000,No
2023-09-02 17:00:00,2402,Shopping,Card,30000,No
2023-07-07 15:00:00,3269,Shopping,UPI,100000,No
2023-02-07 09:00:00,1358,Transport,Cash,100000,No
2023-01-30 14:00:00,3994,Groceries,Cash,30000,Yes
2023-06-03 23:00:00,1991,Travel,UPI,100000,No
2023-04-22 22:00:00,540,Food,Cash,30000,Yes
2023-10-27 12:00:00,1104,Entertainment,Net Banking,30000,No
2023-08-29 18:00:00,751,Travel,UPI,30000,No
2023-11-20 16:00:00,2984,Food,UPI,30000,No
2023-07-28 21:00:00,4745,Shopping,Card,70000,No
2023-07-08 00:00:00,1184,Transport,UPI,70000,Yes
2023-01-18 07:00:00,129,Entertainment,Card,70000,No
2024-02-07 15:00:00,885,Entertainment,UPI,70000,No
2023-06-24 04:00:00,701,Travel,Net Banking,30000,No
2023-06-27 14:00:00,466,Groceries,Net Banking,30000,No
2023-04-15 19:00:00,3730,Food,Net Banking,30000,Yes
2024-01-22 23:00:00,3916,Transport,Card,30000,No
2024-01-11 01:00:00,795,Transport,Card,70000,No
2023-08-24 00:00:00,2052,Travel,Cash,100000,No
2023-10-03 16:00:00,289,Groceries,Card,70000,No
2023-02-11 08:00:00,2943,Groceries,Card,30000,No
2024-01-30 17:00:00,1994,Groceries,Net Banking,30000,No
2023-07-02 02:00:00,905,Entertainment,UPI,100000,No
2023-03-15 21:00:00,3565,Food,Card,30000,No
2023-05-29 09:00:00,2696,Food,Cash,100000,No
2023-06-09 00:00:00,3244,Travel,UPI,30000,No
2023-10-04 09:00:00,4565,Shopping,Card,100000,No
2023-03-15 04:00:00,4854,Travel,UPI,50000,No
2023-04-09 21:00:00,2648,Food,UPI,50000,No
2023-04-18 08:00:00,1403,Entertainment,UPI,50000,No
2024-01-14 11:00:00,2085,Travel,UPI,50000,Yes
2023-06-24 08:00:00,2930,Shopping,UPI,30000,No
2024-01-06 19:00:00,729,Transport,Card,30000,No
2023-04-10 21:00:00,536,Travel,UPI,30000,Yes
2023-09-06 17:00:00,3670,Groceries,UPI,50000,Yes
2023-07-08 23:00:00,3700,Shopping,Cash,100000,No
2023-10-14 19:00:00,4768,Groceries,Cash,100000,No
2023-12-05 15:00:00,1488,Entertainment,UPI,50000,No
2024-01-18 00:00:00,4364,Food,Card,30000,No
2023-01-31 14:00:00,1534,Travel,Cash,50000,No
2023-01-27 08:00:00,740,Travel,Cash,70000,No
2023-06-27 20:00:00,1062,Groceries,UPI,100000,No
2023-06-20 19:00:00,4592,Groceries,Card,50000,No
2023-05-01 21:00:00,2397,Food,Net Banking,50000,No
2023-03-11 07:00:00,3758,Travel,Card,50000,Yes
2023-08-21 23:00:00,4520,Food,Cash,50000,No
2023-06-11 08:00:00,1972,Groceries,Cash,30000,No
2023-02-13 22:00:00,687,Transport,Cash,100000,No
2023-12-24 04:00:00,3058,Groceries,Cash,70000,No
2023-05-09 10:00:00,2283,Shopping,Cash,30000,No
2023-11-30 15:00:00,2175,Groceries,UPI,50000,No
2024-02-12 16:00:00,3507,Groceries,UPI,50000,No
2023-06-27 13:00:00,4339,Transport,UPI,50000,No
2023-04-10 13:00:00,3224,Food,Cash,50000,No
2023-05-29 01:00:00,3738,Shopping,UPI,100000,No
2023-08-03 02:00:00,1449,Shopping,Cash,50000,No
2024-01-27 15:00:00,2384,Travel,Card,70000,Yes
2023-01-23 16:00:00,1555,Transport,Net Banking,30000,No
2023-06-02 15:00:00,299,Entertainment,Card,100000,No
2023-04-04 07:00:00,585,Travel,Net Banking,50000,Yes
2023-06-07 05:00:00,3582,Travel,UPI,70000,Yes
2023-04-20 11:00:00,3599,Travel,Net Banking,30000,No
2023-10-03 18:00:00,507,Shopping,Card,30000,No
2023-10-10 12:00:00,2788,Food,Card,100000,No
2023-11-30 23:00:00,3419,Groceries,Net Banking,30000,No
2023-05-11 10:00:00,4185,Shopping,Card,50000,No
2023-01-05 00:00:00,3746,Groceries,UPI,50000,No
2023-06-10 18:00:00,3461,Groceries,Card,70000,No
2023-04-23 20:00:00,4119,Entertainment,Net Banking,70000,No
2023-08-13 21:00:00,3437,Travel,UPI,30000,No
2023-09-14 08:00:00,3235,Entertainment,Net Banking,100000,Yes
2023-01-20 00:00:00,3288,Travel,Cash,50000,No
2023-09-04 10:00:00,310,Shopping,Cash,30000,No
2023-07-02 00:00:00,1297,Groceries,UPI,100000,No
2023-06-20 08:00:00,3383,Entertainment,UPI,30000,No
2024-01-20 07:00:00,3372,Transport,Card,100000,No
2023-12-16 23:00:00,2623,Shopping,Net Banking,70000,No
2023-03-22 17:00:00,175,Shopping,Cash,50000,No
2023-02-17 18:00:00,1279,Transport,Card,70000,Yes
2023-08-03 16:00:00,3261,Travel,Cash,50000,Yes
2023-06-29 03:00:00,3183,Groceries,Card,100000,No
2023-12-05 06:00:00,1356,Travel,Card,100000,No
2023-12-26 18:00:00,2151,Travel,Cash,30000,Yes
2023-11-20 07:00:00,185,Shopping,Card,100000,No
2023-11-28 09:00:00,2427,Travel,Cash,100000,Yes
2023-07-19 08:00:00,1509,Food,UPI,30000,No
2024-01-12 00:00:00,4281,Transport,Net Banking,30000,No
2023-03-02 21:00:00,862,Transport,Card,50000,No
2023-02-18 07:00:00,901,Groceries,Cash,100000,No
2023-01-17 02:00:00,1794,Transport,Cash,30000,Yes
2023-10-27 16:00:00,1988,Travel,Net Banking,50000,No
2024-02-17 22:00:00,920,Travel,Net Banking,50000,Yes
2023-07-18 23:00:00,684,Entertainment,Net Banking,70000,No
2023-05-23 01:00:00,718,Groceries,Card,30000,No
2023-01-29 17:00:00,1343,Groceries,Cash,70000,No
2023-10-20 20:00:00,3138,Transport,Card,50000,Yes
2023-10-30 14:00:00,318,Travel,Card,100000,Yes
2023-08-25 00:00:00,910,Food,UPI,30000,No
2023-10-09 22:00:00,531,Entertainment,Net Banking,30000,No
2024-01-26 01:00:00,3340,Food,UPI,50000,Yes
2023-02-09 16:00:00,3440,Travel,UPI,30000,No
2023-09-13 22:00:00,1311,Groceries,Card,50000,Yes
2023-09-06 15:00:00,2382,Groceries,Card,30000,No
2023-10-28 05:00:00,152,Food,Cash,30000,No
2023-04-14 12:00:00,3844,Shopping,UPI,100000,Yes
2023-03-19 06:00:00,4937,Travel,Net Banking,50000,No
2023-05-15 15:00:00,4384,Groceries,UPI,70000,No
2023-04-19 05:00:00,2742,Transport,Cash,100000,No
2023-11-23 05:00:00,3721,Shopping,UPI,50000,No
2023-12-08 02:00:00,931,Groceries,UPI,30000,No
2023-06-15 23:00:00,2285,Transport,UPI,50000,No
2023-10-18 03:00:00,3084,Groceries,Cash,50000,No
2023-10-06 12:00:00,4939,Shopping,UPI,100000,No
2023-01-28 08:00:00,2627,Food,Card,50000,Yes
2023-11-19 15:00:00,725,Travel,UPI,30000,No
2023-10-12 23:00:00,2489,Shopping,Card,70000,No
2024-02-21 04:00:00,1731,Shopping,UPI,70000,No
2023-09-21 00:00:00,1326,Groceries,Card,30000,No
2023-11-27 18:00:00,4817,Transport,UPI,70000,Yes
2024-02-19 18:00:00,3297,Shopping,Net Banking,100000,No
2023-09-15 08:00:00,4984,Travel,Card,50000,No
2023-05-17 21:00:00,3698,Food,Net Banking,50000,No
2024-02-12 09:00:00,1362,Transport,Card,70000,Yes
2023-08-20 15:00:00,1123,Food,UPI,70000,No
2023-05-29 11:00:00,4149,Food,Cash,70000,Yes
2023-07-11 00:00:00,1704,Travel,UPI,100000,No
2023-07-20 17:00:00,3797,Groceries,Cash,50000,Yes
2023-07-30 01:00:00,4138,Transport,Net Banking,50000,Yes
2023-09-15 14:00:00,1943,Transport,Cash,30000,No
2023-12-01 10:00:00,1335,Travel,Cash,30000,Yes
2023-05-16 04:00:00,584,Transport,Cash,100000,No
2023-02-13 08:00:00,3497,Shopping,Cash,50000,No
2023-04-05 17:00:00,1429,Entertainment,Net Banking,50000,No
2023-06-01 05:00:00,695,Entertainment,Cash,30000,No
2023-03-30 02:00:00,73,Entertainment,UPI,30000,Yes
2023-11-03 20:00:00,4702,Food,Card,50000,Yes
2023-03-11 21:00:00,4501,Transport,Card,100000,No
2023-05-09 22:00:00,4720,Travel,UPI,70000,No
2024-01-18 22:00:00,4174,Transport,Net Banking,100000,No
2023-09-02 17:00:00,414,Travel,UPI,50000,No
2023-04-06 04:00:00,2705,Transport,UPI,70000,No
2023-07-30 12:00:00,458,Food,Cash,100000,No
2023-10-22 06:00:00,1364,Shopping,Cash,100000,No
2023-03-08 05:00:00,268,Entertainment,Net Banking,50000,No
2024-01-25 17:00:00,4753,Entertainment,Net Banking,30000,Yes
2023-04-16 00:00:00,1589,Transport,Card,100000,No
2023-07-13 16:00:00,3483,Food,Net Banking,100000,No
2023-08-27 17:00:00,1652,Entertainment,UPI,30000,No
2023-01-29 22:00:00,2754,Transport,Card,100000,Yes
2023-11-22 07:00:00,3698,Groceries,Card,100000,No
2023-06-03 11:00:00,1155,Transport,Cash,30000,No
2023-10-07 08:00:00,3461,Travel,Cash,50000,No
2023-11-04 00:00:00,2538,Entertainment,Card,50000,No
2023-03-24 03:00:00,666,Entertainment,Cash,50000,No
2024-02-08 23:00:00,4371,Groceries,Cash,70000,No
2023-12-02 15:00:00,2468,Shopping,Cash,50000,No
2023-06-25 18:00:00,77,Transport,Card,70000,No
2023-03-19 20:00:00,3105,Shopping,Card,70000,No
2023-03-11 15:00:00,65,Transport,Card,70000,No
2024-01-22 10:00:00,3398,Groceries,UPI,30000,No
2023-03-14 00:00:00,382,Shopping,Card,70000,No
2023-11-15 00:00:00,4628,Food,Cash,70000,Yes
2023-09-24 19:00:00,4711,Groceries,Card,30000,Yes
2023-09-11 20:00:00,2211,Transport,UPI,100000,No
2023-03-31 06:00:00,2135,Travel,Cash,100000,No
2024-01-25 04:00:00,4599,Travel,Net Banking,70000,No
2023-09-15 16:00:00,4003,Travel,Card,50000,No
2023-09-08 10:00:00,2839,Transport,Card,100000,No
2023-01-11 13:00:00,4311,Entertainment,Net Banking,50000,No
2023-06-20 22:00:00,2302,Groceries,Cash,30000,No
2023-05-28 14:00:00,294,Groceries,Card,100000,No
2023-04-26 15:00:00,1944,Shopping,UPI,30000,No
2023-11-16 22:00:00,1406,Groceries,Cash,70000,No
2023-09-16 20:00:00,992,Groceries,Card,100000,No
2023-07-13 05:00:00,3517,Shopping,Cash,70000,No
2023-09-09 10:00:00,3242,Groceries,Card,70000,No
2023-12-19 09:00:00,1795,Groceries,Net Banking,30000,No
2023-09-27 20:00:00,4555,Food,Card,100000,Yes
2023-05-12 04:00:00,2407,Transport,Cash,100000,No
2023-05-20 23:00:00,3929,Shopping,Card,100000,No
2023-02-11 20:00:00,3827,Food,Card,70000,No
2023-07-16 13:00:00,2165,Entertainment,Cash,100000,No
2023-05-17 07:00:00,2317,Shopping,Card,50000,No
2023-01-09 17:00:00,2317,Transport,Card,50000,No
2024-01-14 07:00:00,1546,Groceries,Cash,70000,No
2023-08-19 19:00:00,2846,Groceries,Net Banking,30000,Yes
2023-01-07 09:00:00,4531,Food,UPI,50000,No
2023-05-30 17:00:00,979,Food,UPI,30000,No
2023-12-25 14:00:00,3374,Entertainment,UPI,100000,Yes
2023-02-23 12:00:00,4550,Entertainment,UPI,50000,No
2023-05-12 04:00:00,4637,Transport,UPI,70000,No
2023-02-02 00:00:00,406,Groceries,UPI,70000,No
2024-01-18 06:00:00,4360,Travel,Cash,30000,No
2023-08-22 15:00:00,4114,Entertainment,Cash,70000,No
2023-05-14 10:00:00,3891,Groceries,Cash,30000,Yes
2023-04-27 03:00:00,3980,Entertainment,Card,30000,Yes
2023-04-03 02:00:00,4897,Shopping,Net Banking,50000,Yes
2024-01-20 14:00:00,876,Food,Net Banking,50000,Yes
2023-11-05 07:00:00,715,Groceries,UPI,70000,No
2023-09-22 02:00:00,2078,Entertainment,UPI,30000,No
2023-12-30 21:00:00,3741,Food,Cash,50000,Yes
2023-01-15 22:00:00,2632,Travel,Net Banking,100000,No
2023-02-05 09:00:00,603,Entertainment,Card,70000,Yes
2023-11-09 10:00:00,377,Groceries,Card,70000,No
2023-07-08 10:00:00,1238,Shopping,Cash,100000,No
2023-04-17 00:00:00,199,Food,UPI,100000,No
2023-03-18 07:00:00,4802,Food,Net Banking,100000,No
2023-03-03 08:00:00,2903,Shopping,Card,50000,No
2024-02-06 04:00:00,1986,Groceries,UPI,100000,No
2023-01-14 17:00:00,4438,Transport,Net Banking,70000,No
2023-09-01 19:00:00,2786,Travel,Card,50000,No
2023-10-21 00:00:00,1006,Transport,UPI,30000,No
2023-08-08 10:00:00,3298,Shopping,Card,100000,No
2023-07-01 10:00:00,465,Travel,UPI,70000,No
2023-09-26 03:00:00,3504,Groceries,UPI,100000,No
2023-11-29 10:00:00,2695,Entertainment,UPI,30000,No
2023-06-26 14:00:00,3824,Entertainment,Net Banking,50000,Yes
2023-09-12 16:00:00,134,Transport,Cash,30000,No
2023-07-16 18:00:00,1985,Groceries,UPI,50000,No
2023-02-27 20:00:00,1466,Travel,UPI,70000,No
2023-06-24 09:00:00,1120,Transport,Card,70000,No
2024-01-07 07:00:00,3462,Shopping,Card,70000,Yes
2023-05-15 19:00:00,1571,Transport,Net Banking,30000,No
2023-07-10 16:00:00,1551,Groceries,Cash,100000,Yes
2023-02-15 20:00:00,4141,Groceries,Card,100000,No
2024-01-05 08:00:00,2523,Entertainment,Net Banking,30000,No
2023-12-29 20:00:00,785,Shopping,Net Banking,100000,No
2023-04-16 12:00:00,2888,Entertainment,Net Banking,30000,Yes
2023-11-20 18:00:00,2612,Travel,UPI,100000,No
2023-06-02 22:00:00,3956,Travel,Cash,50000,Yes
2023-02-02 13:00:00,1322,Food,Cash,70000,No
2023-05-27 19:00:00,4886,Groceries,Cash,100000,No
2023-09-13 11:00:00,1912,Shopping,UPI,30000,No
2023-07-19 06:00:00,4276,Shopping,UPI,50000,No
2024-02-12 13:00:00,1813,Entertainment,Card,100000,No
2023-07-28 03:00:00,4468,Transport,Card,100000,No
2023-03-04 13:00:00,872,Transport,Card,30000,No
2023-05-09 08:00:00,592,Entertainment,Net Banking,50000,No
2024-01-22 04:00:00,2815,Transport,Cash,70000,Yes
2024-01-23 04:00:00,2128,Shopping,UPI,30000,No
2023-01-21 22:00:00,934,Entertainment,Card,100000,No
2024-02-02 03:00:00,4336,Transport,Net Banking,70000,No
2023-06-11 21:00:00,3699,Food,UPI,100000,No
2023-11-30 17:00:00,4560,Groceries,Net Banking,30000,No
2023-01-26 23:00:00,3621,Food,Net Banking,50000,No
2023-02-13 18:00:00,3983,Transport,Net Banking,70000,No
2023-11-04 17:00:00,3716,Travel,Cash,30000,No
2023-09-11 09:00:00,1771,Shopping,UPI,30000,No
2023-08-17 12:00:00,424,Food,UPI,70000,No
2023-06-07 04:00:00,607,Food,Net Banking,50000,Yes
2023-06-13 04:00:00,1330,Entertainment,Cash,100000,No
2023-06-17 10:00:00,3473,Entertainment,Net Banking,70000,No
2023-02-25 09:00:00,1178,Entertainment,Card,30000,No
2023-06-21 10:00:00,1410,Transport,UPI,70000,No
2023-05-21 07:00:00,3647,Travel,UPI,70000,No
2023-12-04 07:00:00,1150,Food,Cash,50000,No
2023-08-03 05:00:00,1584,Groceries,UPI,50000,Yes
2023-06-14 15:00:00,2675,Entertainment,UPI,100000,Yes
2023-07-31 20:00:00,4177,Travel,UPI,70000,No
2023-03-07 13:00:00,1681,Transport,Cash,50000,No
2023-04-20 18:00:00,107,Travel,Net Banking,50000,No
2023-04-26 08:00:00,1177,Entertainment,UPI,30000,No
2023-08-09 22:00:00,361,Shopping,Net Banking,50000,No
2023-09-18 10:00:00,3767,Food,Cash,70000,No
2023-02-20 11:00:00,2051,Entertainment,Net Banking,70000,No
2024-01-09 15:00:00,2787,Groceries,Card,30000,No
2023-09-06 03:00:00,3927,Food,UPI,30000,No
2023-02-18 08:00:00,2332,Travel,Cash,30000,No
2023-09-07 01:00:00,3233,Groceries,Cash,70000,No
2023-10-21 09:00:00,1481,Food,Net Banking,70000,No
2023-04-10 07:00:00,3175,Groceries,UPI,100000,No
2023-09-02 20:00:00,4947,Travel,Cash,50000,No
2023-05-28 12:00:00,4384,Entertainment,Card,30000,No
2023-07-13 03:00:00,1825,Groceries,Net Banking,50000,No
2023-02-15 15:00:00,1368,Entertainment,Card,50000,No
2023-09-03 21:00:00,4257,Travel,Card,100000,No
2023-12-09 07:00:00,3209,Travel,Net Banking,70000,No
2023-02-14 23:00:00,1378,Groceries,Card,50000,No
2023-12-15 18:00:00,4435,Groceries,Net Banking,30000,Yes
2023-04-29 15:00:00,4024,Travel,Net Banking,30000,No
2023-03-23 16:00:00,4727,Groceries,Cash,70000,No
2023-03-03 09:00:00,4515,Groceries,Cash,70000,No
2023-07-23 16:00:00,269,Groceries,Card,70000,Yes
2023-07-27 11:00:00,3352,Transport,Card,30000,No
2023-02-20 12:00:00,2916,Groceries,Card,70000,No
2023-08-26 09:00:00,1946,Food,Card,100000,No
2024-01-11 01:00:00,4494,Travel,Card,100000,No
2023-01-18 11:00:00,2352,Travel,Cash,30000,No
2023-06-02 11:00:00,4597,Shopping,Card,100000,Yes
2023-08-09 03:00:00,4234,Entertainment,Card,50000,No
2024-01-30 14:00:00,3776,Shopping,UPI,70000,Yes
2024-02-06 08:00:00,2092,Groceries,Net Banking,100000,No
2023-02-25 20:00:00,572,Groceries,Net Banking,70000,No
2023-08-03 01:00:00,2757,Food,Cash,100000,No
2023-08-05 05:00:00,3048,Food,Net Banking,70000,No
2023-02-26 17:00:00,3971,Food,Card,30000,Yes
2023-01-25 15:00:00,959,Food,Net Banking,50000,No
2023-01-22 22:00:00,4587,Food,Cash,70000,Yes
2023-11-24 07:00:00,4183,Food,Net Banking,50000,No
2023-02-23 20:00:00,1930,Food,Net Banking,70000,No
2023-03-10 22:00:00,3329,Food,UPI,30000,No
2023-01-08 19:00:00,4355,Transport,UPI,50000,No
2023-04-25 22:00:00,2610,Food,Card,100000,No
2023-12-30 08:00:00,3122,Travel,Net Banking,50000,No
2023-12-26 09:00:00,3876,Food,Card,70000,No
2023-09-25 23:00:00,4526,Entertainment,Net Banking,50000,No
2023-09-09 13:00:00,2925,Food,Card,30000,Yes
2024-02-21 12:00:00,2956,Transport,Card,50000,No
2023-12-20 22:00:00,4539,Groceries,Net Banking,50000,No
2023-06-24 06:00:00,4541,Transport,UPI,50000,Yes
2023-10-18 13:00:00,594,Transport,Cash,100000,No
2023-01-19 05:00:00,3147,Groceries,Card,50000,No
2023-02-04 16:00:00,3675,Food,Cash,70000,Yes
2024-01-10 12:00:00,3555,Food,Net Banking,70000,No
2023-12-31 15:00:00,1134,Groceries,Card,50000,No
2024-01-09 01:00:00,602,Entertainment,Net Banking,50000,No
2023-08-30 10:00:00,1203,Shopping,Card,100000,No
2023-05-29 22:00:00,3988,Travel,UPI,30000,No
2023-06-07 17:00:00,2295,Groceries,Card,70000,Yes
2023-08-06 12:00:00,1736,Food,Card,100000,No
2023-11-19 22:00:00,743,Travel,Card,70000,No
2023-10-12 02:00:00,3840,Food,Net Banking,70000,No
2023-01-29 12:00:00,547,Shopping,UPI,50000,No
2023-06-26 09:00:00,2145,Shopping,Net Banking,70000,No
2023-01-25 01:00:00,662,Groceries,Cash,30000,No
2023-11-30 15:00:00,4017,Travel,UPI,30000,No
2023-01-10 11:00:00,425,Transport,Card,30000,No
2023-04-08 00:00:00,855,Travel,Card,100000,Yes
2023-04-24 19:00:00,970,Transport,Card,30000,Yes
2024-01-11 19:00:00,3654,Shopping,Cash,30000,No
2023-01-18 22:00:00,1493,Food,Cash,70000,Yes
2024-01-21 15:00:00,1595,Transport,Card,100000,No
2023-03-13 05:00:00,1260,Transport,Card,50000,No
2023-08-29 22:00:00,2130,Groceries,Cash,100000,No
2023-02-21 10:00:00,4737,Entertainment,Net Banking,100000,Yes
2023-12-20 21:00:00,2198,Shopping,UPI,50000,No
2023-08-05 21:00:00,1558,Transport,UPI,50000,No
2023-03-01 04:00:00,963,Shopping,Cash,50000,No
2023-02-02 00:00:00,2830,Groceries,Cash,70000,No
2023-09-09 10:00:00,439,Food,Net Banking,70000,No
2024-02-04 20:00:00,4099,Travel,Card,70000,Yes
2023-12-26 19:00:00,4305,Shopping,Cash,30000,No
2023-05-10 08:00:00,3675,Groceries,Net Banking,50000,No
2023-07-01 11:00:00,1120,Groceries,Cash,70000,No
2023-05-18 17:00:00,4841,Groceries,Card,70000,No
2023-03-06 02:00:00,4903,Travel,Cash,100000,No
2023-02-25 11:00:00,2620,Shopping,Card,70000,No
2023-12-07 08:00:00,3787,Transport,Net Banking,50000,No
2023-10-17 03:00:00,2829,Groceries,UPI,50000,No
2023-12-11 05:00:00,388,Travel,Net Banking,30000,No
2023-08-20 14:00:00,2026,Food,UPI,30000,No
2023-09-05 16:00:00,3486,Entertainment,Net Banking,100000,No
2023-10-24 22:00:00,844,Shopping,UPI,30000,No
2023-01-21 00:00:00,1772,Travel,Net Banking,50000,No
2023-08-08 07:00:00,3269,Entertainment,Card,30000,No
2023-06-20 14:00:00,948,Entertainment,UPI,30000,Yes
2023-09-14 23:00:00,152,Travel,UPI,70000,Yes
2023-04-27 09:00:00,2909,Transport,Card,50000,No
2023-05-01 12:00:00,4238,Transport,Card,100000,No
2023-02-19 22:00:00,1497,Travel,UPI,30000,No
2023-11-30 19:00:00,4264,Travel,UPI,30000,No
2023-04-09 20:00:00,2082,Groceries,UPI,100000,No
2023-03-20 20:00:00,4082,Food,Cash,100000,No
2023-08-30 06:00:00,3110,Transport,Net Banking,50000,No
2023-03-20 11:00:00,1584,Groceries,Card,100000,No
2023-08-16 19:00:00,2897,Entertainment,Card,30000,No
2023-02-03 05:00:00,3259,Entertainment,Net Banking,50000,Yes
2023-12-09 01:00:00,4620,Entertainment,Card,50000,No
2023-12-10 03:00:00,3513,Travel,Card,100000,No
2023-01-07 10:00:00,484,Shopping,UPI,50000,No
2023-07-26 18:00:00,1307,Groceries,Card,30000,No
2023-06-20 00:00:00,104,Shopping,Cash,30000,No
2023-12-02 10:00:00,980,Food,Cash,30000,Yes
2023-09-05 19:00:00,2849,Food,UPI,50000,Yes
2024-02-05 17:00:00,361,Groceries,UPI,100000,No
2023-06-30 00:00:00,1006,Entertainment,Card,30000,No
2023-03-20 20:00:00,4133,Transport,UPI,70000,No
2024-01-14 17:00:00,4902,Food,UPI,100000,No
2023-05-23 16:00:00,2562,Shopping,Net Banking,50000,No
2024-01-29 18:00:00,1313,Shopping,UPI,30000,No
2023-03-25 23:00:00,2797,Transport,Cash,50000,No
2023-10-06 01:00:00,2832,Travel,Card,30000,Yes
2023-09-09 08:00:00,1143,Entertainment,UPI,50000,No
2023-07-21 09:00:00,2836,Travel,Net Banking,70000,Yes
2024-02-17 06:00:00,2865,Groceries,Card,50000,No
2024-01-13 17:00:00,3813,Food,Card,50000,No
2023-01-24 13:00:00,4085,Transport,Card,50000,No
2023-11-05 20:00:00,4889,Transport,Net Banking,30000,No
2023-03-26 02:00:00,2373,Transport,Cash,100000,Yes
2023-04-07 10:00:00,282,Travel,Net Banking,50000,No
2023-07-03 20:00:00,2151,Travel,Net Banking,100000,No
2023-06-11 19:00:00,4402,Groceries,Card,30000,No
2023-12-09 08:00:00,2078,Shopping,Net Banking,50000,No
2023-10-08 19:00:00,1979,Shopping,Card,30000,Yes
2024-01-24 17:00:00,1508,Groceries,UPI,100000,No
2023-11-26 06:00:00,1698,Transport,UPI,30000,Yes
2023-02-19 13:00:00,457,Shopping,Net Banking,30000,Yes
2023-10-26 04:00:00,3390,Groceries,Cash,100000,No
2023-11-02 22:00:00,2027,Shopping,Card,30000,No
2023-10-14 20:00:00,2463,Groceries,Net Banking,100000,No
2023-05-12 13:00:00,4987,Shopping,Net Banking,100000,No
2023-08-19 00:00:00,1810,Transport,Cash,50000,Yes
2023-03-14 13:00:00,3647,Travel,Card,50000,No
2023-06-03 16:00:00,1428,Travel,Net Banking,30000,No
2023-11-08 21:00:00,670,Transport,Cash,30000,No
2023-08-12 17:00:00,979,Shopping,Card,30000,No
2023-08-24 04:00:00,1024,Transport,UPI,70000,Yes
2024-01-14 17:00:00,4537,Groceries,Cash,70000,No
2023-06-17 15:00:00,4497,Travel,Net Banking,50000,No
2023-01-30 20:00:00,2903,Food,UPI,100000,No
2023-06-15 07:00:00,1739,Shopping,Card,70000,No
2023-11-06 07:00:00,4721,Food,Cash,70000,No
2023-09-26 18:00:00,4668,Food,UPI,100000,No
2023-05-14 23:00:00,775,Entertainment,UPI,30000,No
2023-11-23 01:00:00,211,Food,Net Banking,30000,No
2023-01-17 06:00:00,708,Food,UPI,70000,No
2024-02-17 03:00:00,2947,Transport,Net Banking,70000,No
2023-05-07 13:00:00,4669,Entertainment,Card,100000,No
2023-01-10 16:00:00,4149,Entertainment,Net Banking,100000,Yes
2023-05-11 11:00:00,2592,Entertainment,Cash,70000,No
2023-11-15 02:00:00,1628,Groceries,UPI,100000,Yes
2023-01-10 17:00:00,4044,Entertainment,Card,30000,Yes
2023-02-27 23:00:00,1124,Transport,Net Banking,50000,No
2024-01-29 15:00:00,3255,Groceries,Net Banking,70000,Yes
2023-02-07 01:00:00,4094,Shopping,Net Banking,50000,Yes
2023-11-26 06:00:00,3483,Groceries,Card,100000,No
2023-02-01 01:00:00,927,Shopping,Card,50000,No
2024-02-17 23:00:00,1141,Entertainment,Cash,70000,Yes
2023-01-18 19:00:00,3109,Entertainment,Card,100000,No
2023-01-31 11:00:00,1724,Shopping,Net Banking,50000,No
2023-02-03 07:00:00,1658,Travel,Card,30000,No
2023-09-29 03:00:00,2876,Transport,Net Banking,70000,No
2023-10-20 17:00:00,1267,Groceries,Cash,70000,No
2024-01-12 03:00:00,3102,Transport,Cash,70000,No
2023-11-14 16:00:00,363,Transport,Net Banking,70000,No
2023-12-13 22:00:00,779,Food,Card,100000,No
2023-08-13 07:00:00,4089,Entertainment,Card,30000,No
2023-09-16 15:00:00,433,Groceries,UPI,30000,No
2023-04-16 18:00:00,1862,Transport,Cash,50000,No
2023-06-04 22:00:00,2374,Groceries,Cash,70000,Yes
2023-12-10 00:00:00,3479,Transport,Net Banking,70000,No
2023-05-21 07:00:00,2795,Entertainment,UPI,50000,No
2023-07-28 16:00:00,1914,Transport,Card,100000,No
2023-08-06 21:00:00,3341,Shopping,Net Banking,30000,No
2023-11-04 20:00:00,4896,Entertainment,Card,70000,No
2023-04-11 15:00:00,277,Groceries,Card,50000,No
2023-10-26 19:00:00,2114,Travel,Card,30000,No
2023-05-03 21:00:00,61,Transport,UPI,50000,Yes
2023-06-27 13:00:00,1572,Shopping,Cash,50000,No
2023-08-03 09:00:00,741,Entertainment,Cash,100000,No
2023-05-25 10:00:00,3755,Food,Card,30000,No
2023-05-09 16:00:00,1789,Entertainment,UPI,70000,No
2023-02-16 11:00:00,1575,Groceries,Card,30000,Yes
2023-07-10 18:00:00,119,Groceries,Card,100000,No
2023-04-18 22:00:00,2298,Food,Net Banking,70000,No
2023-11-04 04:00:00,3173,Shopping,UPI,30000,No
2023-05-29 21:00:00,4774,Groceries,UPI,100000,Yes
2023-05-05 02:00:00,3380,Shopping,Cash,70000,Yes
2024-01-28 14:00:00,1337,Shopping,Cash,70000,No
2023-11-01 17:00:00,625,Entertainment,Card,50000,Yes
2023-10-20 14:00:00,2222,Shopping,Net Banking,50000,No
2023-07-27 07:00:00,794,Transport,Net Banking,100000,Yes
2023-07-25 05:00:00,2577,Groceries,Net Banking,70000,No
2023-12-02 07:00:00,3123,Groceries,Card,30000,No
2023-12-04 02:00:00,4260,Travel,Cash,70000,No
2023-12-02 11:00:00,4626,Shopping,UPI,100000,No
2023-08-09 12:00:00,1074,Travel,Card,30000,No
2023-10-04 21:00:00,991,Entertainment,Net Banking,70000,No
2023-08-14 03:00:00,817,Travel,Net Banking,30000,Yes
2023-05-23 22:00:00,2488,Shopping,Card,50000,Yes
2023-03-25 03:00:00,883,Groceries,Net Banking,30000,No
2023-09-09 06:00:00,2240,Entertainment,UPI,50000,Yes
2023-06-12 03:00:00,677,Shopping,Card,30000,No
2023-10-25 17:00:00,426,Entertainment,UPI,50000,No
2023-12-21 02:00:00,3936,Food,Cash,100000,No
2024-02-03 02:00:00,139,Shopping,Net Banking,30000,No
2023-03-29 14:00:00,2905,Food,Net Banking,70000,No
2023-05-07 06:00:00,1115,Travel,Cash,100000,Yes
2023-12-22 04:00:00,1108,Shopping,Cash,100000,Yes
2023-12-04 19:00:00,3109,Food,Cash,30000,No
2023-01-11 02:00:00,4122,Transport,Net Banking,100000,No
2023-03-20 12:00:00,2650,Groceries,Cash,50000,No
2023-11-30 23:00:00,4269,Travel,Card,50000,No
2024-02-06 00:00:00,2154,Shopping,Cash,30000,No
2023-10-09 03:00:00,2903,Shopping,Card,100000,No
2023-12-20 22:00:00,2705,Groceries,Card,70000,No
2023-06-30 10:00:00,1565,Groceries,UPI,30000,No
2023-11-24 15:00:00,3067,Food,Card,30000,No
2023-05-10 13:00:00,4197,Food,Card,100000,No
2023-04-02 02:00:00,1623,Food,Cash,50000,No
2023-03-06 14:00:00,2586,Entertainment,Net Banking,100000,No
2024-02-21 00:00:00,3976,Travel,Cash,70000,No
2023-01-27 22:00:00,2102,Shopping,UPI,70000,Yes
2023-09-14 00:00:00,3846,Travel,UPI,70000,Yes
2023-07-14 00:00:00,681,Groceries,Net Banking,70000,No
2024-01-07 00:00:00,1911,Transport,Card,30000,No
2023-01-23 09:00:00,4002,Travel,UPI,70000,Yes
2023-10-01 20:00:00,1282,Travel,Net Banking,70000,No
2023-01-10 18:00:00,2314,Food,Cash,70000,No
2024-02-09 00:00:00,2097,Groceries,Cash,100000,No
2023-09-30 11:00:00,585,Travel,Cash,50000,No
2023-02-27 06:00:00,3583,Shopping,Card,50000,No
2023-03-21 13:00:00,4875,Food,Card,50000,Yes
2024-01-15 11:00:00,3147,Travel,Net Banking,70000,No
2023-10-28 18:00:00,1325,Groceries,UPI,100000,No
2023-01-04 08:00:00,3123,Transport,Cash,30000,Yes
2023-03-28 19:00:00,1075,Shopping,Card,100000,No
2023-03-12 10:00:00,2101,Transport,Card,30000,Yes
2023-02-01 12:00:00,3671,Groceries,UPI,100000,No
2023-04-22 06:00:00,4613,Groceries,Cash,50000,No
2023-06-06 07:00:00,250,Groceries,Cash,50000,Yes
2023-12-27 19:00:00,4453,Transport,UPI,70000,Yes
2023-08-08 05:00:00,3373,Entertainment,Net Banking,50000,No
2023-10-13 12:00:00,3408,Shopping,Net Banking,50000,Yes
2023-03-04 06:00:00,3021,Groceries,UPI,50000,Yes
2023-08-28 04:00:00,635,Entertainment,UPI,100000,Yes
2024-01-19 19:00:00,3395,Food,Net Banking,50000,No
2023-12-02 15:00:00,3904,Entertainment,UPI,30000,No
2023-02-07 13:00:00,4654,Food,Cash,70000,No
2023-01-29 00:00:00,3474,Transport,Net Banking,100000,No
2023-12-26 14:00:00,4150,Entertainment,Net Banking,30000,No
2023-01-19 12:00:00,409,Transport,Net Banking,100000,No
2024-01-17 13:00:00,3719,Groceries,Cash,50000,No
2023-12-27 15:00:00,4359,Entertainment,UPI,100000,Yes
2023-04-02 14:00:00,3527,Entertainment,Card,100000,No
2023-04-06 07:00:00,4708,Groceries,Card,70000,No
2023-06-17 00:00:00,2862,Food,Cash,100000,No
2024-01-15 08:00:00,94,Groceries,Cash,100000,No
2023-01-21 16:00:00,2800,Shopping,UPI,70000,No
2023-03-02 23:00:00,683,Entertainment,Card,100000,Yes
2023-10-12 12:00:00,1260,Shopping,Net Banking,100000,Yes
2023-06-27 05:00:00,1799,Groceries,Cash,30000,No
2023-01-21 13:00:00,3291,Transport,Card,30000,No
2023-07-31 01:00:00,2818,Groceries,Net Banking,100000,No
2023-08-15 06:00:00,643,Travel,Net Banking,100000,No
2023-03-01 10:00:00,1474,Shopping,UPI,50000,No
2024-02-16 20:00:00,1976,Travel,Cash,30000,No
2023-03-16 17:00:00,906,Shopping,Net Banking,50000,No
2023-04-24 11:00:00,601,Transport,Cash,100000,No
2023-01-28 10:00:00,4188,Travel,Card,50000,Yes
2023-07-18 09:00:00,2938,Travel,Card,50000,No
2023-11-14 22:00:00,4324,Shopping,Cash,70000,No
2023-12-31 05:00:00,1530,Groceries,Net Banking,70000,No
2024-01-04 02:00:00,656,Food,Net Banking,100000,No
2023-07-01 06:00:00,721,Groceries,Card,30000,No
2023-01-09 15:00:00,3365,Food,Net Banking,100000,No
2023-06-24 14:00:00,66,Shopping,Net Banking,30000,No
2023-03-20 11:00:00,2923,Entertainment,Card,70000,No
2023-05-01 06:00:00,2644,Groceries,UPI,30000,No
2023-01-20 21:00:00,2534,Travel,Card,50000,No
2024-01-09 01:00:00,665,Groceries,Cash,50000,No
2023-12-16 05:00:00,3255,Shopping,UPI,70000,No
2023-10-13 14:00:00,2899,Entertainment,Cash,100000,No
2023-02-01 11:00:00,4457,Entertainment,UPI,30000,No
2024-02-06 14:00:00,3857,Groceries,UPI,100000,No
2023-07-25 11:00:00,2122,Groceries,Card,30000,No
2024-02-15 15:00:00,574,Transport,Card,70000,Yes
2023-08-27 12:00:00,3223,Groceries,Cash,50000,No
2023-06-22 22:00:00,1523,Shopping,Card,50000,No
2023-06-19 04:00:00,2475,Food,UPI,30000,No
2023-07-18 13:00:00,3324,Transport,Card,100000,Yes
2023-05-31 12:00:00,3388,Food,Cash,70000,No
2023-10-01 01:00:00,2057,Travel,UPI,70000,No
2023-11-04 10:00:00,4607,Shopping,Cash,100000,Yes
2023-03-12 09:00:00,2462,Transport,Net Banking,50000,No
2023-02-24 20:00:00,2201,Entertainment,Card,100000,Yes
2023-10-25 02:00:00,3232,Transport,UPI,50000,No
2023-05-13 18:00:00,477,Travel,Cash,30000,No
2023-08-30 05:00:00,4614,Entertainment,Card,70000,No
2023-02-17 17:00:00,1064,Transport,Card,30000,No
2023-07-03 02:00:00,1654,Entertainment,Cash,100000,No
2023-11-27 22:00:00,919,Groceries,UPI,100000,No
2023-11-11 12:00:00,2777,Entertainment,Cash,30000,No
2023-01-24 08:00:00,2902,Transport,Card,100000,No
2023-03-21 16:00:00,935,Entertainment,Cash,100000,No
2023-03-19 16:00:00,2658,Shopping,Net Banking,100000,No
2023-01-13 08:00:00,1323,Groceries,Card,70000,Yes
2023-04-11 09:00:00,4476,Groceries,UPI,70000,No
2023-11-14 22:00:00,2005,Travel,Net Banking,50000,No
2023-03-02 21:00:00,636,Groceries,Cash,70000,No
2023-06-28 20:00:00,250,Food,UPI,30000,No
2023-04-05 12:00:00,4599,Shopping,Net Banking,30000,No
2023-02-11 10:00:00,3667,Travel,Cash,70000,No
2023-10-01 02:00:00,875,Food,Net Banking,30000,No
2023-01-01 07:00:00,160,Entertainment,Card,100000,No
2023-04-15 19:00:00,2961,Food,UPI,70000,No
2023-03-01 01:00:00,3949,Travel,Net Banking,50000,No
2023-04-07 12:00:00,957,Groceries,Card,50000,No
2023-11-03 14:00:00,3765,Shopping,Cash,70000,No
2023-06-13 20:00:00,3739,Travel,Card,30000,No
2023-09-16 12:00:00,604,Food,Cash,70000,No
2023-02-23 15:00:00,1953,Food,UPI,70000,No
2023-02-16 14:00:00,156,Travel,Card,50000,No
2023-12-31 08:00:00,3386,Transport,Card,100000,No
2023-11-15 05:00:00,2584,Transport,Cash,100000,No
2023-01-28 12:00:00,2276,Travel,Net Banking,70000,No
2024-01-07 03:00:00,3343,Transport,Cash,50000,Yes
2023-10-16 10:00:00,1443,Travel,Net Banking,50000,No
2023-12-04 16:00:00,2734,Groceries,Cash,70000,No
2023-09-22 01:00:00,2885,Travel,UPI,70000,No
2023-04-16 09:00:00,216,Entertainment,Net Banking,70000,No
2023-06-15 10:00:00,2760,Shopping,Card,100000,No
2023-05-22 23:00:00,3674,Shopping,Net Banking,70000,No
2024-02-07 02:00:00,2397,Entertainment,Cash,50000,Yes
2024-01-12 22:00:00,1454,Food,Cash,70000,No
2023-11-06 00:00:00,1575,Food,Net Banking,50000,No
2023-07-18 08:00:00,4459,Food,Card,50000,No
2023-03-21 01:00:00,4961,Food,UPI,30000,No
2023-09-23 04:00:00,4888,Groceries,Card,50000,No
2023-12-19 16:00:00,2824,Entertainment,Net Banking,30000,No
2023-06-20 07:00:00,875,Shopping,Cash,70000,Yes
2024-01-30 08:00:00,1174,Entertainment,Card,30000,No
2023-07-02 06:00:00,618,Shopping,Cash,100000,No
2023-11-13 23:00:00,2008,Food,Cash,100000,No
2023-06-17 11:00:00,3789,Groceries,Card,100000,No
2023-02-03 23:00:00,2159,Travel,Net Banking,70000,No
2023-10-30 07:00:00,4514,Travel,Card,50000,No
2023-02-08 10:00:00,4239,Transport,UPI,100000,No
2023-07-22 19:00:00,4144,Food,Cash,30000,No
2023-02-22 16:00:00,2980,Food,Cash,70000,No
2023-06-05 04:00:00,813,Entertainment,Net Banking,70000,No
2023-04-24 10:00:00,3410,Groceries,Cash,30000,Yes
2023-08-12 03:00:00,3500,Groceries,Cash,30000,No
2023-04-17 06:00:00,2197,Entertainment,Cash,70000,No
2023-08-10 15:00:00,3445,Groceries,Card,70000,No
2023-10-06 14:00:00,4474,Groceries,Cash,50000,No
2023-03-11 17:00:00,3769,Travel,Card,70000,No
2023-07-11 03:00:00,4851,Groceries,Net Banking,30000,No
2023-08-12 01:00:00,270,Food,UPI,70000,No
2023-10-13 17:00:00,1911,Travel,Cash,70000,No
2023-03-11 10:00:00,2664,Food,UPI,30000,No
2023-07-07 23:00:00,1071,Food,Card,50000,Yes
2023-09-15 04:00:00,159,Entertainment,Net Banking,70000,No
2023-02-27 16:00:00,4294,Transport,Net Banking,100000,Yes
2023-07-03 11:00:00,3898,Groceries,Card,100000,No
2023-06-14 18:00:00,748,Groceries,UPI,30000,No
2023-09-20 17:00:00,157,Groceries,Cash,30000,No
2023-12-10 20:00:00,438,Groceries,Card,30000,No
2023-10-29 14:00:00,474,Travel,Card,100000,No
2023-10-18 21:00:00,2544,Shopping,Card,30000,No
2023-09-09 02:00:00,3015,Food,Card,100000,No
2023-10-03 09:00:00,2753,Transport,Card,50000,Yes
2023-12-28 00:00:00,2049,Transport,Net Banking,30000,Yes
2023-02-09 22:00:00,3625,Shopping,Card,70000,No
2023-12-30 12:00:00,1577,Shopping,Net Banking,50000,Yes
2023-01-21 13:00:00,4103,Shopping,UPI,100000,No
2023-10-21 10:00:00,2076,Travel,Cash,30000,No
2023-01-04 09:00:00,2418,Shopping,Net Banking,70000,No
2023-10-19 15:00:00,2816,Travel,Cash,100000,No
2023-05-04 18:00:00,1905,Entertainment,Cash,50000,No
2023-01-01 11:00:00,496,Entertainment,Cash,70000,Yes
2023-11-23 00:00:00,1647,Transport,Net Banking,50000,No
2023-02-01 17:00:00,259,Entertainment,Net Banking,30000,No
2023-05-13 17:00:00,898,Travel,Net Banking,70000,Yes
2023-01-02 01:00:00,1701,Travel,UPI,30000,No
2023-03-17 06:00:00,1966,Food,Net Banking,100000,No
2023-10-05 03:00:00,3579,Shopping,UPI,100000,No
2023-08-25 00:00:00,1968,Groceries,Net Banking,50000,No
2023-08-03 18:00:00,626,Groceries,Net Banking,30000,No
2023-08-31 16:00:00,738,Shopping,Cash,30000,No
2023-06-02 11:00:00,839,Groceries,Card,70000,No
2023-03-05 13:00:00,1405,Groceries,Cash,100000,No
2023-02-01 16:00:00,1737,Groceries,Net Banking,30000,Yes
2023-01-25 18:00:00,399,Transport,Card,30000,No
2023-10-27 16:00:00,2767,Travel,Card,30000,No
2023-02-13 23:00:00,3589,Travel,UPI,100000,No
2023-05-09 11:00:00,4571,Travel,Card,100000,No
2023-06-03 03:00:00,4472,Shopping,UPI,100000,Yes
2024-02-07 02:00:00,1179,Entertainment,Cash,50000,No
2023-09-06 05:00:00,4400,Transport,UPI,100000,No
2023-08-07 23:00:00,4589,Transport,Net Banking,100000,Yes
2024-01-28 03:00:00,4258,Groceries,Card,100000,No
2023-06-26 04:00:00,4834,Food,Net Banking,70000,No
2023-06-24 05:00:00,1040,Travel,Card,70000,No
2024-02-08 19:00:00,1923,Transport,Card,30000,No
2023-03-18 06:00:00,4191,Transport,Cash,70000,No
2023-05-22 11:00:00,4902,Food,UPI,50000,No
2023-02-20 03:00:00,1426,Groceries,Cash,50000,No
2023-04-28 02:00:00,1276,Transport,UPI,30000,No
2023-05-09 20:00:00,613,Transport,Cash,30000,Yes
2023-05-07 20:00:00,2937,Entertainment,Cash,50000,Yes
2023-09-10 23:00:00,1390,Food,Card,50000,No
2023-10-31 00:00:00,3787,Groceries,Cash,50000,Yes
2023-07-14 17:00:00,1487,Groceries,Cash,30000,Yes
2023-05-27 10:00:00,144,Travel,UPI,50000,No
2024-02-21 06:00:00,3346,Entertainment,Cash,30000,No
2023-09-16 00:00:00,998,Groceries,Card,50000,No
2023-01-07 00:00:00,4698,Entertainment,Cash,50000,Yes
2023-11-09 19:00:00,2742,Travel,Net Banking,70000,No
2023-07-22 09:00:00,4211,Food,Net Banking,50000,No
2023-02-27 09:00:00,3331,Transport,UPI,30000,No
2023-05-12 02:00:00,1547,Transport,UPI,50000,No
2023-07-29 08:00:00,4810,Shopping,Net Banking,100000,No
2023-02-03 01:00:00,2781,Shopping,Cash,70000,No
2024-02-13 01:00:00,2793,Shopping,Cash,50000,No
2023-08-28 20:00:00,4325,Transport,UPI,50000,No
2023-07-03 22:00:00,2931,Entertainment,Card,100000,No
2023-02-16 06:00:00,251,Shopping,Cash,100000,Yes
2023-08-25 08:00:00,1548,Food,Net Banking,100000,No
2023-06-18 21:00:00,3136,Groceries,Card,100000,No
2023-06-14 01:00:00,3163,Entertainment,Card,100000,No
2023-06-15 03:00:00,2640,Transport,Cash,100000,No
2023-07-25 22:00:00,1998,Food,Card,50000,No
2023-09-03 17:00:00,3654,Transport,UPI,30000,No
2024-01-09 22:00:00,4013,Entertainment,Card,50000,No
2023-02-16 12:00:00,743,Entertainment,UPI,50000,No
2023-03-14 22:00:00,1769,Entertainment,Cash,50000,No
2023-06-17 19:00:00,3983,Travel,Card,70000,No
2023-08-28 09:00:00,3782,Groceries,Net Banking,30000,No
2023-07-31 00:00:00,2709,Shopping,Net Banking,30000,No
2024-02-08 07:00:00,1771,Travel,UPI,70000,No
2023-09-05 10:00:00,4101,Groceries,UPI,30000,No
2023-05-22 13:00:00,2341,Transport,Cash,70000,Yes
2023-12-11 09:00:00,4249,Shopping,Card,50000,No
2023-02-26 15:00:00,2748,Travel,UPI,30000,No
2024-01-22 19:00:00,3424,Travel,UPI,50000,Yes
2023-07-22 05:00:00,1060,Food,Cash,100000,No
2023-03-22 21:00:00,1091,Travel,Card,50000,No
2023-05-12 04:00:00,1607,Entertainment,Card,30000,No
2023-11-27 13:00:00,1257,Transport,UPI,50000,Yes
2024-01-29 04:00:00,1730,Travel,Card,50000,No
2023-02-23 13:00:00,3671,Entertainment,Card,70000,No
2023-09-27 18:00:00,3402,Groceries,Card,30000,No
2023-02-02 02:00:00,1728,Groceries,Net Banking,50000,Yes
2023-03-18 19:00:00,3646,Entertainment,Card,70000,No
2023-01-04 01:00:00,2795,Food,Net Banking,30000,No
2023-03-11 04:00:00,3595,Food,Card,100000,No
2023-07-01 05:00:00,3043,Groceries,Card,50000,No
2023-10-23 22:00:00,830,Transport,Card,50000,No
2023-11-30 08:00:00,995,Travel,UPI,50000,No
2024-01-11 11:00:00,3478,Groceries,UPI,50000,No
2023-06-09 02:00:00,3148,Groceries,Net Banking,50000,No
2023-01-14 19:00:00,597,Entertainment,Card,100000,Yes
2023-03-01 05:00:00,2257,Food,Net Banking,100000,No
2023-11-10 00:00:00,3034,Transport,Card,30000,No
2023-10-15 02:00:00,2640,Entertainment,Cash,30000,No
2023-07-25 11:00:00,2224,Groceries,Net Banking,70000,No
2024-02-16 19:00:00,1847,Shopping,UPI,70000,No
2023-09-09 01:00:00,1930,Travel,Cash,70000,No
2023-07-03 16:00:00,3106,Groceries,UPI,100000,Yes
2023-08-02 01:00:00,2307,Entertainment,Cash,30000,No
2023-12-17 19:00:00,2247,Shopping,Cash,30000,No
2023-05-01 01:00:00,80,Shopping,Cash,100000,Yes
2023-04-30 09:00:00,661,Groceries,Net Banking,30000,No
2023-04-18 07:00:00,4447,Transport,Net Banking,50000,No
2023-09-15 17:00:00,3060,Food,UPI,30000,No
2023-12-27 16:00:00,2962,Shopping,Net Banking,30000,No
2023-08-28 05:00:00,3852,Travel,UPI,50000,No
2023-01-12 13:00:00,2862,Entertainment,Card,70000,No
2023-01-03 17:00:00,732,Entertainment,UPI,70000,No
2023-06-27 14:00:00,306,Entertainment,UPI,70000,No
2023-08-26 16:00:00,989,Groceries,Net Banking,100000,Yes
2023-12-25 02:00:00,2944,Entertainment,UPI,50000,No
2023-11-29 21:00:00,3235,Entertainment,Net Banking,50000,No
2023-09-18 15:00:00,826,Travel,UPI,100000,No
2023-11-07 01:00:00,2782,Food,Card,50000,No
2023-07-15 12:00:00,781,Transport,Net Banking,30000,No
2023-07-04 03:00:00,2092,Groceries,Net Banking,70000,No
2023-11-28 16:00:00,1019,Groceries,Card,50000,No
2023-09-11 06:00:00,152,Entertainment,Net Banking,50000,No
2023-03-01 21:00:00,1133,Travel,UPI,70000,No
2023-12-26 04:00:00,4912,Shopping,Cash,100000,Yes
2023-10-21 00:00:00,3120,Entertainment,Net Banking,70000,No
2023-08-27 19:00:00,3798,Entertainment,Cash,100000,No
2023-05-21 18:00:00,421,Groceries,UPI,100000,No
2023-12-24 16:00:00,728,Groceries,Card,30000,No
2023-09-22 11:00:00,251,Entertainment,Net Banking,70000,No
2023-09-24 17:00:00,138,Groceries,Cash,50000,No
2023-10-04 05:00:00,2046,Travel,Card,100000,No
2023-07-09 05:00:00,4544,Shopping,Card,30000,No
2023-11-25 04:00:00,237,Shopping,Net Banking,70000,No
2023-12-22 13:00:00,4797,Shopping,Cash,100000,No
2023-12-13 20:00:00,1604,Entertainment,Net Banking,30000,No
2023-01-12 00:00:00,4732,Transport,UPI,50000,No
2024-02-16 13:00:00,279,Entertainment,Card,100000,Yes
2023-03-01 18:00:00,3602,Entertainment,Cash,100000,No
2023-08-10 23:00:00,104,Travel,Net Banking,50000,No
2023-08-01 09:00:00,4416,Shopping,Card,50000,No
2023-03-11 04:00:00,4081,Groceries,Net Banking,50000,Yes
2023-08-26 04:00:00,1173,Groceries,Cash,100000,No
2023-04-09 02:00:00,3190,Food,UPI,30000,No
2023-12-19 09:00:00,3420,Food,UPI,30000,No
2023-09-27 05:00:00,1602,Transport,UPI,50000,No
2024-01-24 16:00:00,165,Groceries,Net Banking,30000,No
2023-10-21 12:00:00,3663,Shopping,Card,50000,No
2023-08-18 01:00:00,4468,Entertainment,UPI,50000,No
2023-07-09 13:00:00,2660,Groceries,UPI,70000,No
2023-09-21 22:00:00,409,Transport,UPI,30000,No
2023-09-08 10:00:00,77,Transport,UPI,100000,No
2023-07-25 06:00:00,3887,Groceries,Cash,70000,No
2024-02-04 06:00:00,3583,Food,Cash,50000,No
2024-01-23 16:00:00,1468,Shopping,Card,70000,No
2023-09-10 17:00:00,4089,Groceries,Cash,50000,No
2023-04-01 19:00:00,2966,Entertainment,Cash,50000,No
2023-07-26 23:00:00,1344,Entertainment,Cash,50000,No
2023-01-27 10:00:00,3679,Travel,Net Banking,30000,No
2023-06-01 07:00:00,2125,Entertainment,Cash,50000,No
2024-02-04 15:00:00,4889,Groceries,Net Banking,50000,No
2023-07-14 21:00:00,3727,Groceries,Net Banking,30000,Yes
2023-04-03 10:00:00,3203,Entertainment,Cash,30000,Yes
2023-02-27 21:00:00,1828,Food,Net Banking,50000,No
2023-06-28 04:00:00,4725,Shopping,UPI,30000,No
2023-02-22 01:00:00,3944,Transport,Card,100000,No
